{
"type": "FeatureCollection",
"name": "IMOLA",
"crs": { "type": "name", "properties": { "name": "urn:ogc:def:crs:OGC:1.3:CRS84" } },
"features": [
{ "type": "Feature", "properties": { "CITY_NAME": "IMOLA", "strokeColor": "#B770CC", "RGB": "183, 112, 204" }, "geometry": { "type": "LineString", "coordinates": [ [ 11.717303155002979, 44.351456478223085 ], [ 11.717778169752314, 44.351438673334059 ] ] } },
{ "type": "Feature", "properties": { "CITY_NAME": "IMOLA", "strokeColor": "#B3B3B3", "RGB": "179, 179, 179" }, "geometry": { "type": "LineString", "coordinates": [ [ 11.703651763364958, 44.34855184554781 ], [ 11.703811789289725, 44.348474675596265 ], [ 11.70419124134418, 44.348310937846243 ], [ 11.704779708559984, 44.348073352776417 ], [ 11.705673116447757, 44.347711164589398 ], [ 11.706011522050183, 44.347563564229134 ], [ 11.706239760724706, 44.34745600821104 ] ] } },
{ "type": "Feature", "properties": { "CITY_NAME": "IMOLA", "strokeColor": "#B3B3B3", "RGB": "179, 179, 179" }, "geometry": { "type": "LineString", "coordinates": [ [ 11.719945521257969, 44.347617000680565 ], [ 11.72036969935337, 44.347097746835082 ] ] } },
{ "type": "Feature", "properties": { "CITY_NAME": "IMOLA", "strokeColor": "#70CC81", "RGB": "112, 204, 129" }, "geometry": { "type": "LineString", "coordinates": [ [ 11.712843777052399, 44.347091232006143 ], [ 11.712833084738385, 44.34792743800913 ] ] } },
{ "type": "Feature", "properties": { "CITY_NAME": "IMOLA", "strokeColor": "#B3B3B3", "RGB": "179, 179, 179" }, "geometry": { "type": "LineString", "coordinates": [ [ 11.703809741933412, 44.357541513643788 ], [ 11.703960119319643, 44.357798148510788 ], [ 11.703991340485455, 44.357846380915745 ], [ 11.704078147810591, 44.357971772150911 ], [ 11.704362167076166, 44.35841741570394 ] ] } },
{ "type": "Feature", "properties": { "CITY_NAME": "IMOLA", "strokeColor": "#B3B3B3", "RGB": "179, 179, 179" }, "geometry": { "type": "LineString", "coordinates": [ [ 11.7197335210072, 44.360781224097892 ], [ 11.719583858156783, 44.36059403644169 ] ] } },
{ "type": "Feature", "properties": { "CITY_NAME": "IMOLA", "strokeColor": "#B770CC", "RGB": "183, 112, 204" }, "geometry": { "type": "LineString", "coordinates": [ [ 11.71712172252999, 44.35032860265644 ], [ 11.717421170680186, 44.350352212796089 ], [ 11.717858771677198, 44.350373372577522 ], [ 11.718717451999092, 44.350374306236866 ], [ 11.719095435246439, 44.350374868748219 ] ] } },
{ "type": "Feature", "properties": { "CITY_NAME": "IMOLA", "strokeColor": "#70CC81", "RGB": "112, 204, 129" }, "geometry": { "type": "LineString", "coordinates": [ [ 11.712816973507358, 44.344949891546939 ], [ 11.712794460972768, 44.345328874878213 ], [ 11.712803105015293, 44.345550332619652 ], [ 11.712814005038505, 44.345829555804947 ] ] } },
{ "type": "Feature", "properties": { "CITY_NAME": "IMOLA", "strokeColor": "#70CC81", "RGB": "112, 204, 129" }, "geometry": { "type": "LineString", "coordinates": [ [ 11.7121444622595, 44.34425687282571 ], [ 11.711977415205078, 44.344313858059657 ], [ 11.711658898265291, 44.344286730779416 ], [ 11.711315144955652, 44.344201687078616 ], [ 11.711046857411853, 44.344168679016747 ], [ 11.710808389448193, 44.344189841825049 ], [ 11.710635326393957, 44.344237317951716 ], [ 11.710529465588648, 44.344300544431768 ] ] } },
{ "type": "Feature", "properties": { "CITY_NAME": "IMOLA", "strokeColor": "#B770CC", "RGB": "183, 112, 204" }, "geometry": { "type": "LineString", "coordinates": [ [ 11.706489665998761, 44.356506872086406 ], [ 11.70635485369162, 44.356559581729982 ], [ 11.705261385817339, 44.35696553899097 ] ] } },
{ "type": "Feature", "properties": { "CITY_NAME": "IMOLA", "strokeColor": "#B770CC", "RGB": "183, 112, 204" }, "geometry": { "type": "LineString", "coordinates": [ [ 11.707227640294407, 44.356218817183098 ], [ 11.706489665998761, 44.356506872086406 ] ] } },
{ "type": "Feature", "properties": { "CITY_NAME": "IMOLA", "strokeColor": "#B770CC", "RGB": "183, 112, 204" }, "geometry": { "type": "LineString", "coordinates": [ [ 11.711137520385835, 44.355396751417111 ], [ 11.71128511695032, 44.355344941505635 ], [ 11.711715091075419, 44.355187219609938 ], [ 11.712033689063766, 44.355069944853561 ] ] } },
{ "type": "Feature", "properties": { "CITY_NAME": "IMOLA", "strokeColor": "#B770CC", "RGB": "183, 112, 204" }, "geometry": { "type": "LineString", "coordinates": [ [ 11.718707376724062, 44.354951435156778 ], [ 11.71931568529549, 44.354782008600978 ], [ 11.719649367622395, 44.354668763620211 ], [ 11.719850372713749, 44.35450474406867 ], [ 11.719891987406209, 44.354387284392466 ] ] } },
{ "type": "Feature", "properties": { "CITY_NAME": "IMOLA", "strokeColor": "#B3B3B3", "RGB": "179, 179, 179" }, "geometry": { "type": "LineString", "coordinates": [ [ 11.737531985974396, 44.354311382922937 ], [ 11.737604405124292, 44.354284999289092 ], [ 11.737698119025632, 44.354270370131459 ], [ 11.7378146093924, 44.354285426555442 ] ] } },
{ "type": "Feature", "properties": { "CITY_NAME": "IMOLA", "strokeColor": "#B770CC", "RGB": "183, 112, 204" }, "geometry": { "type": "LineString", "coordinates": [ [ 11.710153945447114, 44.35506997975552 ], [ 11.709757580673287, 44.35456308939893 ] ] } },
{ "type": "Feature", "properties": { "CITY_NAME": "IMOLA", "strokeColor": "#B770CC", "RGB": "183, 112, 204" }, "geometry": { "type": "LineString", "coordinates": [ [ 11.709894183352061, 44.352500965916377 ], [ 11.71000470414824, 44.352439726171767 ] ] } },
{ "type": "Feature", "properties": { "CITY_NAME": "IMOLA", "strokeColor": "#B770CC", "RGB": "183, 112, 204" }, "geometry": { "type": "LineString", "coordinates": [ [ 11.720279456329804, 44.352367554754906 ], [ 11.71997403812426, 44.351770192283986 ] ] } },
{ "type": "Feature", "properties": { "CITY_NAME": "IMOLA", "strokeColor": "#B770CC", "RGB": "183, 112, 204" }, "geometry": { "type": "LineString", "coordinates": [ [ 11.720338219644439, 44.351697892013938 ], [ 11.71997403812426, 44.351770192283986 ] ] } },
{ "type": "Feature", "properties": { "CITY_NAME": "IMOLA", "strokeColor": "#B3B3B3", "RGB": "179, 179, 179" }, "geometry": { "type": "LineString", "coordinates": [ [ 11.634201487647788, 44.302916967271287 ], [ 11.634368456010135, 44.303045637811316 ], [ 11.634448562145423, 44.303074528203247 ] ] } },
{ "type": "Feature", "properties": { "CITY_NAME": "IMOLA", "strokeColor": "#B3B3B3", "RGB": "179, 179, 179" }, "geometry": { "type": "LineString", "coordinates": [ [ 11.725472700167156, 44.345413443580377 ], [ 11.724785574833673, 44.346467372362426 ] ] } },
{ "type": "Feature", "properties": { "CITY_NAME": "IMOLA", "strokeColor": "#B3B3B3", "RGB": "179, 179, 179" }, "geometry": { "type": "LineString", "coordinates": [ [ 11.738334037191171, 44.354592973553117 ], [ 11.7379878488548, 44.354617355494142 ] ] } },
{ "type": "Feature", "properties": { "CITY_NAME": "IMOLA", "strokeColor": "#B3B3B3", "RGB": "179, 179, 179" }, "geometry": { "type": "LineString", "coordinates": [ [ 11.730837020139289, 44.463156335757716 ], [ 11.730780701635878, 44.463097724331334 ], [ 11.730297588803923, 44.462518017715389 ], [ 11.729929936955168, 44.462072811412874 ], [ 11.729848831794859, 44.461929621723023 ] ] } },
{ "type": "Feature", "properties": { "CITY_NAME": "IMOLA", "strokeColor": "#B3B3B3", "RGB": "179, 179, 179" }, "geometry": { "type": "LineString", "coordinates": [ [ 11.634393922355159, 44.303110763236532 ], [ 11.634448562145423, 44.303074528203247 ] ] } },
{ "type": "Feature", "properties": { "CITY_NAME": "IMOLA", "strokeColor": "#70CC81", "RGB": "112, 204, 129" }, "geometry": { "type": "LineString", "coordinates": [ [ 11.710495277823352, 44.344542038657053 ], [ 11.710537996365494, 44.344622112643059 ], [ 11.71059491338916, 44.344665367704351 ], [ 11.710770141306954, 44.344699408487507 ], [ 11.711241314850771, 44.344735239692497 ], [ 11.711759683431227, 44.344780152294852 ], [ 11.712476927769524, 44.344769854757757 ], [ 11.712681175452621, 44.344772299328085 ], [ 11.712821309680738, 44.344798604891757 ] ] } },
{ "type": "Feature", "properties": { "CITY_NAME": "IMOLA", "strokeColor": "#B3B3B3", "RGB": "179, 179, 179" }, "geometry": { "type": "LineString", "coordinates": [ [ 11.662146753550847, 44.329917180563797 ], [ 11.662022127665622, 44.329803267382367 ] ] } },
{ "type": "Feature", "properties": { "CITY_NAME": "IMOLA", "strokeColor": "#B3B3B3", "RGB": "179, 179, 179" }, "geometry": { "type": "LineString", "coordinates": [ [ 11.735018147768118, 44.459993829044947 ], [ 11.734852674898592, 44.460005530151967 ], [ 11.734844152109906, 44.459823091902116 ], [ 11.734797758881758, 44.459684442163436 ], [ 11.734714007058399, 44.45955304067148 ], [ 11.734655681536045, 44.459479588959148 ], [ 11.734797234234234, 44.459419333342446 ] ] } },
{ "type": "Feature", "properties": { "CITY_NAME": "IMOLA", "strokeColor": "#B3B3B3", "RGB": "179, 179, 179" }, "geometry": { "type": "LineString", "coordinates": [ [ 11.735018147768118, 44.459993829044947 ], [ 11.735010168536853, 44.45990539529091 ], [ 11.734999699786481, 44.45981589767095 ], [ 11.734971464209748, 44.459722598188648 ], [ 11.734936041555633, 44.459635360406629 ], [ 11.734878379457303, 44.459534357629863 ], [ 11.734797234234234, 44.459419333342446 ] ] } },
{ "type": "Feature", "properties": { "CITY_NAME": "IMOLA", "strokeColor": "#B770CC", "RGB": "183, 112, 204" }, "geometry": { "type": "LineString", "coordinates": [ [ 11.708282558535446, 44.357616095058532 ], [ 11.708743190121394, 44.35745212570631 ] ] } },
{ "type": "Feature", "properties": { "CITY_NAME": "IMOLA", "strokeColor": "#B770CC", "RGB": "183, 112, 204" }, "geometry": { "type": "LineString", "coordinates": [ [ 11.720425722041025, 44.352643542605989 ], [ 11.720677227882224, 44.352546708809264 ] ] } },
{ "type": "Feature", "properties": { "CITY_NAME": "IMOLA", "strokeColor": "#B770CC", "RGB": "183, 112, 204" }, "geometry": { "type": "LineString", "coordinates": [ [ 11.708282558535446, 44.357616095058532 ], [ 11.707776631207409, 44.35696395242018 ] ] } },
{ "type": "Feature", "properties": { "CITY_NAME": "IMOLA", "strokeColor": "#B770CC", "RGB": "183, 112, 204" }, "geometry": { "type": "LineString", "coordinates": [ [ 11.716590771483867, 44.35427402921426 ], [ 11.71624239469806, 44.353845702257615 ] ] } },
{ "type": "Feature", "properties": { "CITY_NAME": "IMOLA", "strokeColor": "#B770CC", "RGB": "183, 112, 204" }, "geometry": { "type": "LineString", "coordinates": [ [ 11.718423077769371, 44.353503465086483 ], [ 11.717995298091109, 44.35303708678736 ], [ 11.717899676584429, 44.352936397945882 ], [ 11.717462100345141, 44.352410609712415 ] ] } },
{ "type": "Feature", "properties": { "CITY_NAME": "IMOLA", "strokeColor": "#B3B3B3", "RGB": "179, 179, 179" }, "geometry": { "type": "LineString", "coordinates": [ [ 11.718874052129147, 44.346000751339467 ], [ 11.718828106772454, 44.346054003909067 ], [ 11.719561578166841, 44.346352864323784 ] ] } },
{ "type": "Feature", "properties": { "CITY_NAME": "IMOLA", "strokeColor": "#B3B3B3", "RGB": "179, 179, 179" }, "geometry": { "type": "LineString", "coordinates": [ [ 11.719561578166841, 44.346352864323784 ], [ 11.720937904426032, 44.34691364041317 ] ] } },
{ "type": "Feature", "properties": { "CITY_NAME": "IMOLA", "strokeColor": "#B3B3B3", "RGB": "179, 179, 179" }, "geometry": { "type": "LineString", "coordinates": [ [ 11.701532273198545, 44.348657452064671 ], [ 11.701612952285281, 44.348726544256031 ], [ 11.701857009836095, 44.348972692310582 ], [ 11.70195626336886, 44.349054257177208 ] ] } },
{ "type": "Feature", "properties": { "CITY_NAME": "IMOLA", "strokeColor": "#B770CC", "RGB": "183, 112, 204" }, "geometry": { "type": "LineString", "coordinates": [ [ 11.709692147117986, 44.356449466984607 ], [ 11.709939220363491, 44.356792289601515 ] ] } },
{ "type": "Feature", "properties": { "CITY_NAME": "IMOLA", "strokeColor": "#B3B3B3", "RGB": "179, 179, 179" }, "geometry": { "type": "LineString", "coordinates": [ [ 11.683478119178229, 44.396356346448314 ], [ 11.683645322134979, 44.396519474123117 ], [ 11.684022200448263, 44.396869435089258 ], [ 11.684162764095122, 44.397002018500054 ], [ 11.684457884724488, 44.397299147329591 ], [ 11.684703433833104, 44.397554055747356 ], [ 11.685058448731825, 44.397905272894988 ], [ 11.685149319474267, 44.397974301219087 ] ] } },
{ "type": "Feature", "properties": { "CITY_NAME": "IMOLA", "strokeColor": "#B3B3B3", "RGB": "179, 179, 179" }, "geometry": { "type": "LineString", "coordinates": [ [ 11.701849579500376, 44.361077108016516 ], [ 11.70146230654651, 44.361008599199025 ] ] } },
{ "type": "Feature", "properties": { "CITY_NAME": "IMOLA", "strokeColor": "#B770CC", "RGB": "183, 112, 204" }, "geometry": { "type": "LineString", "coordinates": [ [ 11.715759056417724, 44.351803527445874 ], [ 11.715640266442787, 44.351761341088945 ], [ 11.715177084756325, 44.351732973263864 ], [ 11.714714872920094, 44.351691639990015 ] ] } },
{ "type": "Feature", "properties": { "CITY_NAME": "IMOLA", "strokeColor": "#70CC81", "RGB": "112, 204, 129" }, "geometry": { "type": "LineString", "coordinates": [ [ 11.715517273828528, 44.347678260922727 ], [ 11.715839639123114, 44.347680117821312 ] ] } },
{ "type": "Feature", "properties": { "CITY_NAME": "IMOLA", "strokeColor": "#B3B3B3", "RGB": "179, 179, 179" }, "geometry": { "type": "LineString", "coordinates": [ [ 11.720174871405225, 44.357130082234519 ], [ 11.720214241808497, 44.357103975998584 ], [ 11.720242233970978, 44.357060233639857 ] ] } },
{ "type": "Feature", "properties": { "CITY_NAME": "IMOLA", "strokeColor": "#B3B3B3", "RGB": "179, 179, 179" }, "geometry": { "type": "LineString", "coordinates": [ [ 11.706239760724706, 44.34745600821104 ], [ 11.706234915906933, 44.347409261224364 ], [ 11.706243737182064, 44.347368803620597 ] ] } },
{ "type": "Feature", "properties": { "CITY_NAME": "IMOLA", "strokeColor": "#B3B3B3", "RGB": "179, 179, 179" }, "geometry": { "type": "LineString", "coordinates": [ [ 11.695351259164763, 44.344255442502515 ], [ 11.695335301013095, 44.344241176401518 ], [ 11.695100458970421, 44.344125915867906 ], [ 11.695068375217211, 44.344093727038278 ], [ 11.694853418788247, 44.343984602665103 ] ] } },
{ "type": "Feature", "properties": { "CITY_NAME": "IMOLA", "strokeColor": "#B3B3B3", "RGB": "179, 179, 179" }, "geometry": { "type": "LineString", "coordinates": [ [ 11.700353834573111, 44.349989285612928 ], [ 11.700297286111542, 44.350035731522993 ], [ 11.700152215506904, 44.350111177939219 ] ] } },
{ "type": "Feature", "properties": { "CITY_NAME": "IMOLA", "strokeColor": "#B3B3B3", "RGB": "179, 179, 179" }, "geometry": { "type": "LineString", "coordinates": [ [ 11.729848831794859, 44.461929621723023 ], [ 11.729816823941542, 44.461831780284918 ], [ 11.729903614365945, 44.461720508573137 ] ] } },
{ "type": "Feature", "properties": { "CITY_NAME": "IMOLA", "strokeColor": "#B770CC", "RGB": "183, 112, 204" }, "geometry": { "type": "LineString", "coordinates": [ [ 11.711922942047455, 44.352017061581378 ], [ 11.712820537976604, 44.351729921296737 ], [ 11.71313317915315, 44.35172474184715 ] ] } },
{ "type": "Feature", "properties": { "CITY_NAME": "IMOLA", "strokeColor": "#70CC81", "RGB": "112, 204, 129" }, "geometry": { "type": "LineString", "coordinates": [ [ 11.71326519117328, 44.348231563707465 ], [ 11.712879853696988, 44.348578612891153 ] ] } },
{ "type": "Feature", "properties": { "CITY_NAME": "IMOLA", "strokeColor": "#B3B3B3", "RGB": "179, 179, 179" }, "geometry": { "type": "LineString", "coordinates": [ [ 11.720672959260575, 44.347906933688762 ], [ 11.720836035861991, 44.347973907753328 ] ] } },
{ "type": "Feature", "properties": { "CITY_NAME": "IMOLA", "strokeColor": "#B3B3B3", "RGB": "179, 179, 179" }, "geometry": { "type": "LineString", "coordinates": [ [ 11.704362167076166, 44.35841741570394 ], [ 11.704811791077788, 44.359070127099734 ] ] } },
{ "type": "Feature", "properties": { "CITY_NAME": "IMOLA", "strokeColor": "#B770CC", "RGB": "183, 112, 204" }, "geometry": { "type": "LineString", "coordinates": [ [ 11.718608349901197, 44.351387629539147 ], [ 11.718775665094824, 44.351378376823071 ] ] } },
{ "type": "Feature", "properties": { "CITY_NAME": "IMOLA", "strokeColor": "#B770CC", "RGB": "183, 112, 204" }, "geometry": { "type": "LineString", "coordinates": [ [ 11.718775665094824, 44.351378376823071 ], [ 11.718818973800593, 44.351359358707697 ], [ 11.71966752618642, 44.351256224615845 ] ] } },
{ "type": "Feature", "properties": { "CITY_NAME": "IMOLA", "strokeColor": "#B3B3B3", "RGB": "179, 179, 179" }, "geometry": { "type": "LineString", "coordinates": [ [ 11.718708209174615, 44.34738525852147 ], [ 11.719068410207766, 44.34726760238658 ], [ 11.719242735744556, 44.347316383658658 ] ] } },
{ "type": "Feature", "properties": { "CITY_NAME": "IMOLA", "strokeColor": "#B3B3B3", "RGB": "179, 179, 179" }, "geometry": { "type": "LineString", "coordinates": [ [ 11.719242735744556, 44.347316383658658 ], [ 11.719659305871918, 44.346818915700148 ] ] } },
{ "type": "Feature", "properties": { "CITY_NAME": "IMOLA", "strokeColor": "#B770CC", "RGB": "183, 112, 204" }, "geometry": { "type": "LineString", "coordinates": [ [ 11.709190606674044, 44.35827500447968 ], [ 11.709008586153328, 44.358213850694888 ], [ 11.708690331424876, 44.358057666048047 ], [ 11.708455799023733, 44.35791640367497 ] ] } },
{ "type": "Feature", "properties": { "CITY_NAME": "IMOLA", "strokeColor": "#B770CC", "RGB": "183, 112, 204" }, "geometry": { "type": "LineString", "coordinates": [ [ 11.712593216583079, 44.357252674826547 ], [ 11.710803382944148, 44.357945053380838 ] ] } },
{ "type": "Feature", "properties": { "CITY_NAME": "IMOLA", "strokeColor": "#B770CC", "RGB": "183, 112, 204" }, "geometry": { "type": "LineString", "coordinates": [ [ 11.719316234901532, 44.350660894981381 ], [ 11.719568741985453, 44.350590663481768 ] ] } },
{ "type": "Feature", "properties": { "CITY_NAME": "IMOLA", "strokeColor": "#B770CC", "RGB": "183, 112, 204" }, "geometry": { "type": "LineString", "coordinates": [ [ 11.714502659411764, 44.356434203613901 ], [ 11.712593216583079, 44.357252674826547 ] ] } },
{ "type": "Feature", "properties": { "CITY_NAME": "IMOLA", "strokeColor": "#B770CC", "RGB": "183, 112, 204" }, "geometry": { "type": "LineString", "coordinates": [ [ 11.706799449599691, 44.356942250521051 ], [ 11.706714859261908, 44.356832933522412 ], [ 11.70660926734489, 44.35668577283446 ], [ 11.706489665998761, 44.356506872086406 ] ] } },
{ "type": "Feature", "properties": { "CITY_NAME": "IMOLA", "strokeColor": "#B770CC", "RGB": "183, 112, 204" }, "geometry": { "type": "LineString", "coordinates": [ [ 11.714397237851415, 44.356292032702747 ], [ 11.714200743441154, 44.356088853584879 ] ] } },
{ "type": "Feature", "properties": { "CITY_NAME": "IMOLA", "strokeColor": "#B770CC", "RGB": "183, 112, 204" }, "geometry": { "type": "LineString", "coordinates": [ [ 11.713146913109883, 44.356412875423757 ], [ 11.714019679479044, 44.35601927830929 ], [ 11.714113485435497, 44.355989042152395 ] ] } },
{ "type": "Feature", "properties": { "CITY_NAME": "IMOLA", "strokeColor": "#B770CC", "RGB": "183, 112, 204" }, "geometry": { "type": "LineString", "coordinates": [ [ 11.709383926757406, 44.356057863774581 ], [ 11.709692147117986, 44.356449466984607 ] ] } },
{ "type": "Feature", "properties": { "CITY_NAME": "IMOLA", "strokeColor": "#B3B3B3", "RGB": "179, 179, 179" }, "geometry": { "type": "LineString", "coordinates": [ [ 11.700353834573111, 44.349989285612928 ], [ 11.700271470630556, 44.34999431305944 ], [ 11.699902419561926, 44.35001557850314 ], [ 11.699773174318171, 44.350007962850832 ], [ 11.69964605109951, 44.350046541119831 ] ] } },
{ "type": "Feature", "properties": { "CITY_NAME": "IMOLA", "strokeColor": "#B770CC", "RGB": "183, 112, 204" }, "geometry": { "type": "LineString", "coordinates": [ [ 11.716074437591315, 44.355895496097602 ], [ 11.715137701903021, 44.356226674501336 ], [ 11.714979037512618, 44.356278525788596 ] ] } },
{ "type": "Feature", "properties": { "CITY_NAME": "IMOLA", "strokeColor": "#B770CC", "RGB": "183, 112, 204" }, "geometry": { "type": "LineString", "coordinates": [ [ 11.708940522228964, 44.355540620471679 ], [ 11.709238073607034, 44.355888029081015 ], [ 11.709383926757406, 44.356057863774581 ] ] } },
{ "type": "Feature", "properties": { "CITY_NAME": "IMOLA", "strokeColor": "#B770CC", "RGB": "183, 112, 204" }, "geometry": { "type": "LineString", "coordinates": [ [ 11.719891987406209, 44.354387284392466 ], [ 11.719980935341212, 44.354350291902627 ], [ 11.720430503076214, 44.353884181185876 ] ] } },
{ "type": "Feature", "properties": { "CITY_NAME": "IMOLA", "strokeColor": "#B770CC", "RGB": "183, 112, 204" }, "geometry": { "type": "LineString", "coordinates": [ [ 11.708401535764798, 44.354157473413309 ], [ 11.708006216547144, 44.353662154763228 ] ] } },
{ "type": "Feature", "properties": { "CITY_NAME": "IMOLA", "strokeColor": "#B770CC", "RGB": "183, 112, 204" }, "geometry": { "type": "LineString", "coordinates": [ [ 11.720914214418245, 44.353294306555071 ], [ 11.721032456285361, 44.353126975905226 ] ] } },
{ "type": "Feature", "properties": { "CITY_NAME": "IMOLA", "strokeColor": "#B3B3B3", "RGB": "179, 179, 179" }, "geometry": { "type": "LineString", "coordinates": [ [ 11.703482333169774, 44.362611994461659 ], [ 11.703082343796606, 44.362087810945525 ] ] } },
{ "type": "Feature", "properties": { "CITY_NAME": "IMOLA", "strokeColor": "#B770CC", "RGB": "183, 112, 204" }, "geometry": { "type": "LineString", "coordinates": [ [ 11.717772613840362, 44.351886169288072 ], [ 11.718372241964095, 44.351912937148384 ], [ 11.718919574772679, 44.351963481362581 ] ] } },
{ "type": "Feature", "properties": { "CITY_NAME": "IMOLA", "strokeColor": "#B3B3B3", "RGB": "179, 179, 179" }, "geometry": { "type": "LineString", "coordinates": [ [ 11.702498071527426, 44.349052008501616 ], [ 11.702668798952587, 44.34898461490922 ], [ 11.702951302952661, 44.348849450324657 ], [ 11.70314529904673, 44.348768722941728 ], [ 11.703651763364958, 44.34855184554781 ] ] } },
{ "type": "Feature", "properties": { "CITY_NAME": "IMOLA", "strokeColor": "#B770CC", "RGB": "183, 112, 204" }, "geometry": { "type": "LineString", "coordinates": [ [ 11.710113562973024, 44.352450597894922 ], [ 11.710151045442588, 44.352404853712194 ], [ 11.710147172789895, 44.35236607195128 ], [ 11.710112353947528, 44.352334004564497 ] ] } },
{ "type": "Feature", "properties": { "CITY_NAME": "IMOLA", "strokeColor": "#B3B3B3", "RGB": "179, 179, 179" }, "geometry": { "type": "LineString", "coordinates": [ [ 11.725870457436441, 44.345594367094257 ], [ 11.7251863617712, 44.346564057706949 ], [ 11.724785574833673, 44.346467372362426 ] ] } },
{ "type": "Feature", "properties": { "CITY_NAME": "IMOLA", "strokeColor": "#B3B3B3", "RGB": "179, 179, 179" }, "geometry": { "type": "LineString", "coordinates": [ [ 11.722136135534777, 44.348491226863722 ], [ 11.722609359016737, 44.348687823528579 ] ] } },
{ "type": "Feature", "properties": { "CITY_NAME": "IMOLA", "strokeColor": "#B770CC", "RGB": "183, 112, 204" }, "geometry": { "type": "LineString", "coordinates": [ [ 11.710165329584902, 44.352199439062744 ], [ 11.710159899575499, 44.352280545591384 ], [ 11.710112353947528, 44.352334004564497 ], [ 11.710069965748563, 44.352318564842548 ], [ 11.710018135464484, 44.352324281491718 ], [ 11.709977674483726, 44.352350658591405 ], [ 11.709968990000311, 44.352388244042373 ], [ 11.71000470414824, 44.352439726171767 ] ] } },
{ "type": "Feature", "properties": { "CITY_NAME": "IMOLA", "strokeColor": "#B3B3B3", "RGB": "179, 179, 179" }, "geometry": { "type": "LineString", "coordinates": [ [ 11.712625878933494, 44.421971617783875 ], [ 11.712242733780005, 44.422111523227734 ] ] } },
{ "type": "Feature", "properties": { "CITY_NAME": "IMOLA", "strokeColor": "#B3B3B3", "RGB": "179, 179, 179" }, "geometry": { "type": "LineString", "coordinates": [ [ 11.712242733780005, 44.422111523227734 ], [ 11.711975605404582, 44.422210939880827 ], [ 11.711641576099604, 44.42227888590805 ], [ 11.711380862672119, 44.422318282196883 ], [ 11.710996782527451, 44.422337825245116 ], [ 11.710695408539326, 44.422368275647123 ], [ 11.710278274259011, 44.422484182174443 ], [ 11.709673409004763, 44.422663993921823 ], [ 11.709264647021133, 44.422743533525569 ], [ 11.708711960008587, 44.422846457035746 ], [ 11.708118842350586, 44.422958571872634 ] ] } },
{ "type": "Feature", "properties": { "CITY_NAME": "IMOLA", "strokeColor": "#B3B3B3", "RGB": "179, 179, 179" }, "geometry": { "type": "LineString", "coordinates": [ [ 11.661323967867073, 44.33009217735772 ], [ 11.661288759536781, 44.330037914918073 ], [ 11.660989743739638, 44.329754568948282 ] ] } },
{ "type": "Feature", "properties": { "CITY_NAME": "IMOLA", "strokeColor": "#B3B3B3", "RGB": "179, 179, 179" }, "geometry": { "type": "LineString", "coordinates": [ [ 11.690928395296147, 44.365987136292112 ], [ 11.691340854477506, 44.365306658376085 ], [ 11.691644800120779, 44.364790306650185 ] ] } },
{ "type": "Feature", "properties": { "CITY_NAME": "IMOLA", "strokeColor": "#B3B3B3", "RGB": "179, 179, 179" }, "geometry": { "type": "LineString", "coordinates": [ [ 11.661897404148318, 44.329689264511082 ], [ 11.66140087830621, 44.32979761387773 ], [ 11.661352104003667, 44.329817427275792 ], [ 11.661332297938131, 44.329850145906455 ], [ 11.661341150750303, 44.329888988024528 ], [ 11.661365853676541, 44.32991218112636 ], [ 11.661404117951252, 44.32992147558415 ], [ 11.661449316388305, 44.329927212514811 ], [ 11.662022127665622, 44.329803267382367 ] ] } },
{ "type": "Feature", "properties": { "CITY_NAME": "IMOLA", "strokeColor": "#B770CC", "RGB": "183, 112, 204" }, "geometry": { "type": "LineString", "coordinates": [ [ 11.718707376724062, 44.354951435156778 ], [ 11.718679215634758, 44.354903991847372 ], [ 11.718588312061758, 44.354767627841817 ] ] } },
{ "type": "Feature", "properties": { "CITY_NAME": "IMOLA", "strokeColor": "#B3B3B3", "RGB": "179, 179, 179" }, "geometry": { "type": "LineString", "coordinates": [ [ 11.701934609312582, 44.349292244356022 ], [ 11.701874132500253, 44.349229867362325 ] ] } },
{ "type": "Feature", "properties": { "CITY_NAME": "IMOLA", "strokeColor": "#B3B3B3", "RGB": "179, 179, 179" }, "geometry": { "type": "LineString", "coordinates": [ [ 11.701874132500253, 44.349229867362325 ], [ 11.701837439794497, 44.349192022426024 ], [ 11.701785637539198, 44.349174945188096 ], [ 11.701710372316803, 44.349202352050924 ], [ 11.701059936070227, 44.349494176046285 ] ] } },
{ "type": "Feature", "properties": { "CITY_NAME": "IMOLA", "strokeColor": "#B3B3B3", "RGB": "179, 179, 179" }, "geometry": { "type": "LineString", "coordinates": [ [ 11.713574741773728, 44.421744263714004 ], [ 11.713660238190206, 44.42179745673004 ], [ 11.713821781442526, 44.422013608507093 ], [ 11.714068158121327, 44.422301413097621 ], [ 11.714315607084911, 44.422611290385987 ] ] } },
{ "type": "Feature", "properties": { "CITY_NAME": "IMOLA", "strokeColor": "#70CC81", "RGB": "112, 204, 129" }, "geometry": { "type": "LineString", "coordinates": [ [ 11.719043331262998, 44.358677843043672 ], [ 11.718640357543702, 44.358834596511578 ] ] } },
{ "type": "Feature", "properties": { "CITY_NAME": "IMOLA", "strokeColor": "#B3B3B3", "RGB": "179, 179, 179" }, "geometry": { "type": "LineString", "coordinates": [ [ 11.767398215003631, 44.341076005127064 ], [ 11.767624467380749, 44.341258697580294 ] ] } },
{ "type": "Feature", "properties": { "CITY_NAME": "IMOLA", "strokeColor": "#B770CC", "RGB": "183, 112, 204" }, "geometry": { "type": "LineString", "coordinates": [ [ 11.720233822196953, 44.353504779827176 ], [ 11.72043311780609, 44.353422253782846 ], [ 11.720524619551064, 44.3533552812941 ], [ 11.720584852926764, 44.353279598481983 ], [ 11.720621632469241, 44.353204474677234 ], [ 11.720618182482964, 44.353129959557492 ], [ 11.720590163965715, 44.353017504743583 ], [ 11.720493988033482, 44.352780593287278 ], [ 11.720425722041025, 44.352643542605989 ] ] } },
{ "type": "Feature", "properties": { "CITY_NAME": "IMOLA", "strokeColor": "#B770CC", "RGB": "183, 112, 204" }, "geometry": { "type": "LineString", "coordinates": [ [ 11.720677227882224, 44.352546708809264 ], [ 11.72053920307045, 44.352258545850631 ], [ 11.720415566466919, 44.352010451156545 ], [ 11.720365980182967, 44.351852258880449 ], [ 11.720338219644439, 44.351697892013938 ] ] } },
{ "type": "Feature", "properties": { "CITY_NAME": "IMOLA", "strokeColor": "#70CC81", "RGB": "112, 204, 129" }, "geometry": { "type": "LineString", "coordinates": [ [ 11.715356128082453, 44.348242664966918 ], [ 11.714781411821438, 44.348243497782995 ] ] } },
{ "type": "Feature", "properties": { "CITY_NAME": "IMOLA", "strokeColor": "#B3B3B3", "RGB": "179, 179, 179" }, "geometry": { "type": "LineString", "coordinates": [ [ 11.727959403437371, 44.349479767131022 ], [ 11.728031780913554, 44.349467276345258 ], [ 11.728115495282079, 44.349382973588497 ], [ 11.728967908897596, 44.349428211040092 ], [ 11.72938469514607, 44.349455152929067 ] ] } },
{ "type": "Feature", "properties": { "CITY_NAME": "IMOLA", "strokeColor": "#B770CC", "RGB": "183, 112, 204" }, "geometry": { "type": "LineString", "coordinates": [ [ 11.709388696216685, 44.35702116539467 ], [ 11.709300342824289, 44.356881316938029 ], [ 11.709024907999856, 44.356520443141541 ], [ 11.708897998650672, 44.356362402993625 ] ] } },
{ "type": "Feature", "properties": { "CITY_NAME": "IMOLA", "strokeColor": "#B3B3B3", "RGB": "179, 179, 179" }, "geometry": { "type": "LineString", "coordinates": [ [ 11.683476549384812, 44.396269008012162 ], [ 11.683577471087245, 44.396185454647501 ], [ 11.683962286587102, 44.395951623505809 ] ] } },
{ "type": "Feature", "properties": { "CITY_NAME": "IMOLA", "strokeColor": "#B770CC", "RGB": "183, 112, 204" }, "geometry": { "type": "LineString", "coordinates": [ [ 11.712392134747393, 44.355571629894392 ], [ 11.712608101742671, 44.355849014239425 ] ] } },
{ "type": "Feature", "properties": { "CITY_NAME": "IMOLA", "strokeColor": "#B3B3B3", "RGB": "179, 179, 179" }, "geometry": { "type": "LineString", "coordinates": [ [ 11.683476549384812, 44.396269008012162 ], [ 11.683486226042254, 44.396277204301271 ], [ 11.683493796893043, 44.396286469199609 ], [ 11.683499040891272, 44.396296527021505 ], [ 11.683501800095852, 44.396307081691852 ], [ 11.683501992336973, 44.396317819149246 ], [ 11.683499614341896, 44.396328420776406 ], [ 11.683494733366295, 44.396338572599518 ], [ 11.683487497640225, 44.396347974045469 ], [ 11.683478119178229, 44.396356346448314 ] ] } },
{ "type": "Feature", "properties": { "CITY_NAME": "IMOLA", "strokeColor": "#B3B3B3", "RGB": "179, 179, 179" }, "geometry": { "type": "LineString", "coordinates": [ [ 11.702186406496679, 44.361166207910394 ], [ 11.701849579500376, 44.361077108016516 ] ] } },
{ "type": "Feature", "properties": { "CITY_NAME": "IMOLA", "strokeColor": "#B3B3B3", "RGB": "179, 179, 179" }, "geometry": { "type": "LineString", "coordinates": [ [ 11.718357627186359, 44.346059899864606 ], [ 11.71848235904579, 44.345992528274387 ], [ 11.718514900599992, 44.345898690329641 ], [ 11.718460439878374, 44.345796180658645 ] ] } },
{ "type": "Feature", "properties": { "CITY_NAME": "IMOLA", "strokeColor": "#B3B3B3", "RGB": "179, 179, 179" }, "geometry": { "type": "LineString", "coordinates": [ [ 11.667173767411075, 44.32879564669301 ], [ 11.667483948398187, 44.328925837151196 ] ] } },
{ "type": "Feature", "properties": { "CITY_NAME": "IMOLA", "strokeColor": "#B3B3B3", "RGB": "179, 179, 179" }, "geometry": { "type": "LineString", "coordinates": [ [ 11.690483577223954, 44.366746834826635 ], [ 11.69062077879919, 44.366556927059634 ], [ 11.690928395296147, 44.365987136292112 ] ] } },
{ "type": "Feature", "properties": { "CITY_NAME": "IMOLA", "strokeColor": "#70CC81", "RGB": "112, 204, 129" }, "geometry": { "type": "LineString", "coordinates": [ [ 11.715352472939189, 44.347675296266601 ], [ 11.715517273828528, 44.347678260922727 ] ] } },
{ "type": "Feature", "properties": { "CITY_NAME": "IMOLA", "strokeColor": "#70CC81", "RGB": "112, 204, 129" }, "geometry": { "type": "LineString", "coordinates": [ [ 11.715352472939189, 44.347675296266601 ], [ 11.715355015724505, 44.348053945872138 ], [ 11.715356128082453, 44.348242664966918 ] ] } },
{ "type": "Feature", "properties": { "CITY_NAME": "IMOLA", "strokeColor": "#B3B3B3", "RGB": "179, 179, 179" }, "geometry": { "type": "LineString", "coordinates": [ [ 11.720242233970978, 44.357060233639857 ], [ 11.720242312849017, 44.357015619755849 ], [ 11.720234679612304, 44.356989649716077 ], [ 11.720217765310158, 44.356948517041566 ] ] } },
{ "type": "Feature", "properties": { "CITY_NAME": "IMOLA", "strokeColor": "#B3B3B3", "RGB": "179, 179, 179" }, "geometry": { "type": "LineString", "coordinates": [ [ 11.720103829352796, 44.356895851284783 ], [ 11.720054567615833, 44.356897025238887 ], [ 11.720009873309609, 44.356904242777041 ], [ 11.719944614303383, 44.356930411298848 ], [ 11.719901628594389, 44.35697451087357 ], [ 11.719888413573655, 44.357013283534272 ] ] } },
{ "type": "Feature", "properties": { "CITY_NAME": "IMOLA", "strokeColor": "#B3B3B3", "RGB": "179, 179, 179" }, "geometry": { "type": "LineString", "coordinates": [ [ 11.671287590822123, 44.343968841924337 ], [ 11.671081053757989, 44.344103737684456 ], [ 11.670770195547142, 44.344296896357719 ] ] } },
{ "type": "Feature", "properties": { "CITY_NAME": "IMOLA", "strokeColor": "#B770CC", "RGB": "183, 112, 204" }, "geometry": { "type": "LineString", "coordinates": [ [ 11.704919242989112, 44.353465979370618 ], [ 11.70503280596294, 44.353452711726227 ], [ 11.705321051862667, 44.353421815108334 ] ] } },
{ "type": "Feature", "properties": { "CITY_NAME": "IMOLA", "strokeColor": "#B3B3B3", "RGB": "179, 179, 179" }, "geometry": { "type": "LineString", "coordinates": [ [ 11.693069607037657, 44.342609043201556 ], [ 11.693291911387719, 44.341847396902075 ] ] } },
{ "type": "Feature", "properties": { "CITY_NAME": "IMOLA", "strokeColor": "#B3B3B3", "RGB": "179, 179, 179" }, "geometry": { "type": "LineString", "coordinates": [ [ 11.700106163012389, 44.34956320422426 ], [ 11.700149454502382, 44.349453837824683 ], [ 11.700161785149927, 44.349327868189754 ], [ 11.700131089942444, 44.349185581636924 ], [ 11.700072417718868, 44.349091628074206 ], [ 11.699959846874552, 44.349007617243686 ], [ 11.699847872898848, 44.348936592108188 ], [ 11.699689027987899, 44.348897012819712 ], [ 11.699458582449516, 44.348876460513544 ], [ 11.699115498984469, 44.348901908619887 ], [ 11.699059153478856, 44.348595546978501 ] ] } },
{ "type": "Feature", "properties": { "CITY_NAME": "IMOLA", "strokeColor": "#B3B3B3", "RGB": "179, 179, 179" }, "geometry": { "type": "LineString", "coordinates": [ [ 11.712821309680738, 44.344798604891757 ], [ 11.713050957494843, 44.344763798632385 ], [ 11.714116219749057, 44.344723734084738 ] ] } },
{ "type": "Feature", "properties": { "CITY_NAME": "IMOLA", "strokeColor": "#B3B3B3", "RGB": "179, 179, 179" }, "geometry": { "type": "LineString", "coordinates": [ [ 11.710555235116159, 44.349500070477433 ], [ 11.710045582953777, 44.349800997312535 ], [ 11.709132298577051, 44.3492330726002 ] ] } },
{ "type": "Feature", "properties": { "CITY_NAME": "IMOLA", "strokeColor": "#70CC81", "RGB": "112, 204, 129" }, "geometry": { "type": "LineString", "coordinates": [ [ 11.71119774055148, 44.348241632089113 ], [ 11.712415764795207, 44.348232123654341 ] ] } },
{ "type": "Feature", "properties": { "CITY_NAME": "IMOLA", "strokeColor": "#B3B3B3", "RGB": "179, 179, 179" }, "geometry": { "type": "LineString", "coordinates": [ [ 11.721384968661557, 44.348194312107807 ], [ 11.721790917621956, 44.347713994062964 ] ] } },
{ "type": "Feature", "properties": { "CITY_NAME": "IMOLA", "strokeColor": "#B770CC", "RGB": "183, 112, 204" }, "geometry": { "type": "LineString", "coordinates": [ [ 11.718053759906038, 44.35141975118961 ], [ 11.718608349901197, 44.351387629539147 ] ] } },
{ "type": "Feature", "properties": { "CITY_NAME": "IMOLA", "strokeColor": "#B770CC", "RGB": "183, 112, 204" }, "geometry": { "type": "LineString", "coordinates": [ [ 11.714240707449651, 44.351629207651847 ], [ 11.713841833252367, 44.351516032777887 ], [ 11.713679864410603, 44.351444373401776 ] ] } },
{ "type": "Feature", "properties": { "CITY_NAME": "IMOLA", "strokeColor": "#B770CC", "RGB": "183, 112, 204" }, "geometry": { "type": "LineString", "coordinates": [ [ 11.71997403812426, 44.351770192283986 ], [ 11.719895209283438, 44.351634043870973 ], [ 11.71966752618642, 44.351256224615845 ] ] } },
{ "type": "Feature", "properties": { "CITY_NAME": "IMOLA", "strokeColor": "#B770CC", "RGB": "183, 112, 204" }, "geometry": { "type": "LineString", "coordinates": [ [ 11.714395669544636, 44.35133406968005 ], [ 11.714316524455027, 44.351555948394569 ], [ 11.71430149349653, 44.351621010130877 ] ] } },
{ "type": "Feature", "properties": { "CITY_NAME": "IMOLA", "strokeColor": "#B770CC", "RGB": "183, 112, 204" }, "geometry": { "type": "LineString", "coordinates": [ [ 11.71313317915315, 44.35172474184715 ], [ 11.712900753867466, 44.351259327220504 ] ] } },
{ "type": "Feature", "properties": { "CITY_NAME": "IMOLA", "strokeColor": "#B770CC", "RGB": "183, 112, 204" }, "geometry": { "type": "LineString", "coordinates": [ [ 11.71966752618642, 44.351256224615845 ], [ 11.719586849397299, 44.351124576352554 ], [ 11.719316234901532, 44.350660894981381 ] ] } },
{ "type": "Feature", "properties": { "CITY_NAME": "IMOLA", "strokeColor": "#B770CC", "RGB": "183, 112, 204" }, "geometry": { "type": "LineString", "coordinates": [ [ 11.706799449599691, 44.356942250521051 ], [ 11.70725926665008, 44.356756241733244 ], [ 11.707532873249811, 44.356642686276459 ] ] } },
{ "type": "Feature", "properties": { "CITY_NAME": "IMOLA", "strokeColor": "#70CC81", "RGB": "112, 204, 129" }, "geometry": { "type": "LineString", "coordinates": [ [ 11.717027200510584, 44.35709827503041 ], [ 11.716597548240523, 44.356523906532729 ] ] } },
{ "type": "Feature", "properties": { "CITY_NAME": "IMOLA", "strokeColor": "#B770CC", "RGB": "183, 112, 204" }, "geometry": { "type": "LineString", "coordinates": [ [ 11.714502659411764, 44.356434203613901 ], [ 11.714397237851415, 44.356292032702747 ] ] } },
{ "type": "Feature", "properties": { "CITY_NAME": "IMOLA", "strokeColor": "#B770CC", "RGB": "183, 112, 204" }, "geometry": { "type": "LineString", "coordinates": [ [ 11.714200743441154, 44.356088853584879 ], [ 11.714113485435497, 44.355989042152395 ] ] } },
{ "type": "Feature", "properties": { "CITY_NAME": "IMOLA", "strokeColor": "#B770CC", "RGB": "183, 112, 204" }, "geometry": { "type": "LineString", "coordinates": [ [ 11.709383926757406, 44.356057863774581 ], [ 11.711094539992294, 44.355400022976731 ], [ 11.711137520385835, 44.355396751417111 ] ] } },
{ "type": "Feature", "properties": { "CITY_NAME": "IMOLA", "strokeColor": "#B770CC", "RGB": "183, 112, 204" }, "geometry": { "type": "LineString", "coordinates": [ [ 11.716127168260366, 44.355216541804793 ], [ 11.716501242782059, 44.35506457578802 ] ] } },
{ "type": "Feature", "properties": { "CITY_NAME": "IMOLA", "strokeColor": "#B770CC", "RGB": "183, 112, 204" }, "geometry": { "type": "LineString", "coordinates": [ [ 11.708633255289694, 44.355067408191651 ], [ 11.708940522228964, 44.355540620471679 ] ] } },
{ "type": "Feature", "properties": { "CITY_NAME": "IMOLA", "strokeColor": "#B3B3B3", "RGB": "179, 179, 179" }, "geometry": { "type": "LineString", "coordinates": [ [ 11.685149319474267, 44.397974301219087 ], [ 11.685300110488859, 44.398262458841316 ], [ 11.685441573736949, 44.398607413826333 ] ] } },
{ "type": "Feature", "properties": { "CITY_NAME": "IMOLA", "strokeColor": "#B3B3B3", "RGB": "179, 179, 179" }, "geometry": { "type": "LineString", "coordinates": [ [ 11.68749718838745, 44.39755301123963 ], [ 11.687274189022007, 44.397327576617478 ], [ 11.687049121419168, 44.397108378669444 ], [ 11.686726685103196, 44.39682563219975 ], [ 11.686567225089794, 44.396748475983578 ] ] } },
{ "type": "Feature", "properties": { "CITY_NAME": "IMOLA", "strokeColor": "#B3B3B3", "RGB": "179, 179, 179" }, "geometry": { "type": "LineString", "coordinates": [ [ 11.686567225089794, 44.396748475983578 ], [ 11.686549053968198, 44.396653168480341 ], [ 11.686470902478073, 44.396507168020293 ], [ 11.686347068807487, 44.396343950159789 ], [ 11.686211604542073, 44.396165064865521 ], [ 11.685748252151932, 44.395587577101317 ], [ 11.685546881975149, 44.395372519701908 ] ] } },
{ "type": "Feature", "properties": { "CITY_NAME": "IMOLA", "strokeColor": "#B770CC", "RGB": "183, 112, 204" }, "geometry": { "type": "LineString", "coordinates": [ [ 11.713441690399696, 44.352479238353339 ], [ 11.714208911131681, 44.352095276142606 ] ] } },
{ "type": "Feature", "properties": { "CITY_NAME": "IMOLA", "strokeColor": "#70CC81", "RGB": "112, 204, 129" }, "geometry": { "type": "LineString", "coordinates": [ [ 11.712879853696988, 44.348578612891153 ], [ 11.712877973934763, 44.349051453222188 ] ] } },
{ "type": "Feature", "properties": { "CITY_NAME": "IMOLA", "strokeColor": "#B3B3B3", "RGB": "179, 179, 179" }, "geometry": { "type": "LineString", "coordinates": [ [ 11.721384968661557, 44.348194312107807 ], [ 11.722136135534777, 44.348491226863722 ] ] } },
{ "type": "Feature", "properties": { "CITY_NAME": "IMOLA", "strokeColor": "#B3B3B3", "RGB": "179, 179, 179" }, "geometry": { "type": "LineString", "coordinates": [ [ 11.700251993108699, 44.336090475519782 ], [ 11.700242318987959, 44.336142687064047 ], [ 11.700261709501413, 44.336214426675774 ], [ 11.700315553047067, 44.336247808925052 ], [ 11.700384281423183, 44.336254847213894 ] ] } },
{ "type": "Feature", "properties": { "CITY_NAME": "IMOLA", "strokeColor": "#B770CC", "RGB": "183, 112, 204" }, "geometry": { "type": "LineString", "coordinates": [ [ 11.717772613840362, 44.351886169288072 ], [ 11.717010493032022, 44.351852519817847 ], [ 11.716769840818099, 44.351837429264769 ] ] } },
{ "type": "Feature", "properties": { "CITY_NAME": "IMOLA", "strokeColor": "#B3B3B3", "RGB": "179, 179, 179" }, "geometry": { "type": "LineString", "coordinates": [ [ 11.634201487647788, 44.302916967271287 ], [ 11.634450735557419, 44.30275127258389 ], [ 11.634680350953575, 44.302668286253301 ], [ 11.634715889095201, 44.302704025417938 ], [ 11.634716153759777, 44.302757332915363 ], [ 11.634756679065182, 44.302809712044557 ], [ 11.634765487801195, 44.302864345602465 ] ] } },
{ "type": "Feature", "properties": { "CITY_NAME": "IMOLA", "strokeColor": "#B3B3B3", "RGB": "179, 179, 179" }, "geometry": { "type": "LineString", "coordinates": [ [ 11.779660849224031, 44.524807154641593 ], [ 11.780367273971823, 44.524681382972787 ], [ 11.780811086748106, 44.524571446087272 ] ] } },
{ "type": "Feature", "properties": { "CITY_NAME": "IMOLA", "strokeColor": "#B770CC", "RGB": "183, 112, 204" }, "geometry": { "type": "LineString", "coordinates": [ [ 11.716289721756684, 44.351661496024406 ], [ 11.715802874487435, 44.351563921102176 ] ] } },
{ "type": "Feature", "properties": { "CITY_NAME": "IMOLA", "strokeColor": "#B770CC", "RGB": "183, 112, 204" }, "geometry": { "type": "LineString", "coordinates": [ [ 11.71000470414824, 44.352439726171767 ], [ 11.710061663691047, 44.352454820851648 ], [ 11.710113562973024, 44.352450597894922 ] ] } },
{ "type": "Feature", "properties": { "CITY_NAME": "IMOLA", "strokeColor": "#B3B3B3", "RGB": "179, 179, 179" }, "geometry": { "type": "LineString", "coordinates": [ [ 11.738041256036567, 44.354412873393045 ], [ 11.737946438659002, 44.354344501854349 ], [ 11.737873118856619, 44.35431563159959 ], [ 11.7378146093924, 44.354285426555442 ] ] } },
{ "type": "Feature", "properties": { "CITY_NAME": "IMOLA", "strokeColor": "#B3B3B3", "RGB": "179, 179, 179" }, "geometry": { "type": "LineString", "coordinates": [ [ 11.7366300310513, 44.354110630654304 ], [ 11.737146741813538, 44.354287614468205 ] ] } },
{ "type": "Feature", "properties": { "CITY_NAME": "IMOLA", "strokeColor": "#B3B3B3", "RGB": "179, 179, 179" }, "geometry": { "type": "LineString", "coordinates": [ [ 11.715839639123114, 44.347680117821312 ], [ 11.715615860796548, 44.34777691600339 ], [ 11.715593003311163, 44.348536251091701 ], [ 11.715761576421539, 44.348650934877334 ] ] } },
{ "type": "Feature", "properties": { "CITY_NAME": "IMOLA", "strokeColor": "#B3B3B3", "RGB": "179, 179, 179" }, "geometry": { "type": "LineString", "coordinates": [ [ 11.709738685340998, 44.348853702998539 ], [ 11.709132298577051, 44.3492330726002 ] ] } },
{ "type": "Feature", "properties": { "CITY_NAME": "IMOLA", "strokeColor": "#B3B3B3", "RGB": "179, 179, 179" }, "geometry": { "type": "LineString", "coordinates": [ [ 11.710613418380182, 44.346223148891916 ], [ 11.711155025452921, 44.346208684985008 ], [ 11.711152694650627, 44.346076803686401 ], [ 11.711224693134612, 44.345970082195116 ], [ 11.711099627041687, 44.345983822786181 ], [ 11.710846800805475, 44.346034255155168 ], [ 11.710618770397232, 44.34609352306812 ], [ 11.710295264632752, 44.346200872463022 ] ] } },
{ "type": "Feature", "properties": { "CITY_NAME": "IMOLA", "strokeColor": "#B770CC", "RGB": "183, 112, 204" }, "geometry": { "type": "LineString", "coordinates": [ [ 11.71567489897769, 44.350503979647335 ], [ 11.71567084830177, 44.350111116557891 ] ] } },
{ "type": "Feature", "properties": { "CITY_NAME": "IMOLA", "strokeColor": "#B770CC", "RGB": "183, 112, 204" }, "geometry": { "type": "LineString", "coordinates": [ [ 11.714074349191028, 44.350811692901758 ], [ 11.714979338104408, 44.350372123014445 ], [ 11.71524965101951, 44.350256368545324 ], [ 11.71567084830177, 44.350111116557891 ] ] } },
{ "type": "Feature", "properties": { "CITY_NAME": "IMOLA", "strokeColor": "#B3B3B3", "RGB": "179, 179, 179" }, "geometry": { "type": "LineString", "coordinates": [ [ 11.700152215506904, 44.350111177939219 ], [ 11.699919559413088, 44.350234823168137 ], [ 11.699863293826139, 44.350287930483191 ] ] } },
{ "type": "Feature", "properties": { "CITY_NAME": "IMOLA", "strokeColor": "#B3B3B3", "RGB": "179, 179, 179" }, "geometry": { "type": "LineString", "coordinates": [ [ 11.706492434092889, 44.347491318978761 ], [ 11.706424387669836, 44.347521679929734 ], [ 11.706352174436676, 44.347519558796478 ] ] } },
{ "type": "Feature", "properties": { "CITY_NAME": "IMOLA", "strokeColor": "#B770CC", "RGB": "183, 112, 204" }, "geometry": { "type": "LineString", "coordinates": [ [ 11.708897998650672, 44.356362402993625 ], [ 11.70883463247716, 44.35628332359758 ], [ 11.708832410355809, 44.356281339020789 ], [ 11.708748728355754, 44.35617651592591 ] ] } },
{ "type": "Feature", "properties": { "CITY_NAME": "IMOLA", "strokeColor": "#B3B3B3", "RGB": "179, 179, 179" }, "geometry": { "type": "LineString", "coordinates": [ [ 11.720937904426032, 44.34691364041317 ], [ 11.721647488682123, 44.347202745958846 ], [ 11.721734088347889, 44.347260891164709 ], [ 11.721816239318649, 44.347271950147359 ], [ 11.721894363662896, 44.347304829548136 ], [ 11.721925182471118, 44.347371871567979 ], [ 11.722526049899852, 44.347565834246758 ], [ 11.72285275824059, 44.347691478399248 ], [ 11.723351323260063, 44.347830922323404 ], [ 11.723564764583642, 44.347887002068987 ], [ 11.723841890234231, 44.347944518171907 ], [ 11.724140836109513, 44.347986433282429 ], [ 11.724907911262177, 44.348046002230227 ], [ 11.72519937049147, 44.348095998575893 ], [ 11.725466663929232, 44.348187253579077 ], [ 11.726645550273792, 44.34876607714164 ], [ 11.727794597566561, 44.349315065247787 ], [ 11.727841240755302, 44.349363197175755 ], [ 11.727873298600485, 44.349401538808095 ], [ 11.727903341306538, 44.349439929492277 ], [ 11.727959403437371, 44.349479767131022 ] ] } },
{ "type": "Feature", "properties": { "CITY_NAME": "IMOLA", "strokeColor": "#70CC81", "RGB": "112, 204, 129" }, "geometry": { "type": "LineString", "coordinates": [ [ 11.717673236697582, 44.357891425061837 ], [ 11.71772264229072, 44.357952804001883 ] ] } },
{ "type": "Feature", "properties": { "CITY_NAME": "IMOLA", "strokeColor": "#B3B3B3", "RGB": "179, 179, 179" }, "geometry": { "type": "LineString", "coordinates": [ [ 11.781046370160208, 44.526828668829431 ], [ 11.781708894459362, 44.526788224623189 ], [ 11.781732551104524, 44.526972918326955 ], [ 11.781060835626915, 44.527010563610418 ] ] } },
{ "type": "Feature", "properties": { "CITY_NAME": "IMOLA", "strokeColor": "#B770CC", "RGB": "183, 112, 204" }, "geometry": { "type": "LineString", "coordinates": [ [ 11.714714872920094, 44.351691639990015 ], [ 11.714646751352639, 44.351693821928734 ], [ 11.714478298539404, 44.351662943540958 ], [ 11.71430149349653, 44.351621010130877 ] ] } },
{ "type": "Feature", "properties": { "CITY_NAME": "IMOLA", "strokeColor": "#B3B3B3", "RGB": "179, 179, 179" }, "geometry": { "type": "LineString", "coordinates": [ [ 11.695204778661715, 44.360961731601783 ], [ 11.695080587596289, 44.360960007829618 ], [ 11.694952473440686, 44.360990911422036 ], [ 11.694901570009417, 44.361008003942231 ], [ 11.69486317585983, 44.361020896626243 ], [ 11.694781626401817, 44.361078578409753 ], [ 11.694743222863291, 44.361131564818599 ], [ 11.694726806294478, 44.361154214278628 ] ] } },
{ "type": "Feature", "properties": { "CITY_NAME": "IMOLA", "strokeColor": "#B3B3B3", "RGB": "179, 179, 179" }, "geometry": { "type": "LineString", "coordinates": [ [ 11.695031689911506, 44.361484990115954 ], [ 11.695058455370141, 44.361485832789683 ], [ 11.695087137714051, 44.361483680910403 ], [ 11.695103231043616, 44.361481558894567 ], [ 11.695128005930734, 44.361478292004762 ], [ 11.695179010432206, 44.361469713555394 ], [ 11.69522179793093, 44.361461328210709 ], [ 11.695268218920782, 44.361442534550996 ], [ 11.695310465664518, 44.361422363898683 ], [ 11.695344701960224, 44.361406806318314 ], [ 11.695372370331267, 44.36138255596704 ], [ 11.695417372877973, 44.361332822839472 ] ] } },
{ "type": "Feature", "properties": { "CITY_NAME": "IMOLA", "strokeColor": "#B770CC", "RGB": "183, 112, 204" }, "geometry": { "type": "LineString", "coordinates": [ [ 11.70740315651762, 44.355516889289355 ], [ 11.706969417463993, 44.354867814582406 ] ] } },
{ "type": "Feature", "properties": { "CITY_NAME": "IMOLA", "strokeColor": "#B770CC", "RGB": "183, 112, 204" }, "geometry": { "type": "LineString", "coordinates": [ [ 11.704335061357314, 44.353685143890559 ], [ 11.704919242989112, 44.353465979370618 ] ] } },
{ "type": "Feature", "properties": { "CITY_NAME": "IMOLA", "strokeColor": "#B770CC", "RGB": "183, 112, 204" }, "geometry": { "type": "LineString", "coordinates": [ [ 11.705723555618059, 44.353964066890228 ], [ 11.706506313245427, 44.355043918873776 ], [ 11.706969417463993, 44.354867814582406 ] ] } },
{ "type": "Feature", "properties": { "CITY_NAME": "IMOLA", "strokeColor": "#B770CC", "RGB": "183, 112, 204" }, "geometry": { "type": "LineString", "coordinates": [ [ 11.719895248352399, 44.352864964694852 ], [ 11.720425722041025, 44.352643542605989 ] ] } },
{ "type": "Feature", "properties": { "CITY_NAME": "IMOLA", "strokeColor": "#B770CC", "RGB": "183, 112, 204" }, "geometry": { "type": "LineString", "coordinates": [ [ 11.707718418604372, 44.356027612241675 ], [ 11.70740315651762, 44.355516889289355 ] ] } },
{ "type": "Feature", "properties": { "CITY_NAME": "IMOLA", "strokeColor": "#B3B3B3", "RGB": "179, 179, 179" }, "geometry": { "type": "LineString", "coordinates": [ [ 11.737414394697192, 44.354604564725662 ], [ 11.737466570056668, 44.354641524471702 ], [ 11.73756376555151, 44.35470042524102 ] ] } },
{ "type": "Feature", "properties": { "CITY_NAME": "IMOLA", "strokeColor": "#B3B3B3", "RGB": "179, 179, 179" }, "geometry": { "type": "LineString", "coordinates": [ [ 11.675098137815215, 44.376433715978081 ], [ 11.675228041110421, 44.376590241367609 ], [ 11.675355454795021, 44.376743764944891 ], [ 11.675441294133073, 44.376847194221355 ] ] } },
{ "type": "Feature", "properties": { "CITY_NAME": "IMOLA", "strokeColor": "#B770CC", "RGB": "183, 112, 204" }, "geometry": { "type": "LineString", "coordinates": [ [ 11.715802874487435, 44.351563921102176 ], [ 11.715800350895588, 44.351375088932706 ] ] } },
{ "type": "Feature", "properties": { "CITY_NAME": "IMOLA", "strokeColor": "#B3B3B3", "RGB": "179, 179, 179" }, "geometry": { "type": "LineString", "coordinates": [ [ 11.767487401967983, 44.341035741378164 ], [ 11.767805534604499, 44.341404900766385 ] ] } },
{ "type": "Feature", "properties": { "CITY_NAME": "IMOLA", "strokeColor": "#B770CC", "RGB": "183, 112, 204" }, "geometry": { "type": "LineString", "coordinates": [ [ 11.714523849097105, 44.351902112946014 ], [ 11.714589841898604, 44.351853842807991 ], [ 11.714714872920094, 44.351691639990015 ] ] } },
{ "type": "Feature", "properties": { "CITY_NAME": "IMOLA", "strokeColor": "#B770CC", "RGB": "183, 112, 204" }, "geometry": { "type": "LineString", "coordinates": [ [ 11.714240707449651, 44.351629207651847 ], [ 11.71421716661659, 44.351679209439318 ], [ 11.713966292648731, 44.351821908002059 ], [ 11.713318032284118, 44.352110827800949 ] ] } },
{ "type": "Feature", "properties": { "CITY_NAME": "IMOLA", "strokeColor": "#B770CC", "RGB": "183, 112, 204" }, "geometry": { "type": "LineString", "coordinates": [ [ 11.717778169752314, 44.351438673334059 ], [ 11.718053759906038, 44.35141975118961 ] ] } },
{ "type": "Feature", "properties": { "CITY_NAME": "IMOLA", "strokeColor": "#B3B3B3", "RGB": "179, 179, 179" }, "geometry": { "type": "LineString", "coordinates": [ [ 11.719945521257969, 44.347617000680565 ], [ 11.720672959260575, 44.347906933688762 ] ] } },
{ "type": "Feature", "properties": { "CITY_NAME": "IMOLA", "strokeColor": "#B770CC", "RGB": "183, 112, 204" }, "geometry": { "type": "LineString", "coordinates": [ [ 11.709962229861768, 44.358186872877283 ], [ 11.709475069085977, 44.358239858653469 ] ] } },
{ "type": "Feature", "properties": { "CITY_NAME": "IMOLA", "strokeColor": "#B3B3B3", "RGB": "179, 179, 179" }, "geometry": { "type": "LineString", "coordinates": [ [ 11.720672959260575, 44.347906933688762 ], [ 11.721080502450008, 44.347400128369252 ] ] } },
{ "type": "Feature", "properties": { "CITY_NAME": "IMOLA", "strokeColor": "#B3B3B3", "RGB": "179, 179, 179" }, "geometry": { "type": "LineString", "coordinates": [ [ 11.674873502454108, 44.376725464896282 ], [ 11.674313568989772, 44.37602931571103 ], [ 11.673630247399283, 44.375186846077078 ], [ 11.673584711054531, 44.375132858544092 ] ] } },
{ "type": "Feature", "properties": { "CITY_NAME": "IMOLA", "strokeColor": "#B770CC", "RGB": "183, 112, 204" }, "geometry": { "type": "LineString", "coordinates": [ [ 11.709710141936513, 44.351456884637173 ], [ 11.709945470186504, 44.351331075490322 ], [ 11.710438702035995, 44.35117995621556 ], [ 11.710743365720363, 44.351170477705139 ] ] } },
{ "type": "Feature", "properties": { "CITY_NAME": "IMOLA", "strokeColor": "#70CC81", "RGB": "112, 204, 129" }, "geometry": { "type": "LineString", "coordinates": [ [ 11.712900753867466, 44.351259327220504 ], [ 11.712886524568733, 44.350458450898273 ] ] } },
{ "type": "Feature", "properties": { "CITY_NAME": "IMOLA", "strokeColor": "#B770CC", "RGB": "183, 112, 204" }, "geometry": { "type": "LineString", "coordinates": [ [ 11.716829397055806, 44.350678099906347 ], [ 11.717088845896164, 44.350684972654676 ], [ 11.717613640457328, 44.350727933826761 ], [ 11.718210794874224, 44.350762646927564 ], [ 11.718690451049866, 44.350681787040564 ] ] } },
{ "type": "Feature", "properties": { "CITY_NAME": "IMOLA", "strokeColor": "#B770CC", "RGB": "183, 112, 204" }, "geometry": { "type": "LineString", "coordinates": [ [ 11.719568741985453, 44.350590663481768 ], [ 11.719430593994995, 44.35039895529696 ] ] } },
{ "type": "Feature", "properties": { "CITY_NAME": "IMOLA", "strokeColor": "#B770CC", "RGB": "183, 112, 204" }, "geometry": { "type": "LineString", "coordinates": [ [ 11.707342590185471, 44.357420908655989 ], [ 11.707395777404493, 44.357329349936279 ], [ 11.707688175536047, 44.357051113799194 ], [ 11.707776631207409, 44.35696395242018 ] ] } },
{ "type": "Feature", "properties": { "CITY_NAME": "IMOLA", "strokeColor": "#B770CC", "RGB": "183, 112, 204" }, "geometry": { "type": "LineString", "coordinates": [ [ 11.714448595455584, 44.356000122043284 ], [ 11.714200743441154, 44.356088853584879 ] ] } },
{ "type": "Feature", "properties": { "CITY_NAME": "IMOLA", "strokeColor": "#B770CC", "RGB": "183, 112, 204" }, "geometry": { "type": "LineString", "coordinates": [ [ 11.714448595455584, 44.356000122043284 ], [ 11.714817774867365, 44.355871360012529 ], [ 11.714869361109988, 44.355839095300112 ], [ 11.71555688733223, 44.35561297988086 ] ] } },
{ "type": "Feature", "properties": { "CITY_NAME": "IMOLA", "strokeColor": "#70CC81", "RGB": "112, 204, 129" }, "geometry": { "type": "LineString", "coordinates": [ [ 11.710832454771605, 44.342323485544689 ], [ 11.710689481172711, 44.341978912197028 ], [ 11.710621833782923, 44.341662734188823 ] ] } },
{ "type": "Feature", "properties": { "CITY_NAME": "IMOLA", "strokeColor": "#B3B3B3", "RGB": "179, 179, 179" }, "geometry": { "type": "LineString", "coordinates": [ [ 11.711107216847969, 44.342722069721447 ], [ 11.712187573326702, 44.342446256079768 ], [ 11.712342914842418, 44.342395045750472 ], [ 11.712460091747024, 44.342338635606545 ], [ 11.712554115307364, 44.342253074688216 ], [ 11.71282337229739, 44.341836196330192 ], [ 11.713103729013095, 44.34154033099545 ], [ 11.713344785514394, 44.341361304787647 ], [ 11.713568830700444, 44.341238385052222 ], [ 11.713820774814529, 44.341122897710981 ], [ 11.713940409280312, 44.341071872457775 ] ] } },
{ "type": "Feature", "properties": { "CITY_NAME": "IMOLA", "strokeColor": "#B770CC", "RGB": "183, 112, 204" }, "geometry": { "type": "LineString", "coordinates": [ [ 11.712033689063766, 44.355069944853561 ], [ 11.712408018556204, 44.354905759621303 ], [ 11.712657520094645, 44.354806410980423 ] ] } },
{ "type": "Feature", "properties": { "CITY_NAME": "IMOLA", "strokeColor": "#B3B3B3", "RGB": "179, 179, 179" }, "geometry": { "type": "LineString", "coordinates": [ [ 11.738334037191171, 44.354592973553117 ], [ 11.738041256036567, 44.354412873393045 ] ] } },
{ "type": "Feature", "properties": { "CITY_NAME": "IMOLA", "strokeColor": "#B3B3B3", "RGB": "179, 179, 179" }, "geometry": { "type": "LineString", "coordinates": [ [ 11.675441294133073, 44.376847194221355 ], [ 11.675796677144163, 44.377275396757739 ], [ 11.67585967646402, 44.377814266548327 ], [ 11.675807766644366, 44.37797717352732 ] ] } },
{ "type": "Feature", "properties": { "CITY_NAME": "IMOLA", "strokeColor": "#B770CC", "RGB": "183, 112, 204" }, "geometry": { "type": "LineString", "coordinates": [ [ 11.71624239469806, 44.353845702257615 ], [ 11.716641041344865, 44.353671472487456 ] ] } },
{ "type": "Feature", "properties": { "CITY_NAME": "IMOLA", "strokeColor": "#B770CC", "RGB": "183, 112, 204" }, "geometry": { "type": "LineString", "coordinates": [ [ 11.71624239469806, 44.353845702257615 ], [ 11.715900919199427, 44.35341707855504 ], [ 11.715849692694192, 44.353374241776486 ] ] } },
{ "type": "Feature", "properties": { "CITY_NAME": "IMOLA", "strokeColor": "#B3B3B3", "RGB": "179, 179, 179" }, "geometry": { "type": "LineString", "coordinates": [ [ 11.653950781974393, 44.32426667599988 ], [ 11.654772882954358, 44.323864923816139 ] ] } },
{ "type": "Feature", "properties": { "CITY_NAME": "IMOLA", "strokeColor": "#70CC81", "RGB": "112, 204, 129" }, "geometry": { "type": "LineString", "coordinates": [ [ 11.715761576421539, 44.348650934877334 ], [ 11.716863839667031, 44.348697287864375 ], [ 11.716936664843626, 44.348699471493568 ] ] } },
{ "type": "Feature", "properties": { "CITY_NAME": "IMOLA", "strokeColor": "#B770CC", "RGB": "183, 112, 204" }, "geometry": { "type": "LineString", "coordinates": [ [ 11.716495120384101, 44.350232634307972 ], [ 11.716756698543263, 44.350264007539408 ], [ 11.71712172252999, 44.35032860265644 ] ] } },
{ "type": "Feature", "properties": { "CITY_NAME": "IMOLA", "strokeColor": "#B3B3B3", "RGB": "179, 179, 179" }, "geometry": { "type": "LineString", "coordinates": [ [ 11.706507959152621, 44.347364455447696 ], [ 11.706531418758082, 44.347409897671071 ], [ 11.706527845757048, 44.347448314171309 ], [ 11.706492434092889, 44.347491318978761 ] ] } },
{ "type": "Feature", "properties": { "CITY_NAME": "IMOLA", "strokeColor": "#B3B3B3", "RGB": "179, 179, 179" }, "geometry": { "type": "LineString", "coordinates": [ [ 11.739552941198262, 44.355800926179896 ], [ 11.738881360579471, 44.354882983121499 ], [ 11.738725015779261, 44.354769330379469 ], [ 11.738537659235565, 44.354665451198585 ], [ 11.738334037191171, 44.354592973553117 ] ] } },
{ "type": "Feature", "properties": { "CITY_NAME": "IMOLA", "strokeColor": "#B3B3B3", "RGB": "179, 179, 179" }, "geometry": { "type": "LineString", "coordinates": [ [ 11.737146741813538, 44.354287614468205 ], [ 11.737531985974396, 44.354311382922937 ] ] } },
{ "type": "Feature", "properties": { "CITY_NAME": "IMOLA", "strokeColor": "#B3B3B3", "RGB": "179, 179, 179" }, "geometry": { "type": "LineString", "coordinates": [ [ 11.712366663000696, 44.422257785936672 ], [ 11.712463235200802, 44.42207148175045 ], [ 11.712625878933494, 44.421971617783875 ] ] } },
{ "type": "Feature", "properties": { "CITY_NAME": "IMOLA", "strokeColor": "#B3B3B3", "RGB": "179, 179, 179" }, "geometry": { "type": "LineString", "coordinates": [ [ 11.661323967867073, 44.33009217735772 ], [ 11.662146753550847, 44.329917180563797 ] ] } },
{ "type": "Feature", "properties": { "CITY_NAME": "IMOLA", "strokeColor": "#B3B3B3", "RGB": "179, 179, 179" }, "geometry": { "type": "LineString", "coordinates": [ [ 11.661111343967395, 44.330154880817418 ], [ 11.661323967867073, 44.33009217735772 ] ] } },
{ "type": "Feature", "properties": { "CITY_NAME": "IMOLA", "strokeColor": "#B3B3B3", "RGB": "179, 179, 179" }, "geometry": { "type": "LineString", "coordinates": [ [ 11.709566883814741, 44.34696262288427 ], [ 11.710467401092016, 44.346373858560781 ], [ 11.710613418380182, 44.346223148891916 ] ] } },
{ "type": "Feature", "properties": { "CITY_NAME": "IMOLA", "strokeColor": "#B3B3B3", "RGB": "179, 179, 179" }, "geometry": { "type": "LineString", "coordinates": [ [ 11.709132298577051, 44.3492330726002 ], [ 11.708162178480496, 44.349839985025888 ] ] } },
{ "type": "Feature", "properties": { "CITY_NAME": "IMOLA", "strokeColor": "#B770CC", "RGB": "183, 112, 204" }, "geometry": { "type": "LineString", "coordinates": [ [ 11.71567489897769, 44.350503979647335 ], [ 11.71635894553355, 44.350630578383694 ] ] } },
{ "type": "Feature", "properties": { "CITY_NAME": "IMOLA", "strokeColor": "#B770CC", "RGB": "183, 112, 204" }, "geometry": { "type": "LineString", "coordinates": [ [ 11.7142588363965, 44.351118455966663 ], [ 11.714358718204464, 44.351039347027935 ], [ 11.715465451141087, 44.350547812991898 ], [ 11.71567489897769, 44.350503979647335 ] ] } },
{ "type": "Feature", "properties": { "CITY_NAME": "IMOLA", "strokeColor": "#B770CC", "RGB": "183, 112, 204" }, "geometry": { "type": "LineString", "coordinates": [ [ 11.71567084830177, 44.350111116557891 ], [ 11.716098741941869, 44.3501778247198 ], [ 11.716495120384101, 44.350232634307972 ] ] } },
{ "type": "Feature", "properties": { "CITY_NAME": "IMOLA", "strokeColor": "#70CC81", "RGB": "112, 204, 129" }, "geometry": { "type": "LineString", "coordinates": [ [ 11.718549807791375, 44.359200869338032 ], [ 11.718834447540228, 44.359089374620126 ] ] } },
{ "type": "Feature", "properties": { "CITY_NAME": "IMOLA", "strokeColor": "#B3B3B3", "RGB": "179, 179, 179" }, "geometry": { "type": "LineString", "coordinates": [ [ 11.701532273198545, 44.348657452064671 ], [ 11.701286255202172, 44.348410682595357 ], [ 11.700944174495744, 44.348071737320858 ], [ 11.700628719973421, 44.347757053543312 ], [ 11.700291541018608, 44.347413597867515 ], [ 11.700060652432617, 44.347162806372111 ], [ 11.69984690289388, 44.346951877275266 ], [ 11.699434863136407, 44.346533312755462 ], [ 11.699292234375097, 44.346426862486346 ], [ 11.699107831626547, 44.346299435924017 ], [ 11.698759579817906, 44.34604775643799 ], [ 11.698558716314578, 44.345895091920774 ], [ 11.698363520173249, 44.345754740231861 ], [ 11.698222407315505, 44.345681200036324 ], [ 11.69812407442085, 44.345650578120733 ], [ 11.698010455073836, 44.345620316548775 ], [ 11.697831596369141, 44.345613561694506 ], [ 11.697535364512198, 44.345605919988799 ], [ 11.697305379267878, 44.345596712061841 ], [ 11.697182239391617, 44.345581318471446 ], [ 11.697083758752031, 44.345555718166324 ], [ 11.69701272153258, 44.345528010894519 ], [ 11.696928011915283, 44.345488484652719 ], [ 11.696759041495191, 44.345387077516428 ], [ 11.696656824636003, 44.345307865668836 ], [ 11.695418276623098, 44.344381986727917 ], [ 11.695365306632928, 44.344339308772774 ], [ 11.695357003573049, 44.344314426849664 ], [ 11.695351259164763, 44.344255442502515 ] ] } },
{ "type": "Feature", "properties": { "CITY_NAME": "IMOLA", "strokeColor": "#B3B3B3", "RGB": "179, 179, 179" }, "geometry": { "type": "LineString", "coordinates": [ [ 11.701938384621981, 44.349200416394609 ], [ 11.701924491437698, 44.349172185046612 ], [ 11.701515755000473, 44.348742040941858 ], [ 11.701532273198545, 44.348657452064671 ] ] } },
{ "type": "Feature", "properties": { "CITY_NAME": "IMOLA", "strokeColor": "#B770CC", "RGB": "183, 112, 204" }, "geometry": { "type": "LineString", "coordinates": [ [ 11.703358484558855, 44.352392967665573 ], [ 11.703545986542391, 44.352365624679607 ], [ 11.704114286419605, 44.352125821793024 ], [ 11.704210341169901, 44.352103958934649 ] ] } },
{ "type": "Feature", "properties": { "CITY_NAME": "IMOLA", "strokeColor": "#70CC81", "RGB": "112, 204, 129" }, "geometry": { "type": "LineString", "coordinates": [ [ 11.717621545251456, 44.35782796418281 ], [ 11.717429571390495, 44.357592276925253 ] ] } },
{ "type": "Feature", "properties": { "CITY_NAME": "IMOLA", "strokeColor": "#B770CC", "RGB": "183, 112, 204" }, "geometry": { "type": "LineString", "coordinates": [ [ 11.709939220363491, 44.356792289601515 ], [ 11.710041468466805, 44.356932931201229 ] ] } },
{ "type": "Feature", "properties": { "CITY_NAME": "IMOLA", "strokeColor": "#B770CC", "RGB": "183, 112, 204" }, "geometry": { "type": "LineString", "coordinates": [ [ 11.705152020940634, 44.357006141320475 ], [ 11.703840908798147, 44.355202400118429 ] ] } },
{ "type": "Feature", "properties": { "CITY_NAME": "IMOLA", "strokeColor": "#B3B3B3", "RGB": "179, 179, 179" }, "geometry": { "type": "LineString", "coordinates": [ [ 11.722609359016737, 44.348687823528579 ], [ 11.722829162312879, 44.348767513754957 ], [ 11.723230966099035, 44.348732211782618 ] ] } },
{ "type": "Feature", "properties": { "CITY_NAME": "IMOLA", "strokeColor": "#70CC81", "RGB": "112, 204, 129" }, "geometry": { "type": "LineString", "coordinates": [ [ 11.71326519117328, 44.348231563707465 ], [ 11.714014849144013, 44.348232790852059 ] ] } },
{ "type": "Feature", "properties": { "CITY_NAME": "IMOLA", "strokeColor": "#B3B3B3", "RGB": "179, 179, 179" }, "geometry": { "type": "LineString", "coordinates": [ [ 11.686737267474227, 44.368310824742657 ], [ 11.687643443960187, 44.367894307747342 ], [ 11.687767449939624, 44.367773113034922 ], [ 11.688471794965345, 44.367490788996243 ] ] } },
{ "type": "Feature", "properties": { "CITY_NAME": "IMOLA", "strokeColor": "#70CC81", "RGB": "112, 204, 129" }, "geometry": { "type": "LineString", "coordinates": [ [ 11.715368705973178, 44.348725544230945 ], [ 11.715356128082453, 44.348242664966918 ] ] } },
{ "type": "Feature", "properties": { "CITY_NAME": "IMOLA", "strokeColor": "#B3B3B3", "RGB": "179, 179, 179" }, "geometry": { "type": "LineString", "coordinates": [ [ 11.694726806294478, 44.361154214278628 ], [ 11.694726264318, 44.361235577309657 ], [ 11.694737317047336, 44.361297259475649 ], [ 11.694748666051963, 44.361320589428097 ] ] } },
{ "type": "Feature", "properties": { "CITY_NAME": "IMOLA", "strokeColor": "#B3B3B3", "RGB": "179, 179, 179" }, "geometry": { "type": "LineString", "coordinates": [ [ 11.694838905486904, 44.361405475486166 ], [ 11.694872776993813, 44.361426799034341 ], [ 11.694893021635266, 44.361436962255439 ], [ 11.69490644571805, 44.361443701630883 ], [ 11.694944222349609, 44.361460508128069 ], [ 11.694969269916786, 44.361468765497683 ], [ 11.695031689911506, 44.361484990115954 ] ] } },
{ "type": "Feature", "properties": { "CITY_NAME": "IMOLA", "strokeColor": "#B3B3B3", "RGB": "179, 179, 179" }, "geometry": { "type": "LineString", "coordinates": [ [ 11.69534362244322, 44.361024845275665 ], [ 11.69531598098362, 44.361004850294869 ], [ 11.695276014810432, 44.360985145435961 ], [ 11.695248777674143, 44.360973989649423 ], [ 11.695204778661715, 44.360961731601783 ] ] } },
{ "type": "Feature", "properties": { "CITY_NAME": "IMOLA", "strokeColor": "#B3B3B3", "RGB": "179, 179, 179" }, "geometry": { "type": "LineString", "coordinates": [ [ 11.706404194128762, 44.347315168217591 ], [ 11.706463948121947, 44.347336750633197 ], [ 11.706507959152621, 44.347364455447696 ] ] } },
{ "type": "Feature", "properties": { "CITY_NAME": "IMOLA", "strokeColor": "#B770CC", "RGB": "183, 112, 204" }, "geometry": { "type": "LineString", "coordinates": [ [ 11.708455799023733, 44.35791640367497 ], [ 11.708003654841752, 44.357748489201811 ] ] } },
{ "type": "Feature", "properties": { "CITY_NAME": "IMOLA", "strokeColor": "#B3B3B3", "RGB": "179, 179, 179" }, "geometry": { "type": "LineString", "coordinates": [ [ 11.706106308697104, 44.359275575473717 ], [ 11.705851669247641, 44.358940857199684 ] ] } },
{ "type": "Feature", "properties": { "CITY_NAME": "IMOLA", "strokeColor": "#B770CC", "RGB": "183, 112, 204" }, "geometry": { "type": "LineString", "coordinates": [ [ 11.71029557543268, 44.352600304451279 ], [ 11.71036734674913, 44.352627797811799 ], [ 11.710462646446613, 44.352644138921249 ] ] } },
{ "type": "Feature", "properties": { "CITY_NAME": "IMOLA", "strokeColor": "#B770CC", "RGB": "183, 112, 204" }, "geometry": { "type": "LineString", "coordinates": [ [ 11.711003498071264, 44.352372874150831 ], [ 11.710570862403037, 44.352471137875376 ], [ 11.710204637292593, 44.352527678214628 ] ] } },
{ "type": "Feature", "properties": { "CITY_NAME": "IMOLA", "strokeColor": "#B770CC", "RGB": "183, 112, 204" }, "geometry": { "type": "LineString", "coordinates": [ [ 11.709894183352061, 44.352500965916377 ], [ 11.709224953985938, 44.351705282209799 ] ] } },
{ "type": "Feature", "properties": { "CITY_NAME": "IMOLA", "strokeColor": "#B770CC", "RGB": "183, 112, 204" }, "geometry": { "type": "LineString", "coordinates": [ [ 11.716850263311144, 44.351473730242439 ], [ 11.717303155002979, 44.351456478223085 ] ] } },
{ "type": "Feature", "properties": { "CITY_NAME": "IMOLA", "strokeColor": "#B3B3B3", "RGB": "179, 179, 179" }, "geometry": { "type": "LineString", "coordinates": [ [ 11.720836035861991, 44.347973907753328 ], [ 11.721384968661557, 44.348194312107807 ] ] } },
{ "type": "Feature", "properties": { "CITY_NAME": "IMOLA", "strokeColor": "#B3B3B3", "RGB": "179, 179, 179" }, "geometry": { "type": "LineString", "coordinates": [ [ 11.711187899862605, 44.358424008576314 ], [ 11.711424378820825, 44.358333161748504 ], [ 11.712581278644103, 44.357885152830448 ] ] } },
{ "type": "Feature", "properties": { "CITY_NAME": "IMOLA", "strokeColor": "#B3B3B3", "RGB": "179, 179, 179" }, "geometry": { "type": "LineString", "coordinates": [ [ 11.7366300310513, 44.354110630654304 ], [ 11.736372168858324, 44.353845647797648 ], [ 11.736228475257052, 44.353596451453171 ], [ 11.736032592965852, 44.353267684138146 ], [ 11.735800194014715, 44.352904787410253 ] ] } },
{ "type": "Feature", "properties": { "CITY_NAME": "IMOLA", "strokeColor": "#B770CC", "RGB": "183, 112, 204" }, "geometry": { "type": "LineString", "coordinates": [ [ 11.712900753867466, 44.351259327220504 ], [ 11.713149059482554, 44.351253426153072 ], [ 11.714074349191028, 44.350811692901758 ] ] } },
{ "type": "Feature", "properties": { "CITY_NAME": "IMOLA", "strokeColor": "#B3B3B3", "RGB": "179, 179, 179" }, "geometry": { "type": "LineString", "coordinates": [ [ 11.712999502066669, 44.357794707117478 ], [ 11.714449075158392, 44.357281551368843 ] ] } },
{ "type": "Feature", "properties": { "CITY_NAME": "IMOLA", "strokeColor": "#70CC81", "RGB": "112, 204, 129" }, "geometry": { "type": "LineString", "coordinates": [ [ 11.712821309680738, 44.344798604891757 ], [ 11.712816973507358, 44.344949891546939 ] ] } },
{ "type": "Feature", "properties": { "CITY_NAME": "IMOLA", "strokeColor": "#B770CC", "RGB": "183, 112, 204" }, "geometry": { "type": "LineString", "coordinates": [ [ 11.705261385817339, 44.35696553899097 ], [ 11.705152020940634, 44.357006141320475 ] ] } },
{ "type": "Feature", "properties": { "CITY_NAME": "IMOLA", "strokeColor": "#70CC81", "RGB": "112, 204, 129" }, "geometry": { "type": "LineString", "coordinates": [ [ 11.712891221239799, 44.349574976682767 ], [ 11.712876540712742, 44.349155025722396 ], [ 11.712877973934763, 44.349051453222188 ] ] } },
{ "type": "Feature", "properties": { "CITY_NAME": "IMOLA", "strokeColor": "#B770CC", "RGB": "183, 112, 204" }, "geometry": { "type": "LineString", "coordinates": [ [ 11.714397237851415, 44.356292032702747 ], [ 11.714601836884698, 44.356200099052352 ], [ 11.714448595455584, 44.356000122043284 ] ] } },
{ "type": "Feature", "properties": { "CITY_NAME": "IMOLA", "strokeColor": "#B770CC", "RGB": "183, 112, 204" }, "geometry": { "type": "LineString", "coordinates": [ [ 11.707718418604372, 44.356027612241675 ], [ 11.707227640294407, 44.356218817183098 ] ] } },
{ "type": "Feature", "properties": { "CITY_NAME": "IMOLA", "strokeColor": "#B770CC", "RGB": "183, 112, 204" }, "geometry": { "type": "LineString", "coordinates": [ [ 11.711423664955069, 44.355768619130167 ], [ 11.711378703170864, 44.355729937531031 ], [ 11.711137520385835, 44.355396751417111 ] ] } },
{ "type": "Feature", "properties": { "CITY_NAME": "IMOLA", "strokeColor": "#B770CC", "RGB": "183, 112, 204" }, "geometry": { "type": "LineString", "coordinates": [ [ 11.715643536550031, 44.355378544065907 ], [ 11.715868997551162, 44.355319166127018 ], [ 11.716127168260366, 44.355216541804793 ] ] } },
{ "type": "Feature", "properties": { "CITY_NAME": "IMOLA", "strokeColor": "#B770CC", "RGB": "183, 112, 204" }, "geometry": { "type": "LineString", "coordinates": [ [ 11.711137520385835, 44.355396751417111 ], [ 11.710895021667842, 44.355045180086911 ] ] } },
{ "type": "Feature", "properties": { "CITY_NAME": "IMOLA", "strokeColor": "#B770CC", "RGB": "183, 112, 204" }, "geometry": { "type": "LineString", "coordinates": [ [ 11.717129973648399, 44.354826659390206 ], [ 11.718170906450615, 44.354392269064768 ], [ 11.718208642842397, 44.354360424487268 ] ] } },
{ "type": "Feature", "properties": { "CITY_NAME": "IMOLA", "strokeColor": "#B770CC", "RGB": "183, 112, 204" }, "geometry": { "type": "LineString", "coordinates": [ [ 11.708633255289694, 44.355067408191651 ], [ 11.708059354039714, 44.354287687100083 ] ] } },
{ "type": "Feature", "properties": { "CITY_NAME": "IMOLA", "strokeColor": "#B3B3B3", "RGB": "179, 179, 179" }, "geometry": { "type": "LineString", "coordinates": [ [ 11.738041256036567, 44.354412873393045 ], [ 11.738044908975205, 44.354467596933617 ], [ 11.738042116026573, 44.354527996460121 ], [ 11.738027656387713, 44.354578620730884 ], [ 11.7379878488548, 44.354617355494142 ] ] } },
{ "type": "Feature", "properties": { "CITY_NAME": "IMOLA", "strokeColor": "#B3B3B3", "RGB": "179, 179, 179" }, "geometry": { "type": "LineString", "coordinates": [ [ 11.738201704178485, 44.41517775849141 ], [ 11.738049561852531, 44.414950556649082 ], [ 11.737521589755625, 44.415149609891536 ], [ 11.737700011593253, 44.415369347287829 ], [ 11.737755494951745, 44.415346236361202 ] ] } },
{ "type": "Feature", "properties": { "CITY_NAME": "IMOLA", "strokeColor": "#B3B3B3", "RGB": "179, 179, 179" }, "geometry": { "type": "LineString", "coordinates": [ [ 11.721032456285361, 44.353126975905226 ], [ 11.721164117431011, 44.353154582278854 ], [ 11.722404006746281, 44.35347836339443 ] ] } },
{ "type": "Feature", "properties": { "CITY_NAME": "IMOLA", "strokeColor": "#B3B3B3", "RGB": "179, 179, 179" }, "geometry": { "type": "LineString", "coordinates": [ [ 11.685826892676397, 44.397409467915459 ], [ 11.686404758251021, 44.396832658591478 ], [ 11.686567225089794, 44.396748475983578 ] ] } },
{ "type": "Feature", "properties": { "CITY_NAME": "IMOLA", "strokeColor": "#B3B3B3", "RGB": "179, 179, 179" }, "geometry": { "type": "LineString", "coordinates": [ [ 11.703082343796606, 44.362087810945525 ], [ 11.702742102673399, 44.361634738793164 ], [ 11.702638079133157, 44.361615839397068 ] ] } },
{ "type": "Feature", "properties": { "CITY_NAME": "IMOLA", "strokeColor": "#B770CC", "RGB": "183, 112, 204" }, "geometry": { "type": "LineString", "coordinates": [ [ 11.718833517007756, 44.352916973778896 ], [ 11.719236057442242, 44.35265137989861 ], [ 11.719706951368426, 44.352524255194119 ] ] } },
{ "type": "Feature", "properties": { "CITY_NAME": "IMOLA", "strokeColor": "#B770CC", "RGB": "183, 112, 204" }, "geometry": { "type": "LineString", "coordinates": [ [ 11.718919574772679, 44.351963481362581 ], [ 11.719029397855023, 44.351944278651615 ], [ 11.719175008565678, 44.352106967510224 ] ] } },
{ "type": "Feature", "properties": { "CITY_NAME": "IMOLA", "strokeColor": "#B3B3B3", "RGB": "179, 179, 179" }, "geometry": { "type": "LineString", "coordinates": [ [ 11.690516075188549, 44.358438204142153 ], [ 11.69046985333763, 44.358424034964713 ], [ 11.690399594504889, 44.358349400275053 ], [ 11.690378492479377, 44.358286685142012 ] ] } },
{ "type": "Feature", "properties": { "CITY_NAME": "IMOLA", "strokeColor": "#B770CC", "RGB": "183, 112, 204" }, "geometry": { "type": "LineString", "coordinates": [ [ 11.710204637292593, 44.352527678214628 ], [ 11.710113562973024, 44.352450597894922 ] ] } },
{ "type": "Feature", "properties": { "CITY_NAME": "IMOLA", "strokeColor": "#B3B3B3", "RGB": "179, 179, 179" }, "geometry": { "type": "LineString", "coordinates": [ [ 11.731817898916855, 44.457041318985617 ], [ 11.73219056170003, 44.457206208660978 ], [ 11.732651507682871, 44.45746754095056 ] ] } },
{ "type": "Feature", "properties": { "CITY_NAME": "IMOLA", "strokeColor": "#B3B3B3", "RGB": "179, 179, 179" }, "geometry": { "type": "LineString", "coordinates": [ [ 11.71903568195601, 44.359908401194012 ], [ 11.7189268400613, 44.359775649139223 ], [ 11.719206774878316, 44.359660115327742 ] ] } },
{ "type": "Feature", "properties": { "CITY_NAME": "IMOLA", "strokeColor": "#70CC81", "RGB": "112, 204, 129" }, "geometry": { "type": "LineString", "coordinates": [ [ 11.710495277823352, 44.344542038657053 ], [ 11.71050099232054, 44.344438332040994 ], [ 11.710501857569048, 44.344422626051404 ], [ 11.710529465588648, 44.344300544431768 ] ] } },
{ "type": "Feature", "properties": { "CITY_NAME": "IMOLA", "strokeColor": "#B3B3B3", "RGB": "179, 179, 179" }, "geometry": { "type": "LineString", "coordinates": [ [ 11.737803005428109, 44.415409862545289 ], [ 11.737755494951745, 44.415346236361202 ] ] } },
{ "type": "Feature", "properties": { "CITY_NAME": "IMOLA", "strokeColor": "#B3B3B3", "RGB": "179, 179, 179" }, "geometry": { "type": "LineString", "coordinates": [ [ 11.737755494951745, 44.415346236361202 ], [ 11.738201704178485, 44.41517775849141 ] ] } },
{ "type": "Feature", "properties": { "CITY_NAME": "IMOLA", "strokeColor": "#B3B3B3", "RGB": "179, 179, 179" }, "geometry": { "type": "LineString", "coordinates": [ [ 11.701059936070227, 44.349494176046285 ], [ 11.700855057840718, 44.349240897268302 ], [ 11.701570865718333, 44.348942078764033 ] ] } },
{ "type": "Feature", "properties": { "CITY_NAME": "IMOLA", "strokeColor": "#B3B3B3", "RGB": "179, 179, 179" }, "geometry": { "type": "LineString", "coordinates": [ [ 11.781060835626915, 44.527010563610418 ], [ 11.781046370160208, 44.526828668829431 ] ] } },
{ "type": "Feature", "properties": { "CITY_NAME": "IMOLA", "strokeColor": "#B770CC", "RGB": "183, 112, 204" }, "geometry": { "type": "LineString", "coordinates": [ [ 11.70709590875863, 44.354686389048652 ], [ 11.707238177996807, 44.354615183841098 ], [ 11.708059354039714, 44.354287687100083 ] ] } },
{ "type": "Feature", "properties": { "CITY_NAME": "IMOLA", "strokeColor": "#B770CC", "RGB": "183, 112, 204" }, "geometry": { "type": "LineString", "coordinates": [ [ 11.70762330169177, 44.353180606287196 ], [ 11.707754972865718, 44.353332211466693 ] ] } },
{ "type": "Feature", "properties": { "CITY_NAME": "IMOLA", "strokeColor": "#B770CC", "RGB": "183, 112, 204" }, "geometry": { "type": "LineString", "coordinates": [ [ 11.706757551881687, 44.353278017729863 ], [ 11.707352593451766, 44.353216226094283 ], [ 11.70762330169177, 44.353180606287196 ] ] } },
{ "type": "Feature", "properties": { "CITY_NAME": "IMOLA", "strokeColor": "#B3B3B3", "RGB": "179, 179, 179" }, "geometry": { "type": "LineString", "coordinates": [ [ 11.718351585355739, 44.35894669151596 ], [ 11.718549807791375, 44.359200869338032 ] ] } },
{ "type": "Feature", "properties": { "CITY_NAME": "IMOLA", "strokeColor": "#B3B3B3", "RGB": "179, 179, 179" }, "geometry": { "type": "LineString", "coordinates": [ [ 11.713529330627216, 44.424921024591647 ], [ 11.713163962291478, 44.424122970980669 ], [ 11.713127395381635, 44.424042492508391 ], [ 11.71306285273103, 44.42389816171621 ], [ 11.712925156629309, 44.423574912242074 ], [ 11.712841321922376, 44.42337072858534 ], [ 11.712672866769633, 44.42302998225567 ], [ 11.712602099057429, 44.423006825023329 ], [ 11.712457898701647, 44.422717277806889 ], [ 11.71241483361538, 44.422520212868989 ], [ 11.712402669430677, 44.422347593911816 ], [ 11.712366663000696, 44.422257785936672 ] ] } },
{ "type": "Feature", "properties": { "CITY_NAME": "IMOLA", "strokeColor": "#B770CC", "RGB": "183, 112, 204" }, "geometry": { "type": "LineString", "coordinates": [ [ 11.711754319343294, 44.356187253733879 ], [ 11.711423664955069, 44.355768619130167 ] ] } },
{ "type": "Feature", "properties": { "CITY_NAME": "IMOLA", "strokeColor": "#70CC81", "RGB": "112, 204, 129" }, "geometry": { "type": "LineString", "coordinates": [ [ 11.714781411821438, 44.348243497782995 ], [ 11.714014849144013, 44.348232790852059 ] ] } },
{ "type": "Feature", "properties": { "CITY_NAME": "IMOLA", "strokeColor": "#B770CC", "RGB": "183, 112, 204" }, "geometry": { "type": "LineString", "coordinates": [ [ 11.704210341169901, 44.352103958934649 ], [ 11.704408868931923, 44.352397415284273 ], [ 11.704507397639272, 44.352495192735645 ], [ 11.704666867158696, 44.35273081335918 ], [ 11.704784248463119, 44.352908668603582 ], [ 11.704918408095631, 44.353055657332497 ], [ 11.704927639144699, 44.353387985263723 ], [ 11.705257339552835, 44.353362130127131 ], [ 11.705321051862667, 44.353421815108334 ] ] } },
{ "type": "Feature", "properties": { "CITY_NAME": "IMOLA", "strokeColor": "#B770CC", "RGB": "183, 112, 204" }, "geometry": { "type": "LineString", "coordinates": [ [ 11.719781760975474, 44.352659617225811 ], [ 11.719860324587399, 44.352628986905223 ], [ 11.719997880480618, 44.352634621691109 ] ] } },
{ "type": "Feature", "properties": { "CITY_NAME": "IMOLA", "strokeColor": "#B3B3B3", "RGB": "179, 179, 179" }, "geometry": { "type": "LineString", "coordinates": [ [ 11.737426730518541, 44.354458704136668 ], [ 11.737438577911334, 44.354412165899859 ], [ 11.737461904649876, 44.35437138506078 ], [ 11.737494005596512, 44.3543384376961 ], [ 11.737531985974396, 44.354311382922937 ] ] } },
{ "type": "Feature", "properties": { "CITY_NAME": "IMOLA", "strokeColor": "#70CC81", "RGB": "112, 204, 129" }, "geometry": { "type": "LineString", "coordinates": [ [ 11.715368705973178, 44.348725544230945 ], [ 11.715598847072489, 44.34868183812538 ] ] } },
{ "type": "Feature", "properties": { "CITY_NAME": "IMOLA", "strokeColor": "#B3B3B3", "RGB": "179, 179, 179" }, "geometry": { "type": "LineString", "coordinates": [ [ 11.695439997933464, 44.361153830653784 ], [ 11.695428513518456, 44.361127554681701 ], [ 11.695410663955757, 44.361097004189652 ], [ 11.695395274547929, 44.361075245257808 ], [ 11.695378035880916, 44.361057953921616 ], [ 11.69534362244322, 44.361024845275665 ] ] } },
{ "type": "Feature", "properties": { "CITY_NAME": "IMOLA", "strokeColor": "#B3B3B3", "RGB": "179, 179, 179" }, "geometry": { "type": "LineString", "coordinates": [ [ 11.719913602304031, 44.357094217200249 ], [ 11.719942370568337, 44.357113530271924 ], [ 11.719990201802505, 44.35712777427743 ], [ 11.720057310670789, 44.357141558863688 ], [ 11.720121708335679, 44.357143101324446 ], [ 11.720174871405225, 44.357130082234519 ] ] } },
{ "type": "Feature", "properties": { "CITY_NAME": "IMOLA", "strokeColor": "#B3B3B3", "RGB": "179, 179, 179" }, "geometry": { "type": "LineString", "coordinates": [ [ 11.670770195547142, 44.344296896357719 ], [ 11.670878084993891, 44.344388669182592 ], [ 11.670467802795253, 44.344657908267301 ], [ 11.670322967768282, 44.344576472046782 ] ] } },
{ "type": "Feature", "properties": { "CITY_NAME": "IMOLA", "strokeColor": "#70CC81", "RGB": "112, 204, 129" }, "geometry": { "type": "LineString", "coordinates": [ [ 11.717429571390495, 44.357592276925253 ], [ 11.717027200510584, 44.35709827503041 ] ] } },
{ "type": "Feature", "properties": { "CITY_NAME": "IMOLA", "strokeColor": "#B3B3B3", "RGB": "179, 179, 179" }, "geometry": { "type": "LineString", "coordinates": [ [ 11.71903568195601, 44.359908401194012 ], [ 11.719420479083844, 44.359746093510388 ], [ 11.719784497266454, 44.36020809845283 ] ] } },
{ "type": "Feature", "properties": { "CITY_NAME": "IMOLA", "strokeColor": "#B3B3B3", "RGB": "179, 179, 179" }, "geometry": { "type": "LineString", "coordinates": [ [ 11.70031996151957, 44.34958668690961 ], [ 11.700160186876639, 44.349773505410759 ], [ 11.700035805792865, 44.349842341298903 ], [ 11.69984909304546, 44.349887026085554 ] ] } },
{ "type": "Feature", "properties": { "CITY_NAME": "IMOLA", "strokeColor": "#B770CC", "RGB": "183, 112, 204" }, "geometry": { "type": "LineString", "coordinates": [ [ 11.714979037512618, 44.356278525788596 ], [ 11.714746482421493, 44.356354524038217 ] ] } },
{ "type": "Feature", "properties": { "CITY_NAME": "IMOLA", "strokeColor": "#B770CC", "RGB": "183, 112, 204" }, "geometry": { "type": "LineString", "coordinates": [ [ 11.716789075234869, 44.351761575536408 ], [ 11.716289721756684, 44.351661496024406 ] ] } },
{ "type": "Feature", "properties": { "CITY_NAME": "IMOLA", "strokeColor": "#B3B3B3", "RGB": "179, 179, 179" }, "geometry": { "type": "LineString", "coordinates": [ [ 11.690516075188549, 44.358438204142153 ], [ 11.690628568808849, 44.358439912445348 ], [ 11.690719417034654, 44.358433410871157 ], [ 11.690797428508859, 44.358411954049544 ], [ 11.690871506464875, 44.358370972104382 ], [ 11.690923243411568, 44.358306539892652 ] ] } },
{ "type": "Feature", "properties": { "CITY_NAME": "IMOLA", "strokeColor": "#B3B3B3", "RGB": "179, 179, 179" }, "geometry": { "type": "LineString", "coordinates": [ [ 11.712581278644103, 44.357885152830448 ], [ 11.712554088237775, 44.357850723572085 ], [ 11.712939549005782, 44.357714723353332 ] ] } },
{ "type": "Feature", "properties": { "CITY_NAME": "IMOLA", "strokeColor": "#B770CC", "RGB": "183, 112, 204" }, "geometry": { "type": "LineString", "coordinates": [ [ 11.712900753867466, 44.351259327220504 ], [ 11.71211063623395, 44.351215084905917 ], [ 11.71123622984739, 44.351196470499715 ], [ 11.710743365720363, 44.351170477705139 ] ] } },
{ "type": "Feature", "properties": { "CITY_NAME": "IMOLA", "strokeColor": "#B3B3B3", "RGB": "179, 179, 179" }, "geometry": { "type": "LineString", "coordinates": [ [ 11.718096864985412, 44.346030589566531 ], [ 11.7181925333599, 44.346067487569726 ], [ 11.718282049131318, 44.346068733605989 ], [ 11.718357627186359, 44.346059899864606 ] ] } },
{ "type": "Feature", "properties": { "CITY_NAME": "IMOLA", "strokeColor": "#B770CC", "RGB": "183, 112, 204" }, "geometry": { "type": "LineString", "coordinates": [ [ 11.719095435246439, 44.350374868748219 ], [ 11.719430593994995, 44.35039895529696 ] ] } },
{ "type": "Feature", "properties": { "CITY_NAME": "IMOLA", "strokeColor": "#B770CC", "RGB": "183, 112, 204" }, "geometry": { "type": "LineString", "coordinates": [ [ 11.714448595455584, 44.356000122043284 ], [ 11.714671335348301, 44.355993935261957 ], [ 11.714788572009361, 44.356149086797011 ] ] } },
{ "type": "Feature", "properties": { "CITY_NAME": "IMOLA", "strokeColor": "#B3B3B3", "RGB": "179, 179, 179" }, "geometry": { "type": "LineString", "coordinates": [ [ 11.714640585992971, 44.339527597376801 ], [ 11.71442828749572, 44.33970853074802 ], [ 11.714239600343188, 44.339882136709271 ], [ 11.714081413435455, 44.340061577409955 ], [ 11.714009780462467, 44.3402108749844 ], [ 11.713962441056831, 44.34042387345216 ], [ 11.713957649191615, 44.340659738181067 ], [ 11.713957961223686, 44.34074116852203 ], [ 11.713958573091462, 44.340900531031984 ], [ 11.713940409280312, 44.341071872457775 ] ] } },
{ "type": "Feature", "properties": { "CITY_NAME": "IMOLA", "strokeColor": "#B3B3B3", "RGB": "179, 179, 179" }, "geometry": { "type": "LineString", "coordinates": [ [ 11.735800194014715, 44.352904787410253 ], [ 11.735536262632969, 44.352531925489473 ] ] } },
{ "type": "Feature", "properties": { "CITY_NAME": "IMOLA", "strokeColor": "#B770CC", "RGB": "183, 112, 204" }, "geometry": { "type": "LineString", "coordinates": [ [ 11.720430503076214, 44.353884181185876 ], [ 11.720680660801671, 44.353624816706784 ], [ 11.720914214418245, 44.353294306555071 ] ] } },
{ "type": "Feature", "properties": { "CITY_NAME": "IMOLA", "strokeColor": "#B770CC", "RGB": "183, 112, 204" }, "geometry": { "type": "LineString", "coordinates": [ [ 11.708006216547144, 44.353662154763228 ], [ 11.707754972865718, 44.353332211466693 ] ] } },
{ "type": "Feature", "properties": { "CITY_NAME": "IMOLA", "strokeColor": "#B770CC", "RGB": "183, 112, 204" }, "geometry": { "type": "LineString", "coordinates": [ [ 11.709597769821782, 44.35367337505096 ], [ 11.70927675715013, 44.353259778045022 ] ] } },
{ "type": "Feature", "properties": { "CITY_NAME": "IMOLA", "strokeColor": "#B3B3B3", "RGB": "179, 179, 179" }, "geometry": { "type": "LineString", "coordinates": [ [ 11.683962286587102, 44.395951623505809 ], [ 11.684399180585116, 44.395771129606608 ] ] } },
{ "type": "Feature", "properties": { "CITY_NAME": "IMOLA", "strokeColor": "#B770CC", "RGB": "183, 112, 204" }, "geometry": { "type": "LineString", "coordinates": [ [ 11.707754972865718, 44.353332211466693 ], [ 11.709725735148204, 44.352773435787704 ], [ 11.71029557543268, 44.352600304451279 ] ] } },
{ "type": "Feature", "properties": { "CITY_NAME": "IMOLA", "strokeColor": "#B770CC", "RGB": "183, 112, 204" }, "geometry": { "type": "LineString", "coordinates": [ [ 11.70762330169177, 44.353180606287196 ], [ 11.707809129919491, 44.353112056371117 ], [ 11.709894183352061, 44.352500965916377 ] ] } },
{ "type": "Feature", "properties": { "CITY_NAME": "IMOLA", "strokeColor": "#B770CC", "RGB": "183, 112, 204" }, "geometry": { "type": "LineString", "coordinates": [ [ 11.711003498071264, 44.352372874150831 ], [ 11.711922942047455, 44.352017061581378 ] ] } },
{ "type": "Feature", "properties": { "CITY_NAME": "IMOLA", "strokeColor": "#B770CC", "RGB": "183, 112, 204" }, "geometry": { "type": "LineString", "coordinates": [ [ 11.711498222584765, 44.354562421498422 ], [ 11.71160201072369, 44.35470267405087 ] ] } },
{ "type": "Feature", "properties": { "CITY_NAME": "IMOLA", "strokeColor": "#B3B3B3", "RGB": "179, 179, 179" }, "geometry": { "type": "LineString", "coordinates": [ [ 11.764898725800442, 44.339252752415504 ], [ 11.765057762974878, 44.339390384724226 ], [ 11.765419769580763, 44.33963313956616 ], [ 11.766476464421698, 44.340306293753954 ] ] } },
{ "type": "Feature", "properties": { "CITY_NAME": "IMOLA", "strokeColor": "#B3B3B3", "RGB": "179, 179, 179" }, "geometry": { "type": "LineString", "coordinates": [ [ 11.766757641877653, 44.340483070693359 ], [ 11.767295170468529, 44.340833436045834 ], [ 11.767487401967983, 44.341035741378164 ] ] } },
{ "type": "Feature", "properties": { "CITY_NAME": "IMOLA", "strokeColor": "#B770CC", "RGB": "183, 112, 204" }, "geometry": { "type": "LineString", "coordinates": [ [ 11.71997403812426, 44.351770192283986 ], [ 11.719517874847059, 44.35196824789459 ] ] } },
{ "type": "Feature", "properties": { "CITY_NAME": "IMOLA", "strokeColor": "#B3B3B3", "RGB": "179, 179, 179" }, "geometry": { "type": "LineString", "coordinates": [ [ 11.684399180585116, 44.395771129606608 ], [ 11.684678568592959, 44.395655704581181 ], [ 11.685020194647208, 44.395541327447361 ], [ 11.685546881975149, 44.395372519701908 ] ] } },
{ "type": "Feature", "properties": { "CITY_NAME": "IMOLA", "strokeColor": "#B3B3B3", "RGB": "179, 179, 179" }, "geometry": { "type": "LineString", "coordinates": [ [ 11.706507959152621, 44.347364455447696 ], [ 11.706847543906326, 44.347250310257479 ], [ 11.707140454248975, 44.347137094600868 ], [ 11.707350177223184, 44.347064879040587 ], [ 11.708563043725659, 44.346663690779337 ], [ 11.709229292612855, 44.346447920409048 ] ] } },
{ "type": "Feature", "properties": { "CITY_NAME": "IMOLA", "strokeColor": "#B3B3B3", "RGB": "179, 179, 179" }, "geometry": { "type": "LineString", "coordinates": [ [ 11.650965403880324, 44.318179622752183 ], [ 11.650835806134095, 44.317997634625009 ], [ 11.650711540737372, 44.3178499301887 ] ] } },
{ "type": "Feature", "properties": { "CITY_NAME": "IMOLA", "strokeColor": "#B3B3B3", "RGB": "179, 179, 179" }, "geometry": { "type": "LineString", "coordinates": [ [ 11.706352174436676, 44.347519558796478 ], [ 11.706300601029101, 44.347501616620406 ], [ 11.706239760724706, 44.34745600821104 ] ] } },
{ "type": "Feature", "properties": { "CITY_NAME": "IMOLA", "strokeColor": "#B770CC", "RGB": "183, 112, 204" }, "geometry": { "type": "LineString", "coordinates": [ [ 11.709474021874149, 44.357161333226252 ], [ 11.710041468466805, 44.356932931201229 ] ] } },
{ "type": "Feature", "properties": { "CITY_NAME": "IMOLA", "strokeColor": "#B3B3B3", "RGB": "179, 179, 179" }, "geometry": { "type": "LineString", "coordinates": [ [ 11.718640357543702, 44.358834596511578 ], [ 11.718834447540228, 44.359089374620126 ] ] } },
{ "type": "Feature", "properties": { "CITY_NAME": "IMOLA", "strokeColor": "#B3B3B3", "RGB": "179, 179, 179" }, "geometry": { "type": "LineString", "coordinates": [ [ 11.704373936076648, 44.360257565213963 ], [ 11.70444779163723, 44.35995948951615 ], [ 11.705089970864012, 44.359715602425958 ] ] } },
{ "type": "Feature", "properties": { "CITY_NAME": "IMOLA", "strokeColor": "#B770CC", "RGB": "183, 112, 204" }, "geometry": { "type": "LineString", "coordinates": [ [ 11.711754319343294, 44.356187253733879 ], [ 11.712394247473451, 44.357053723283165 ], [ 11.712593216583079, 44.357252674826547 ] ] } },
{ "type": "Feature", "properties": { "CITY_NAME": "IMOLA", "strokeColor": "#B770CC", "RGB": "183, 112, 204" }, "geometry": { "type": "LineString", "coordinates": [ [ 11.720425722041025, 44.352643542605989 ], [ 11.719997880480618, 44.352634621691109 ] ] } },
{ "type": "Feature", "properties": { "CITY_NAME": "IMOLA", "strokeColor": "#B3B3B3", "RGB": "179, 179, 179" }, "geometry": { "type": "LineString", "coordinates": [ [ 11.731890495349264, 44.349687241754516 ], [ 11.731940005162492, 44.349723252356952 ], [ 11.732360607649321, 44.349941005320055 ], [ 11.732649368914982, 44.350103329883197 ], [ 11.732867903516862, 44.350218517070978 ], [ 11.732705863722448, 44.350391635048027 ], [ 11.733105784485328, 44.350603370524894 ] ] } },
{ "type": "Feature", "properties": { "CITY_NAME": "IMOLA", "strokeColor": "#B3B3B3", "RGB": "179, 179, 179" }, "geometry": { "type": "LineString", "coordinates": [ [ 11.72938469514607, 44.349455152929067 ], [ 11.730921065723001, 44.349554454927457 ] ] } },
{ "type": "Feature", "properties": { "CITY_NAME": "IMOLA", "strokeColor": "#B3B3B3", "RGB": "179, 179, 179" }, "geometry": { "type": "LineString", "coordinates": [ [ 11.683334294169963, 44.396281671055362 ], [ 11.683330877015049, 44.396292559086312 ], [ 11.683330024234186, 44.396303701924225 ], [ 11.683331758178946, 44.396314792052884 ], [ 11.683336032214621, 44.396325523577723 ], [ 11.683342725990824, 44.396335598638878 ], [ 11.683351657264534, 44.396344738836724 ], [ 11.683362577170788, 44.396352691644942 ], [ 11.683375183094478, 44.396359237310243 ], [ 11.683389128992745, 44.396364194911484 ], [ 11.683404026854873, 44.396367426826814 ], [ 11.683419467017968, 44.396368843657697 ], [ 11.683435019544785, 44.396368406897381 ], [ 11.683450256801285, 44.396366128400068 ], [ 11.683464757219717, 44.396362070292582 ], [ 11.683478119178229, 44.396356346448314 ] ] } },
{ "type": "Feature", "properties": { "CITY_NAME": "IMOLA", "strokeColor": "#B3B3B3", "RGB": "179, 179, 179" }, "geometry": { "type": "LineString", "coordinates": [ [ 11.683334294169963, 44.396281671055362 ], [ 11.683343047816997, 44.396272952346401 ], [ 11.683353675853374, 44.396265380623447 ], [ 11.683365891313821, 44.39625916069096 ], [ 11.683379364114499, 44.396254460555916 ], [ 11.683393728373115, 44.396251406754558 ], [ 11.683408597460305, 44.396250083998495 ], [ 11.683423567309951, 44.396250525194027 ], [ 11.683438234431573, 44.396252720921545 ], [ 11.68345220051599, 44.396256610324791 ], [ 11.683465087856844, 44.396262088850406 ], [ 11.683476549384812, 44.396269008012162 ] ] } },
{ "type": "Feature", "properties": { "CITY_NAME": "IMOLA", "strokeColor": "#B3B3B3", "RGB": "179, 179, 179" }, "geometry": { "type": "LineString", "coordinates": [ [ 11.702638079133157, 44.361615839397068 ], [ 11.702389257979913, 44.361338717252465 ], [ 11.702186406496679, 44.361166207910394 ] ] } },
{ "type": "Feature", "properties": { "CITY_NAME": "IMOLA", "strokeColor": "#B3B3B3", "RGB": "179, 179, 179" }, "geometry": { "type": "LineString", "coordinates": [ [ 11.781207393556777, 44.524332149762863 ], [ 11.780811086748106, 44.524571446087272 ] ] } },
{ "type": "Feature", "properties": { "CITY_NAME": "IMOLA", "strokeColor": "#70CC81", "RGB": "112, 204, 129" }, "geometry": { "type": "LineString", "coordinates": [ [ 11.715839639123114, 44.347680117821312 ], [ 11.715761576421539, 44.348650934877334 ] ] } },
{ "type": "Feature", "properties": { "CITY_NAME": "IMOLA", "strokeColor": "#B770CC", "RGB": "183, 112, 204" }, "geometry": { "type": "LineString", "coordinates": [ [ 11.705321051862667, 44.353421815108334 ], [ 11.706757551881687, 44.353278017729863 ] ] } },
{ "type": "Feature", "properties": { "CITY_NAME": "IMOLA", "strokeColor": "#B3B3B3", "RGB": "179, 179, 179" }, "geometry": { "type": "LineString", "coordinates": [ [ 11.693291911387719, 44.341847396902075 ], [ 11.693332496183778, 44.341733464030597 ], [ 11.693328282434964, 44.341703154042015 ], [ 11.693132934403955, 44.341385427805612 ], [ 11.693055206943004, 44.341291979519276 ], [ 11.692767724742161, 44.341059544073438 ], [ 11.692418390026759, 44.340771803774572 ], [ 11.691943067819526, 44.340385264161405 ], [ 11.691915036142518, 44.340389980081682 ], [ 11.691891998047529, 44.340380387225792 ], [ 11.691748539371138, 44.340270243242472 ], [ 11.691696727902897, 44.340249164390528 ], [ 11.691648943804646, 44.340254346038442 ], [ 11.691536588012204, 44.340302946308512 ] ] } },
{ "type": "Feature", "properties": { "CITY_NAME": "IMOLA", "strokeColor": "#B3B3B3", "RGB": "179, 179, 179" }, "geometry": { "type": "LineString", "coordinates": [ [ 11.694853418788247, 44.343984602665103 ], [ 11.694672122080499, 44.34390306614916 ], [ 11.69455509314616, 44.343880495217228 ], [ 11.694270222707923, 44.343764551298648 ], [ 11.693964183894652, 44.343607228293891 ], [ 11.693921237968736, 44.343563618966471 ], [ 11.693069607037657, 44.342609043201556 ] ] } },
{ "type": "Feature", "properties": { "CITY_NAME": "IMOLA", "strokeColor": "#B3B3B3", "RGB": "179, 179, 179" }, "geometry": { "type": "LineString", "coordinates": [ [ 11.719583858156783, 44.36059403644169 ], [ 11.71903568195601, 44.359908401194012 ] ] } },
{ "type": "Feature", "properties": { "CITY_NAME": "IMOLA", "strokeColor": "#B3B3B3", "RGB": "179, 179, 179" }, "geometry": { "type": "LineString", "coordinates": [ [ 11.705784954442869, 44.359390094627386 ], [ 11.705767698937981, 44.359366416941604 ], [ 11.705546372517178, 44.359062716641233 ] ] } },
{ "type": "Feature", "properties": { "CITY_NAME": "IMOLA", "strokeColor": "#B3B3B3", "RGB": "179, 179, 179" }, "geometry": { "type": "LineString", "coordinates": [ [ 11.701059936070227, 44.349494176046285 ], [ 11.700745633498991, 44.349635188375132 ], [ 11.70031996151957, 44.34958668690961 ] ] } },
{ "type": "Feature", "properties": { "CITY_NAME": "IMOLA", "strokeColor": "#B3B3B3", "RGB": "179, 179, 179" }, "geometry": { "type": "LineString", "coordinates": [ [ 11.70031996151957, 44.34958668690961 ], [ 11.700106163012389, 44.34956320422426 ] ] } },
{ "type": "Feature", "properties": { "CITY_NAME": "IMOLA", "strokeColor": "#B3B3B3", "RGB": "179, 179, 179" }, "geometry": { "type": "LineString", "coordinates": [ [ 11.673584711054531, 44.375132858544092 ], [ 11.673871852947576, 44.375186683570696 ], [ 11.674194232118726, 44.375344543851952 ], [ 11.675098137815215, 44.376433715978081 ] ] } },
{ "type": "Feature", "properties": { "CITY_NAME": "IMOLA", "strokeColor": "#B770CC", "RGB": "183, 112, 204" }, "geometry": { "type": "LineString", "coordinates": [ [ 11.71567489897769, 44.350503979647335 ], [ 11.715768211122096, 44.35046375275067 ], [ 11.716247593355938, 44.350548801764248 ] ] } },
{ "type": "Feature", "properties": { "CITY_NAME": "IMOLA", "strokeColor": "#B3B3B3", "RGB": "179, 179, 179" }, "geometry": { "type": "LineString", "coordinates": [ [ 11.766476464421698, 44.340306293753954 ], [ 11.766757641877653, 44.340483070693359 ] ] } },
{ "type": "Feature", "properties": { "CITY_NAME": "IMOLA", "strokeColor": "#70CC81", "RGB": "112, 204, 129" }, "geometry": { "type": "LineString", "coordinates": [ [ 11.712879853696988, 44.348578612891153 ], [ 11.712415764795207, 44.348232123654341 ] ] } },
{ "type": "Feature", "properties": { "CITY_NAME": "IMOLA", "strokeColor": "#70CC81", "RGB": "112, 204, 129" }, "geometry": { "type": "LineString", "coordinates": [ [ 11.712833084738385, 44.34792743800913 ], [ 11.71326519117328, 44.348231563707465 ] ] } },
{ "type": "Feature", "properties": { "CITY_NAME": "IMOLA", "strokeColor": "#B770CC", "RGB": "183, 112, 204" }, "geometry": { "type": "LineString", "coordinates": [ [ 11.709475069085977, 44.358239858653469 ], [ 11.709190606674044, 44.35827500447968 ] ] } },
{ "type": "Feature", "properties": { "CITY_NAME": "IMOLA", "strokeColor": "#B770CC", "RGB": "183, 112, 204" }, "geometry": { "type": "LineString", "coordinates": [ [ 11.710803382944148, 44.357945053380838 ], [ 11.710329733444269, 44.358081771179016 ], [ 11.709962229861768, 44.358186872877283 ] ] } },
{ "type": "Feature", "properties": { "CITY_NAME": "IMOLA", "strokeColor": "#B3B3B3", "RGB": "179, 179, 179" }, "geometry": { "type": "LineString", "coordinates": [ [ 11.719242735744556, 44.347316383658658 ], [ 11.719945521257969, 44.347617000680565 ] ] } },
{ "type": "Feature", "properties": { "CITY_NAME": "IMOLA", "strokeColor": "#B3B3B3", "RGB": "179, 179, 179" }, "geometry": { "type": "LineString", "coordinates": [ [ 11.690923243411568, 44.358306539892652 ], [ 11.690893736221918, 44.358259281698601 ], [ 11.690870097715125, 44.358207526032878 ], [ 11.690790834402316, 44.358135283415642 ], [ 11.690667641937489, 44.358098951882127 ] ] } },
{ "type": "Feature", "properties": { "CITY_NAME": "IMOLA", "strokeColor": "#B770CC", "RGB": "183, 112, 204" }, "geometry": { "type": "LineString", "coordinates": [ [ 11.719890616662019, 44.351037323017877 ], [ 11.720206524526539, 44.351475697275028 ], [ 11.720338219644439, 44.351697892013938 ] ] } },
{ "type": "Feature", "properties": { "CITY_NAME": "IMOLA", "strokeColor": "#B770CC", "RGB": "183, 112, 204" }, "geometry": { "type": "LineString", "coordinates": [ [ 11.714395669544636, 44.35133406968005 ], [ 11.714406766803208, 44.351234779533414 ], [ 11.7142588363965, 44.351118455966663 ] ] } },
{ "type": "Feature", "properties": { "CITY_NAME": "IMOLA", "strokeColor": "#B770CC", "RGB": "183, 112, 204" }, "geometry": { "type": "LineString", "coordinates": [ [ 11.713679864410603, 44.351444373401776 ], [ 11.714089216300481, 44.351207739663465 ], [ 11.7142588363965, 44.351118455966663 ] ] } },
{ "type": "Feature", "properties": { "CITY_NAME": "IMOLA", "strokeColor": "#70CC81", "RGB": "112, 204, 129" }, "geometry": { "type": "LineString", "coordinates": [ [ 11.712824465681907, 44.346209096822818 ], [ 11.712843777052399, 44.347091232006143 ] ] } },
{ "type": "Feature", "properties": { "CITY_NAME": "IMOLA", "strokeColor": "#B3B3B3", "RGB": "179, 179, 179" }, "geometry": { "type": "LineString", "coordinates": [ [ 11.711666866094946, 44.345863000784995 ], [ 11.712814005038505, 44.345829555804947 ] ] } },
{ "type": "Feature", "properties": { "CITY_NAME": "IMOLA", "strokeColor": "#B770CC", "RGB": "183, 112, 204" }, "geometry": { "type": "LineString", "coordinates": [ [ 11.707342590185471, 44.357420908655989 ], [ 11.707042025687501, 44.357273573468348 ], [ 11.706799449599691, 44.356942250521051 ] ] } },
{ "type": "Feature", "properties": { "CITY_NAME": "IMOLA", "strokeColor": "#B770CC", "RGB": "183, 112, 204" }, "geometry": { "type": "LineString", "coordinates": [ [ 11.719568741985453, 44.350590663481768 ], [ 11.719890616662019, 44.351037323017877 ] ] } },
{ "type": "Feature", "properties": { "CITY_NAME": "IMOLA", "strokeColor": "#70CC81", "RGB": "112, 204, 129" }, "geometry": { "type": "LineString", "coordinates": [ [ 11.712886524568733, 44.350458450898273 ], [ 11.712891221239799, 44.349574976682767 ] ] } },
{ "type": "Feature", "properties": { "CITY_NAME": "IMOLA", "strokeColor": "#70CC81", "RGB": "112, 204, 129" }, "geometry": { "type": "LineString", "coordinates": [ [ 11.716597548240523, 44.356523906532729 ], [ 11.716129594494591, 44.35596901588309 ], [ 11.716074437591315, 44.355895496097602 ] ] } },
{ "type": "Feature", "properties": { "CITY_NAME": "IMOLA", "strokeColor": "#B770CC", "RGB": "183, 112, 204" }, "geometry": { "type": "LineString", "coordinates": [ [ 11.714113485435497, 44.355989042152395 ], [ 11.714085361660674, 44.355956870816918 ], [ 11.714290232566595, 44.35587203169316 ] ] } },
{ "type": "Feature", "properties": { "CITY_NAME": "IMOLA", "strokeColor": "#B770CC", "RGB": "183, 112, 204" }, "geometry": { "type": "LineString", "coordinates": [ [ 11.716074437591315, 44.355895496097602 ], [ 11.715927835824731, 44.355725185446083 ] ] } },
{ "type": "Feature", "properties": { "CITY_NAME": "IMOLA", "strokeColor": "#B770CC", "RGB": "183, 112, 204" }, "geometry": { "type": "LineString", "coordinates": [ [ 11.718707376724062, 44.354951435156778 ], [ 11.718623614677567, 44.354956517273024 ], [ 11.71823583674918, 44.355083907903996 ], [ 11.716993131269581, 44.355513537464077 ], [ 11.716074437591315, 44.355895496097602 ] ] } },
{ "type": "Feature", "properties": { "CITY_NAME": "IMOLA", "strokeColor": "#B770CC", "RGB": "183, 112, 204" }, "geometry": { "type": "LineString", "coordinates": [ [ 11.716501242782059, 44.35506457578802 ], [ 11.717129973648399, 44.354826659390206 ] ] } },
{ "type": "Feature", "properties": { "CITY_NAME": "IMOLA", "strokeColor": "#B770CC", "RGB": "183, 112, 204" }, "geometry": { "type": "LineString", "coordinates": [ [ 11.708059354039714, 44.354287687100083 ], [ 11.708401535764798, 44.354157473413309 ] ] } },
{ "type": "Feature", "properties": { "CITY_NAME": "IMOLA", "strokeColor": "#B3B3B3", "RGB": "179, 179, 179" }, "geometry": { "type": "LineString", "coordinates": [ [ 11.780811086748106, 44.524571446087272 ], [ 11.780808759660273, 44.524487995677745 ], [ 11.780767929176598, 44.524056113832316 ], [ 11.78075786468721, 44.523848729180422 ], [ 11.780689082706715, 44.52319128757005 ], [ 11.78068731415196, 44.522986577052663 ] ] } },
{ "type": "Feature", "properties": { "CITY_NAME": "IMOLA", "strokeColor": "#B3B3B3", "RGB": "179, 179, 179" }, "geometry": { "type": "LineString", "coordinates": [ [ 11.664512101039479, 44.379472210548663 ], [ 11.664402357402089, 44.379327399242847 ], [ 11.664283696668379, 44.379172985740773 ] ] } },
{ "type": "Feature", "properties": { "CITY_NAME": "IMOLA", "strokeColor": "#B3B3B3", "RGB": "179, 179, 179" }, "geometry": { "type": "LineString", "coordinates": [ [ 11.685546881975149, 44.395372519701908 ], [ 11.685799989391372, 44.395278790903397 ] ] } },
{ "type": "Feature", "properties": { "CITY_NAME": "IMOLA", "strokeColor": "#B770CC", "RGB": "183, 112, 204" }, "geometry": { "type": "LineString", "coordinates": [ [ 11.719997880480618, 44.352634621691109 ], [ 11.719999197368784, 44.352443696835557 ], [ 11.720279456329804, 44.352367554754906 ] ] } },
{ "type": "Feature", "properties": { "CITY_NAME": "IMOLA", "strokeColor": "#B770CC", "RGB": "183, 112, 204" }, "geometry": { "type": "LineString", "coordinates": [ [ 11.714746482421493, 44.356354524038217 ], [ 11.714502659411764, 44.356434203613901 ] ] } },
{ "type": "Feature", "properties": { "CITY_NAME": "IMOLA", "strokeColor": "#B770CC", "RGB": "183, 112, 204" }, "geometry": { "type": "LineString", "coordinates": [ [ 11.718949059313031, 44.352179537295847 ], [ 11.718843031075767, 44.351987998696146 ], [ 11.718919574772679, 44.351963481362581 ] ] } },
{ "type": "Feature", "properties": { "CITY_NAME": "IMOLA", "strokeColor": "#B3B3B3", "RGB": "179, 179, 179" }, "geometry": { "type": "LineString", "coordinates": [ [ 11.722609359016737, 44.348687823528579 ], [ 11.72300445413442, 44.348204886430352 ] ] } },
{ "type": "Feature", "properties": { "CITY_NAME": "IMOLA", "strokeColor": "#B3B3B3", "RGB": "179, 179, 179" }, "geometry": { "type": "LineString", "coordinates": [ [ 11.764898725800442, 44.339252752415504 ], [ 11.764967472602279, 44.339383967204839 ], [ 11.765134345128653, 44.339641260084619 ], [ 11.765364871049039, 44.339839418342457 ], [ 11.765725128309064, 44.340092176985486 ], [ 11.766024264943104, 44.34027391589791 ], [ 11.766203198749734, 44.340389514605143 ] ] } },
{ "type": "Feature", "properties": { "CITY_NAME": "IMOLA", "strokeColor": "#B3B3B3", "RGB": "179, 179, 179" }, "geometry": { "type": "LineString", "coordinates": [ [ 11.771030965087043, 44.363850312728715 ], [ 11.771391024669619, 44.364317992802484 ] ] } },
{ "type": "Feature", "properties": { "CITY_NAME": "IMOLA", "strokeColor": "#B3B3B3", "RGB": "179, 179, 179" }, "geometry": { "type": "LineString", "coordinates": [ [ 11.737426730518541, 44.354458704136668 ], [ 11.737414394697192, 44.354604564725662 ] ] } },
{ "type": "Feature", "properties": { "CITY_NAME": "IMOLA", "strokeColor": "#B3B3B3", "RGB": "179, 179, 179" }, "geometry": { "type": "LineString", "coordinates": [ [ 11.719583858156783, 44.36059403644169 ], [ 11.719762616663457, 44.360522152395781 ], [ 11.719582174802666, 44.360295656821812 ], [ 11.719784497266454, 44.36020809845283 ] ] } },
{ "type": "Feature", "properties": { "CITY_NAME": "IMOLA", "strokeColor": "#B3B3B3", "RGB": "179, 179, 179" }, "geometry": { "type": "LineString", "coordinates": [ [ 11.712366663000696, 44.422257785936672 ], [ 11.71232711789356, 44.422181170765867 ], [ 11.712242733780005, 44.422111523227734 ] ] } },
{ "type": "Feature", "properties": { "CITY_NAME": "IMOLA", "strokeColor": "#B3B3B3", "RGB": "179, 179, 179" }, "geometry": { "type": "LineString", "coordinates": [ [ 11.713574741773728, 44.421744263714004 ], [ 11.713242610999275, 44.421814672926985 ], [ 11.712830365332872, 44.421907302523884 ], [ 11.712625878933494, 44.421971617783875 ] ] } },
{ "type": "Feature", "properties": { "CITY_NAME": "IMOLA", "strokeColor": "#B3B3B3", "RGB": "179, 179, 179" }, "geometry": { "type": "LineString", "coordinates": [ [ 11.634448562145423, 44.303074528203247 ], [ 11.634765487801195, 44.302864345602465 ] ] } },
{ "type": "Feature", "properties": { "CITY_NAME": "IMOLA", "strokeColor": "#B3B3B3", "RGB": "179, 179, 179" }, "geometry": { "type": "LineString", "coordinates": [ [ 11.701689838441514, 44.352212799824557 ], [ 11.701851761556203, 44.352134763095457 ], [ 11.702104126657913, 44.351925781490522 ], [ 11.70222105016356, 44.351847825512316 ], [ 11.702936035893131, 44.351330899300862 ], [ 11.703047723272906, 44.35125306646443 ], [ 11.703181778004556, 44.351091997659601 ], [ 11.703190741148907, 44.350961529602557 ] ] } },
{ "type": "Feature", "properties": { "CITY_NAME": "IMOLA", "strokeColor": "#B3B3B3", "RGB": "179, 179, 179" }, "geometry": { "type": "LineString", "coordinates": [ [ 11.734797234234234, 44.459419333342446 ], [ 11.734739935155714, 44.459348560550609 ], [ 11.734605221751389, 44.459155885062096 ] ] } },
{ "type": "Feature", "properties": { "CITY_NAME": "IMOLA", "strokeColor": "#B770CC", "RGB": "183, 112, 204" }, "geometry": { "type": "LineString", "coordinates": [ [ 11.706757551881687, 44.353278017729863 ], [ 11.706865566941408, 44.353478078441832 ], [ 11.706864666024529, 44.353524191889932 ], [ 11.705723555618059, 44.353964066890228 ] ] } },
{ "type": "Feature", "properties": { "CITY_NAME": "IMOLA", "strokeColor": "#B3B3B3", "RGB": "179, 179, 179" }, "geometry": { "type": "LineString", "coordinates": [ [ 11.682508687508076, 44.343850260998259 ], [ 11.681904954776986, 44.343069628409118 ], [ 11.681780713531676, 44.343019714072952 ], [ 11.681639150931046, 44.343010979899915 ] ] } },
{ "type": "Feature", "properties": { "CITY_NAME": "IMOLA", "strokeColor": "#70CC81", "RGB": "112, 204, 129" }, "geometry": { "type": "LineString", "coordinates": [ [ 11.71772264229072, 44.357952804001883 ], [ 11.718482012138377, 44.358896190490078 ] ] } },
{ "type": "Feature", "properties": { "CITY_NAME": "IMOLA", "strokeColor": "#B770CC", "RGB": "183, 112, 204" }, "geometry": { "type": "LineString", "coordinates": [ [ 11.708003654841752, 44.357748489201811 ], [ 11.708282558535446, 44.357616095058532 ] ] } },
{ "type": "Feature", "properties": { "CITY_NAME": "IMOLA", "strokeColor": "#B3B3B3", "RGB": "179, 179, 179" }, "geometry": { "type": "LineString", "coordinates": [ [ 11.718355388496484, 44.345746659461255 ], [ 11.718184832561803, 44.345762100670825 ], [ 11.718103587942826, 44.345823373235632 ], [ 11.718059791549674, 44.345893483230057 ], [ 11.718069267451742, 44.345965461186168 ], [ 11.718096864985412, 44.346030589566531 ] ] } },
{ "type": "Feature", "properties": { "CITY_NAME": "IMOLA", "strokeColor": "#70CC81", "RGB": "112, 204, 129" }, "geometry": { "type": "LineString", "coordinates": [ [ 11.712814005038505, 44.345829555804947 ], [ 11.712824465681907, 44.346209096822818 ] ] } },
{ "type": "Feature", "properties": { "CITY_NAME": "IMOLA", "strokeColor": "#70CC81", "RGB": "112, 204, 129" }, "geometry": { "type": "LineString", "coordinates": [ [ 11.718834447540228, 44.359089374620126 ], [ 11.719236598664136, 44.358931848729597 ], [ 11.719043331262998, 44.358677843043672 ] ] } },
{ "type": "Feature", "properties": { "CITY_NAME": "IMOLA", "strokeColor": "#B770CC", "RGB": "183, 112, 204" }, "geometry": { "type": "LineString", "coordinates": [ [ 11.710803382944148, 44.357945053380838 ], [ 11.710478048612787, 44.357539792947058 ], [ 11.710041468466805, 44.356932931201229 ] ] } },
{ "type": "Feature", "properties": { "CITY_NAME": "IMOLA", "strokeColor": "#B770CC", "RGB": "183, 112, 204" }, "geometry": { "type": "LineString", "coordinates": [ [ 11.716127168260366, 44.355216541804793 ], [ 11.716045732231764, 44.355111530177751 ], [ 11.715949819242576, 44.354989202353678 ], [ 11.715763052711454, 44.354735594419289 ], [ 11.715708809725289, 44.354643315360221 ] ] } },
{ "type": "Feature", "properties": { "CITY_NAME": "IMOLA", "strokeColor": "#B770CC", "RGB": "183, 112, 204" }, "geometry": { "type": "LineString", "coordinates": [ [ 11.721032456285361, 44.353126975905226 ], [ 11.72099998369881, 44.353074696154643 ], [ 11.720677227882224, 44.352546708809264 ] ] } },
{ "type": "Feature", "properties": { "CITY_NAME": "IMOLA", "strokeColor": "#B770CC", "RGB": "183, 112, 204" }, "geometry": { "type": "LineString", "coordinates": [ [ 11.720425722041025, 44.352643542605989 ], [ 11.720279456329804, 44.352367554754906 ] ] } },
{ "type": "Feature", "properties": { "CITY_NAME": "IMOLA", "strokeColor": "#B3B3B3", "RGB": "179, 179, 179" }, "geometry": { "type": "LineString", "coordinates": [ [ 11.703513079427678, 44.35095859563183 ], [ 11.703508427201493, 44.350874105505191 ], [ 11.703312604081241, 44.350825435718576 ], [ 11.703347236790158, 44.35074901337677 ], [ 11.703332498113873, 44.350705043878747 ], [ 11.702833960323961, 44.350144083813369 ], [ 11.702708241010733, 44.349897966353133 ], [ 11.702571610787434, 44.34967192116531 ], [ 11.702333998956497, 44.349394485269691 ], [ 11.702193911076201, 44.3492647623236 ] ] } },
{ "type": "Feature", "properties": { "CITY_NAME": "IMOLA", "strokeColor": "#70CC81", "RGB": "112, 204, 129" }, "geometry": { "type": "LineString", "coordinates": [ [ 11.717673236697582, 44.357891425061837 ], [ 11.717621545251456, 44.35782796418281 ] ] } },
{ "type": "Feature", "properties": { "CITY_NAME": "IMOLA", "strokeColor": "#B770CC", "RGB": "183, 112, 204" }, "geometry": { "type": "LineString", "coordinates": [ [ 11.709474021874149, 44.357161333226252 ], [ 11.709388696216685, 44.35702116539467 ] ] } },
{ "type": "Feature", "properties": { "CITY_NAME": "IMOLA", "strokeColor": "#B770CC", "RGB": "183, 112, 204" }, "geometry": { "type": "LineString", "coordinates": [ [ 11.703840908798147, 44.355202400118429 ], [ 11.703091490988141, 44.354151674270547 ] ] } },
{ "type": "Feature", "properties": { "CITY_NAME": "IMOLA", "strokeColor": "#B770CC", "RGB": "183, 112, 204" }, "geometry": { "type": "LineString", "coordinates": [ [ 11.71430149349653, 44.351621010130877 ], [ 11.714240707449651, 44.351629207651847 ] ] } },
{ "type": "Feature", "properties": { "CITY_NAME": "IMOLA", "strokeColor": "#70CC81", "RGB": "112, 204, 129" }, "geometry": { "type": "LineString", "coordinates": [ [ 11.715598847072489, 44.34868183812538 ], [ 11.715761576421539, 44.348650934877334 ] ] } },
{ "type": "Feature", "properties": { "CITY_NAME": "IMOLA", "strokeColor": "#B3B3B3", "RGB": "179, 179, 179" }, "geometry": { "type": "LineString", "coordinates": [ [ 11.720217765310158, 44.356948517041566 ], [ 11.720177718669291, 44.356917165225603 ], [ 11.720103829352796, 44.356895851284783 ] ] } },
{ "type": "Feature", "properties": { "CITY_NAME": "IMOLA", "strokeColor": "#B3B3B3", "RGB": "179, 179, 179" }, "geometry": { "type": "LineString", "coordinates": [ [ 11.695417372877973, 44.361332822839472 ], [ 11.695424100164422, 44.361300217331603 ], [ 11.695433786079501, 44.361242468524949 ], [ 11.695434487450374, 44.361212955502708 ], [ 11.695439997933464, 44.361153830653784 ] ] } },
{ "type": "Feature", "properties": { "CITY_NAME": "IMOLA", "strokeColor": "#B3B3B3", "RGB": "179, 179, 179" }, "geometry": { "type": "LineString", "coordinates": [ [ 11.719888413573655, 44.357013283534272 ], [ 11.719892689759659, 44.357059332202525 ], [ 11.719913602304031, 44.357094217200249 ] ] } },
{ "type": "Feature", "properties": { "CITY_NAME": "IMOLA", "strokeColor": "#B3B3B3", "RGB": "179, 179, 179" }, "geometry": { "type": "LineString", "coordinates": [ [ 11.666920377243391, 44.328667905188546 ], [ 11.667173767411075, 44.32879564669301 ] ] } },
{ "type": "Feature", "properties": { "CITY_NAME": "IMOLA", "strokeColor": "#B3B3B3", "RGB": "179, 179, 179" }, "geometry": { "type": "LineString", "coordinates": [ [ 11.670770195547142, 44.344296896357719 ], [ 11.670380790541515, 44.344538859023416 ], [ 11.670322967768282, 44.344576472046782 ] ] } },
{ "type": "Feature", "properties": { "CITY_NAME": "IMOLA", "strokeColor": "#B770CC", "RGB": "183, 112, 204" }, "geometry": { "type": "LineString", "coordinates": [ [ 11.706969417463993, 44.354867814582406 ], [ 11.706937078252492, 44.354776127300731 ], [ 11.70709590875863, 44.354686389048652 ] ] } },
{ "type": "Feature", "properties": { "CITY_NAME": "IMOLA", "strokeColor": "#B770CC", "RGB": "183, 112, 204" }, "geometry": { "type": "LineString", "coordinates": [ [ 11.718545826027325, 44.354703893183128 ], [ 11.7185130036122, 44.354654655878583 ], [ 11.718268117661388, 44.354391642027025 ], [ 11.718208642842397, 44.354360424487268 ] ] } },
{ "type": "Feature", "properties": { "CITY_NAME": "IMOLA", "strokeColor": "#B3B3B3", "RGB": "179, 179, 179" }, "geometry": { "type": "LineString", "coordinates": [ [ 11.703513079427678, 44.35095859563183 ], [ 11.703537134015885, 44.351091223756939 ], [ 11.703548500011967, 44.351152339557601 ], [ 11.703956950035291, 44.351720591820246 ], [ 11.704210341169901, 44.352103958934649 ] ] } },
{ "type": "Feature", "properties": { "CITY_NAME": "IMOLA", "strokeColor": "#B3B3B3", "RGB": "179, 179, 179" }, "geometry": { "type": "LineString", "coordinates": [ [ 11.689926493971798, 44.351378120290455 ], [ 11.690141552553532, 44.35181936974184 ] ] } },
{ "type": "Feature", "properties": { "CITY_NAME": "IMOLA", "strokeColor": "#B770CC", "RGB": "183, 112, 204" }, "geometry": { "type": "LineString", "coordinates": [ [ 11.715800350895588, 44.351375088932706 ], [ 11.715758122441187, 44.350987315123568 ], [ 11.71567489897769, 44.350503979647335 ] ] } },
{ "type": "Feature", "properties": { "CITY_NAME": "IMOLA", "strokeColor": "#B770CC", "RGB": "183, 112, 204" }, "geometry": { "type": "LineString", "coordinates": [ [ 11.715759056417724, 44.351803527445874 ], [ 11.715740822715542, 44.351731378711669 ], [ 11.715802874487435, 44.351563921102176 ] ] } },
{ "type": "Feature", "properties": { "CITY_NAME": "IMOLA", "strokeColor": "#70CC81", "RGB": "112, 204, 129" }, "geometry": { "type": "LineString", "coordinates": [ [ 11.712415764795207, 44.348232123654341 ], [ 11.712833084738385, 44.34792743800913 ] ] } },
{ "type": "Feature", "properties": { "CITY_NAME": "IMOLA", "strokeColor": "#B3B3B3", "RGB": "179, 179, 179" }, "geometry": { "type": "LineString", "coordinates": [ [ 11.674873502454108, 44.376725464896282 ], [ 11.674996677193935, 44.376682173311082 ], [ 11.675228041110421, 44.376590241367609 ], [ 11.675769338847099, 44.37637515395037 ], [ 11.676100344253555, 44.376247556394809 ], [ 11.676321777304596, 44.376147143159685 ], [ 11.676427505561483, 44.376091805679486 ], [ 11.676498678385325, 44.376047635085371 ] ] } },
{ "type": "Feature", "properties": { "CITY_NAME": "IMOLA", "strokeColor": "#B770CC", "RGB": "183, 112, 204" }, "geometry": { "type": "LineString", "coordinates": [ [ 11.71313317915315, 44.35172474184715 ], [ 11.713247733368604, 44.351675473019355 ], [ 11.713679864410603, 44.351444373401776 ] ] } },
{ "type": "Feature", "properties": { "CITY_NAME": "IMOLA", "strokeColor": "#B770CC", "RGB": "183, 112, 204" }, "geometry": { "type": "LineString", "coordinates": [ [ 11.709224953985938, 44.351705282209799 ], [ 11.709710141936513, 44.351456884637173 ] ] } },
{ "type": "Feature", "properties": { "CITY_NAME": "IMOLA", "strokeColor": "#B3B3B3", "RGB": "179, 179, 179" }, "geometry": { "type": "LineString", "coordinates": [ [ 11.712581278644103, 44.357885152830448 ], [ 11.712619504643106, 44.35792299382004 ], [ 11.712999502066669, 44.357794707117478 ] ] } },
{ "type": "Feature", "properties": { "CITY_NAME": "IMOLA", "strokeColor": "#B3B3B3", "RGB": "179, 179, 179" }, "geometry": { "type": "LineString", "coordinates": [ [ 11.690667641937489, 44.358098951882127 ], [ 11.690589529821519, 44.358118230531701 ], [ 11.690526394078937, 44.358132797899323 ], [ 11.690467291310298, 44.358169067528443 ], [ 11.690417790908183, 44.358216007671061 ], [ 11.690378492479377, 44.358286685142012 ] ] } },
{ "type": "Feature", "properties": { "CITY_NAME": "IMOLA", "strokeColor": "#B770CC", "RGB": "183, 112, 204" }, "geometry": { "type": "LineString", "coordinates": [ [ 11.718690451049866, 44.350681787040564 ], [ 11.71904309348033, 44.350658192243138 ], [ 11.719316234901532, 44.350660894981381 ] ] } },
{ "type": "Feature", "properties": { "CITY_NAME": "IMOLA", "strokeColor": "#70CC81", "RGB": "112, 204, 129" }, "geometry": { "type": "LineString", "coordinates": [ [ 11.711107216847969, 44.342722069721447 ], [ 11.7121444622595, 44.34425687282571 ] ] } },
{ "type": "Feature", "properties": { "CITY_NAME": "IMOLA", "strokeColor": "#70CC81", "RGB": "112, 204, 129" }, "geometry": { "type": "LineString", "coordinates": [ [ 11.710832454771605, 44.342323485544689 ], [ 11.711107216847969, 44.342722069721447 ] ] } },
{ "type": "Feature", "properties": { "CITY_NAME": "IMOLA", "strokeColor": "#B3B3B3", "RGB": "179, 179, 179" }, "geometry": { "type": "LineString", "coordinates": [ [ 11.709229292612855, 44.346447920409048 ], [ 11.709566883814741, 44.34696262288427 ] ] } },
{ "type": "Feature", "properties": { "CITY_NAME": "IMOLA", "strokeColor": "#B770CC", "RGB": "183, 112, 204" }, "geometry": { "type": "LineString", "coordinates": [ [ 11.708748728355754, 44.35617651592591 ], [ 11.708681296103967, 44.356092542735219 ], [ 11.708620457281606, 44.356014652815993 ], [ 11.70840094910081, 44.35576104185651 ] ] } },
{ "type": "Feature", "properties": { "CITY_NAME": "IMOLA", "strokeColor": "#B3B3B3", "RGB": "179, 179, 179" }, "geometry": { "type": "LineString", "coordinates": [ [ 11.737146741813538, 44.354287614468205 ], [ 11.737426730518541, 44.354458704136668 ] ] } },
{ "type": "Feature", "properties": { "CITY_NAME": "IMOLA", "strokeColor": "#B3B3B3", "RGB": "179, 179, 179" }, "geometry": { "type": "LineString", "coordinates": [ [ 11.709566883814741, 44.34696262288427 ], [ 11.709942454615824, 44.34714134772873 ], [ 11.709103564002842, 44.348490443481602 ] ] } },
{ "type": "Feature", "properties": { "CITY_NAME": "IMOLA", "strokeColor": "#B3B3B3", "RGB": "179, 179, 179" }, "geometry": { "type": "LineString", "coordinates": [ [ 11.703082343796606, 44.362087810945525 ], [ 11.702614998876108, 44.36225640417539 ] ] } },
{ "type": "Feature", "properties": { "CITY_NAME": "IMOLA", "strokeColor": "#B770CC", "RGB": "183, 112, 204" }, "geometry": { "type": "LineString", "coordinates": [ [ 11.714208911131681, 44.352095276142606 ], [ 11.714610373044698, 44.352518970923605 ] ] } },
{ "type": "Feature", "properties": { "CITY_NAME": "IMOLA", "strokeColor": "#B770CC", "RGB": "183, 112, 204" }, "geometry": { "type": "LineString", "coordinates": [ [ 11.714523849097105, 44.351902112946014 ], [ 11.714680240698032, 44.352028365668879 ], [ 11.715056629969556, 44.35228273441146 ] ] } },
{ "type": "Feature", "properties": { "CITY_NAME": "IMOLA", "strokeColor": "#B770CC", "RGB": "183, 112, 204" }, "geometry": { "type": "LineString", "coordinates": [ [ 11.714208911131681, 44.352095276142606 ], [ 11.714290960300795, 44.352055064409612 ], [ 11.714523849097105, 44.351902112946014 ] ] } },
{ "type": "Feature", "properties": { "CITY_NAME": "IMOLA", "strokeColor": "#B770CC", "RGB": "183, 112, 204" }, "geometry": { "type": "LineString", "coordinates": [ [ 11.710165329584902, 44.352199439062744 ], [ 11.709710141936513, 44.351456884637173 ] ] } },
{ "type": "Feature", "properties": { "CITY_NAME": "IMOLA", "strokeColor": "#B770CC", "RGB": "183, 112, 204" }, "geometry": { "type": "LineString", "coordinates": [ [ 11.71029557543268, 44.352600304451279 ], [ 11.710204637292593, 44.352527678214628 ] ] } },
{ "type": "Feature", "properties": { "CITY_NAME": "IMOLA", "strokeColor": "#B3B3B3", "RGB": "179, 179, 179" }, "geometry": { "type": "LineString", "coordinates": [ [ 11.690325667215919, 44.366593023167574 ], [ 11.689737106982122, 44.366805856368849 ], [ 11.68947867186162, 44.366820394200516 ], [ 11.688345624408614, 44.367325088879554 ] ] } },
{ "type": "Feature", "properties": { "CITY_NAME": "IMOLA", "strokeColor": "#B770CC", "RGB": "183, 112, 204" }, "geometry": { "type": "LineString", "coordinates": [ [ 11.71635894553355, 44.350630578383694 ], [ 11.716829397055806, 44.350678099906347 ] ] } },
{ "type": "Feature", "properties": { "CITY_NAME": "IMOLA", "strokeColor": "#B3B3B3", "RGB": "179, 179, 179" }, "geometry": { "type": "LineString", "coordinates": [ [ 11.662022127665622, 44.329803267382367 ], [ 11.661897404148318, 44.329689264511082 ] ] } },
{ "type": "Feature", "properties": { "CITY_NAME": "IMOLA", "strokeColor": "#B3B3B3", "RGB": "179, 179, 179" }, "geometry": { "type": "LineString", "coordinates": [ [ 11.710295264632752, 44.346200872463022 ], [ 11.710319621809452, 44.346237948877409 ], [ 11.710613418380182, 44.346223148891916 ] ] } },
{ "type": "Feature", "properties": { "CITY_NAME": "IMOLA", "strokeColor": "#B3B3B3", "RGB": "179, 179, 179" }, "geometry": { "type": "LineString", "coordinates": [ [ 11.702498071527426, 44.349052008501616 ], [ 11.702381773686172, 44.349094359529971 ], [ 11.702296842944111, 44.349132512590963 ], [ 11.701934609312582, 44.349292244356022 ] ] } },
{ "type": "Feature", "properties": { "CITY_NAME": "IMOLA", "strokeColor": "#B3B3B3", "RGB": "179, 179, 179" }, "geometry": { "type": "LineString", "coordinates": [ [ 11.701934609312582, 44.349292244356022 ], [ 11.700353834573111, 44.349989285612928 ] ] } },
{ "type": "Feature", "properties": { "CITY_NAME": "IMOLA", "strokeColor": "#B3B3B3", "RGB": "179, 179, 179" }, "geometry": { "type": "LineString", "coordinates": [ [ 11.768621570399697, 44.469407692399294 ], [ 11.767910872199622, 44.468756416732063 ], [ 11.767533800389092, 44.468388386053249 ], [ 11.767313551127733, 44.468147111384205 ] ] } },
{ "type": "Feature", "properties": { "CITY_NAME": "IMOLA", "strokeColor": "#B3B3B3", "RGB": "179, 179, 179" }, "geometry": { "type": "LineString", "coordinates": [ [ 11.706243737182064, 44.347368803620597 ], [ 11.706284839083557, 44.34733333069132 ], [ 11.706337405544005, 44.347314835130632 ], [ 11.706404194128762, 44.347315168217591 ] ] } },
{ "type": "Feature", "properties": { "CITY_NAME": "IMOLA", "strokeColor": "#B770CC", "RGB": "183, 112, 204" }, "geometry": { "type": "LineString", "coordinates": [ [ 11.707532873249811, 44.356642686276459 ], [ 11.707227640294407, 44.356218817183098 ] ] } },
{ "type": "Feature", "properties": { "CITY_NAME": "IMOLA", "strokeColor": "#70CC81", "RGB": "112, 204, 129" }, "geometry": { "type": "LineString", "coordinates": [ [ 11.718482012138377, 44.358896190490078 ], [ 11.718351585355739, 44.35894669151596 ] ] } },
{ "type": "Feature", "properties": { "CITY_NAME": "IMOLA", "strokeColor": "#70CC81", "RGB": "112, 204, 129" }, "geometry": { "type": "LineString", "coordinates": [ [ 11.718351585355739, 44.35894669151596 ], [ 11.718025329383238, 44.35907301589863 ], [ 11.718223812429235, 44.359328561890962 ], [ 11.718549807791375, 44.359200869338032 ] ] } },
{ "type": "Feature", "properties": { "CITY_NAME": "IMOLA", "strokeColor": "#70CC81", "RGB": "112, 204, 129" }, "geometry": { "type": "LineString", "coordinates": [ [ 11.718640357543702, 44.358834596511578 ], [ 11.718482012138377, 44.358896190490078 ] ] } },
{ "type": "Feature", "properties": { "CITY_NAME": "IMOLA", "strokeColor": "#B3B3B3", "RGB": "179, 179, 179" }, "geometry": { "type": "LineString", "coordinates": [ [ 11.730921065723001, 44.349554454927457 ], [ 11.730952550146679, 44.349556489767856 ], [ 11.731558682240923, 44.349573574409206 ], [ 11.731771909474119, 44.349600990045531 ], [ 11.731890495349264, 44.349687241754516 ] ] } },
{ "type": "Feature", "properties": { "CITY_NAME": "IMOLA", "strokeColor": "#B3B3B3", "RGB": "179, 179, 179" }, "geometry": { "type": "LineString", "coordinates": [ [ 11.698888892752313, 44.349907901929733 ], [ 11.699036488118502, 44.349908577511904 ], [ 11.69941839969329, 44.349966677573704 ], [ 11.699824954193208, 44.349934696563245 ], [ 11.700068563536998, 44.349947044946376 ], [ 11.700173760863066, 44.349954907751446 ], [ 11.700278064680992, 44.349935541272735 ], [ 11.700495426067626, 44.349848158203443 ], [ 11.700518934067732, 44.349778880683232 ], [ 11.700599453491236, 44.349754443627752 ], [ 11.700758648083944, 44.34973377798476 ], [ 11.701874132500253, 44.349229867362325 ] ] } },
{ "type": "Feature", "properties": { "CITY_NAME": "IMOLA", "strokeColor": "#B770CC", "RGB": "183, 112, 204" }, "geometry": { "type": "LineString", "coordinates": [ [ 11.712279969732533, 44.355427565530995 ], [ 11.712392134747393, 44.355571629894392 ] ] } },
{ "type": "Feature", "properties": { "CITY_NAME": "IMOLA", "strokeColor": "#B3B3B3", "RGB": "179, 179, 179" }, "geometry": { "type": "LineString", "coordinates": [ [ 11.7379878488548, 44.354617355494142 ], [ 11.737918952342657, 44.354670791724843 ], [ 11.737810483968424, 44.354705633139254 ], [ 11.737686464949467, 44.354715798314324 ], [ 11.73756376555151, 44.35470042524102 ] ] } },
{ "type": "Feature", "properties": { "CITY_NAME": "IMOLA", "strokeColor": "#B3B3B3", "RGB": "179, 179, 179" }, "geometry": { "type": "LineString", "coordinates": [ [ 11.694748666051963, 44.361320589428097 ], [ 11.694781499134205, 44.361364059864194 ], [ 11.69480708729874, 44.361384103450497 ], [ 11.694838905486904, 44.361405475486166 ] ] } },
{ "type": "Feature", "properties": { "CITY_NAME": "IMOLA", "strokeColor": "#B770CC", "RGB": "183, 112, 204" }, "geometry": { "type": "LineString", "coordinates": [ [ 11.703091490988141, 44.354151674270547 ], [ 11.704335061357314, 44.353685143890559 ] ] } },
{ "type": "Feature", "properties": { "CITY_NAME": "IMOLA", "strokeColor": "#B770CC", "RGB": "183, 112, 204" }, "geometry": { "type": "LineString", "coordinates": [ [ 11.708455799023733, 44.35791640367497 ], [ 11.70844929494686, 44.357847747627545 ], [ 11.708343087170791, 44.357695910976553 ], [ 11.708282558535446, 44.357616095058532 ] ] } },
{ "type": "Feature", "properties": { "CITY_NAME": "IMOLA", "strokeColor": "#B770CC", "RGB": "183, 112, 204" }, "geometry": { "type": "LineString", "coordinates": [ [ 11.705723555618059, 44.353964066890228 ], [ 11.705321051862667, 44.353421815108334 ] ] } },
{ "type": "Feature", "properties": { "CITY_NAME": "IMOLA", "strokeColor": "#B770CC", "RGB": "183, 112, 204" }, "geometry": { "type": "LineString", "coordinates": [ [ 11.704919242989112, 44.353465979370618 ], [ 11.704716346674685, 44.353410403512115 ], [ 11.704622418829732, 44.35341262919696 ], [ 11.704440195135021, 44.353473531638251 ], [ 11.704362018098491, 44.35348844234678 ], [ 11.704313039131577, 44.353478720316154 ], [ 11.70427578003736, 44.35346001677302 ], [ 11.703905073049551, 44.353116229423463 ], [ 11.703406564093241, 44.352433781576721 ], [ 11.703358484558855, 44.352392967665573 ] ] } },
{ "type": "Feature", "properties": { "CITY_NAME": "IMOLA", "strokeColor": "#B770CC", "RGB": "183, 112, 204" }, "geometry": { "type": "LineString", "coordinates": [ [ 11.708003654841752, 44.357748489201811 ], [ 11.707342590185471, 44.357420908655989 ] ] } }
]
}
