{
"type": "FeatureCollection",
"name": "OZZANO_DELL_EMILIA",
"crs": { "type": "name", "properties": { "name": "urn:ogc:def:crs:OGC:1.3:CRS84" } },
"features": [
{ "type": "Feature", "properties": { "CITY_NAME": "OZZANO_DELL_EMILIA", "strokeColor": "#B3B3B3", "RGB": "179, 179, 179" }, "geometry": { "type": "LineString", "coordinates": [ [ 11.431233455783193, 44.39023235801406 ], [ 11.431483392354105, 44.390080591230742 ], [ 11.431762217513796, 44.389910564100397 ], [ 11.432098265968122, 44.389690665606068 ] ] } },
{ "type": "Feature", "properties": { "CITY_NAME": "OZZANO_DELL_EMILIA", "strokeColor": "#CACC70", "RGB": "202, 204, 112" }, "geometry": { "type": "LineString", "coordinates": [ [ 11.475901555544159, 44.442595895607163 ], [ 11.476238263827119, 44.442472904441075 ], [ 11.475899622976877, 44.441999083498764 ], [ 11.475227562533547, 44.442250364802767 ], [ 11.475561779209389, 44.442720006523381 ], [ 11.475901555544159, 44.442595895607163 ] ] } },
{ "type": "Feature", "properties": { "CITY_NAME": "OZZANO_DELL_EMILIA", "strokeColor": "#CACC70", "RGB": "202, 204, 112" }, "geometry": { "type": "LineString", "coordinates": [ [ 11.465631638647565, 44.444904813878026 ], [ 11.46570597437255, 44.444980799202234 ] ] } },
{ "type": "Feature", "properties": { "CITY_NAME": "OZZANO_DELL_EMILIA", "strokeColor": "#B3B3B3", "RGB": "179, 179, 179" }, "geometry": { "type": "LineString", "coordinates": [ [ 11.469193222666544, 44.440068706990871 ], [ 11.469244993200277, 44.440044267586977 ], [ 11.470160145906966, 44.439630179103375 ] ] } },
{ "type": "Feature", "properties": { "CITY_NAME": "OZZANO_DELL_EMILIA", "strokeColor": "#B3B3B3", "RGB": "179, 179, 179" }, "geometry": { "type": "LineString", "coordinates": [ [ 11.426442273729439, 44.376224995445995 ], [ 11.426736865025818, 44.375046918433746 ], [ 11.426789242569777, 44.374971640497506 ] ] } },
{ "type": "Feature", "properties": { "CITY_NAME": "OZZANO_DELL_EMILIA", "strokeColor": "#B3B3B3", "RGB": "179, 179, 179" }, "geometry": { "type": "LineString", "coordinates": [ [ 11.467434167470932, 44.440951619844668 ], [ 11.467156840202264, 44.441147212399144 ] ] } },
{ "type": "Feature", "properties": { "CITY_NAME": "OZZANO_DELL_EMILIA", "strokeColor": "#B3B3B3", "RGB": "179, 179, 179" }, "geometry": { "type": "LineString", "coordinates": [ [ 11.46570597437255, 44.444980799202234 ], [ 11.46655943099069, 44.444646444008924 ], [ 11.468397026129171, 44.44395422306853 ], [ 11.469098721671841, 44.443697414793462 ] ] } },
{ "type": "Feature", "properties": { "CITY_NAME": "OZZANO_DELL_EMILIA", "strokeColor": "#B3B3B3", "RGB": "179, 179, 179" }, "geometry": { "type": "LineString", "coordinates": [ [ 11.510925662159369, 44.465081722370527 ], [ 11.51119204268976, 44.464995095513913 ] ] } },
{ "type": "Feature", "properties": { "CITY_NAME": "OZZANO_DELL_EMILIA", "strokeColor": "#B3B3B3", "RGB": "179, 179, 179" }, "geometry": { "type": "LineString", "coordinates": [ [ 11.477157838222499, 44.44436468694834 ], [ 11.477256656657973, 44.444430589740115 ], [ 11.477373639616273, 44.444458342082932 ] ] } },
{ "type": "Feature", "properties": { "CITY_NAME": "OZZANO_DELL_EMILIA", "strokeColor": "#B3B3B3", "RGB": "179, 179, 179" }, "geometry": { "type": "LineString", "coordinates": [ [ 11.472680860979363, 44.446266463178759 ], [ 11.472968799506228, 44.446146769891548 ] ] } },
{ "type": "Feature", "properties": { "CITY_NAME": "OZZANO_DELL_EMILIA", "strokeColor": "#B3B3B3", "RGB": "179, 179, 179" }, "geometry": { "type": "LineString", "coordinates": [ [ 11.478912627370482, 44.439876788097436 ], [ 11.478940473175745, 44.439853205049999 ], [ 11.47924144764154, 44.439522280933303 ], [ 11.479634860267886, 44.439073677631356 ], [ 11.479833414191368, 44.43892621696375 ], [ 11.480130290348734, 44.438845640273072 ], [ 11.480428833925291, 44.438871524198809 ], [ 11.483158388303687, 44.439457845725947 ], [ 11.483395796067343, 44.439452679198567 ], [ 11.484223990858018, 44.439136723117166 ] ] } },
{ "type": "Feature", "properties": { "CITY_NAME": "OZZANO_DELL_EMILIA", "strokeColor": "#CACC70", "RGB": "202, 204, 112" }, "geometry": { "type": "LineString", "coordinates": [ [ 11.474674596821474, 44.444078217814415 ], [ 11.475189371480257, 44.443872520609972 ], [ 11.476118977095879, 44.44353094562954 ] ] } },
{ "type": "Feature", "properties": { "CITY_NAME": "OZZANO_DELL_EMILIA", "strokeColor": "#B3B3B3", "RGB": "179, 179, 179" }, "geometry": { "type": "LineString", "coordinates": [ [ 11.4782162541768, 44.44755118616294 ], [ 11.476870502138951, 44.448028950053342 ], [ 11.476806375739727, 44.448035599021587 ], [ 11.476757652573587, 44.448020888104203 ], [ 11.476719665424397, 44.44799017522115 ], [ 11.476062700948789, 44.447077893311913 ], [ 11.47596899130065, 44.446971636046349 ] ] } },
{ "type": "Feature", "properties": { "CITY_NAME": "OZZANO_DELL_EMILIA", "strokeColor": "#B3B3B3", "RGB": "179, 179, 179" }, "geometry": { "type": "LineString", "coordinates": [ [ 11.476874042249802, 44.440610763282756 ], [ 11.476804978423464, 44.440632315219467 ], [ 11.476744510355633, 44.440668002905184 ], [ 11.476718772809262, 44.440714200210088 ] ] } },
{ "type": "Feature", "properties": { "CITY_NAME": "OZZANO_DELL_EMILIA", "strokeColor": "#B3B3B3", "RGB": "179, 179, 179" }, "geometry": { "type": "LineString", "coordinates": [ [ 11.467101461099887, 44.439546247423209 ], [ 11.466566224134013, 44.439915780703593 ], [ 11.467434167470932, 44.440951619844668 ] ] } },
{ "type": "Feature", "properties": { "CITY_NAME": "OZZANO_DELL_EMILIA", "strokeColor": "#B3B3B3", "RGB": "179, 179, 179" }, "geometry": { "type": "LineString", "coordinates": [ [ 11.476885991929237, 44.440991397472089 ], [ 11.476883322736407, 44.440915983582528 ], [ 11.476903607301294, 44.44085806249609 ], [ 11.476951698030783, 44.440792416051067 ] ] } },
{ "type": "Feature", "properties": { "CITY_NAME": "OZZANO_DELL_EMILIA", "strokeColor": "#B3B3B3", "RGB": "179, 179, 179" }, "geometry": { "type": "LineString", "coordinates": [ [ 11.471248101929435, 44.443321589004142 ], [ 11.471210852690776, 44.443271493616777 ] ] } },
{ "type": "Feature", "properties": { "CITY_NAME": "OZZANO_DELL_EMILIA", "strokeColor": "#70ACCC", "RGB": "112, 172, 204" }, "geometry": { "type": "LineString", "coordinates": [ [ 11.484412694193216, 44.443888734558328 ], [ 11.48566066118876, 44.443419327110718 ] ] } },
{ "type": "Feature", "properties": { "CITY_NAME": "OZZANO_DELL_EMILIA", "strokeColor": "#B3B3B3", "RGB": "179, 179, 179" }, "geometry": { "type": "LineString", "coordinates": [ [ 11.485071963653526, 44.439904929552171 ], [ 11.484795505130855, 44.439431256692593 ] ] } },
{ "type": "Feature", "properties": { "CITY_NAME": "OZZANO_DELL_EMILIA", "strokeColor": "#70ACCC", "RGB": "112, 172, 204" }, "geometry": { "type": "LineString", "coordinates": [ [ 11.509841966193132, 44.452430290105568 ], [ 11.509719433686104, 44.452281603444824 ], [ 11.509609632895803, 44.452081512663867 ], [ 11.509483350123134, 44.451840197427067 ], [ 11.508914776816175, 44.450717647465929 ], [ 11.508871508242423, 44.450647286032442 ], [ 11.508826429985882, 44.450610343371871 ] ] } },
{ "type": "Feature", "properties": { "CITY_NAME": "OZZANO_DELL_EMILIA", "strokeColor": "#B3B3B3", "RGB": "179, 179, 179" }, "geometry": { "type": "LineString", "coordinates": [ [ 11.502477986148245, 44.435028468757437 ], [ 11.502577809393555, 44.435207143342616 ], [ 11.502613558294861, 44.43530939930649 ], [ 11.50261754198818, 44.435402737770858 ], [ 11.502581480096655, 44.435496574286816 ], [ 11.502517257492295, 44.435568605295408 ], [ 11.502411360273095, 44.435625208292116 ], [ 11.501221713961787, 44.436089608904993 ], [ 11.499111228462223, 44.43688908975269 ] ] } },
{ "type": "Feature", "properties": { "CITY_NAME": "OZZANO_DELL_EMILIA", "strokeColor": "#B3B3B3", "RGB": "179, 179, 179" }, "geometry": { "type": "LineString", "coordinates": [ [ 11.487016817121047, 44.440718762138268 ], [ 11.488664340319474, 44.440094727929953 ] ] } },
{ "type": "Feature", "properties": { "CITY_NAME": "OZZANO_DELL_EMILIA", "strokeColor": "#B3B3B3", "RGB": "179, 179, 179" }, "geometry": { "type": "LineString", "coordinates": [ [ 11.478113453807548, 44.437896083836122 ], [ 11.477487594724717, 44.438120324607539 ], [ 11.477398983601814, 44.438180604694182 ], [ 11.477326612371293, 44.438260332674652 ] ] } },
{ "type": "Feature", "properties": { "CITY_NAME": "OZZANO_DELL_EMILIA", "strokeColor": "#B3B3B3", "RGB": "179, 179, 179" }, "geometry": { "type": "LineString", "coordinates": [ [ 11.47432803655974, 44.439498564950419 ], [ 11.474212217677373, 44.439235263468291 ] ] } },
{ "type": "Feature", "properties": { "CITY_NAME": "OZZANO_DELL_EMILIA", "strokeColor": "#B3B3B3", "RGB": "179, 179, 179" }, "geometry": { "type": "LineString", "coordinates": [ [ 11.476951698030783, 44.440792416051067 ], [ 11.477005452261229, 44.440766065637057 ], [ 11.477041342103552, 44.440737474085935 ], [ 11.47706162095173, 44.440696929084538 ], [ 11.477053992641638, 44.44065842109012 ] ] } },
{ "type": "Feature", "properties": { "CITY_NAME": "OZZANO_DELL_EMILIA", "strokeColor": "#70ACCC", "RGB": "112, 172, 204" }, "geometry": { "type": "LineString", "coordinates": [ [ 11.504795182840351, 44.46477296527997 ], [ 11.505663826334803, 44.466191059823984 ], [ 11.50515930186187, 44.466728824542876 ], [ 11.504514508465959, 44.46693724916971 ] ] } },
{ "type": "Feature", "properties": { "CITY_NAME": "OZZANO_DELL_EMILIA", "strokeColor": "#B3B3B3", "RGB": "179, 179, 179" }, "geometry": { "type": "LineString", "coordinates": [ [ 11.463408845469802, 44.436667490222803 ], [ 11.463515899712045, 44.436626825937104 ], [ 11.463639292875152, 44.436564240383305 ], [ 11.463765378900661, 44.436498018923359 ], [ 11.463887359605859, 44.436484122880522 ], [ 11.463980839720653, 44.436482230252174 ], [ 11.464117831899872, 44.436515367445125 ], [ 11.464273637111637, 44.436608510585572 ], [ 11.464473014418592, 44.436738298851182 ], [ 11.464686656204503, 44.436898787480295 ], [ 11.464865045377067, 44.437064872244264 ], [ 11.465122559951968, 44.437341909787605 ], [ 11.465522372232078, 44.437798580184975 ] ] } },
{ "type": "Feature", "properties": { "CITY_NAME": "OZZANO_DELL_EMILIA", "strokeColor": "#70ACCC", "RGB": "112, 172, 204" }, "geometry": { "type": "LineString", "coordinates": [ [ 11.506366779930289, 44.45370351547006 ], [ 11.505870887344443, 44.453848179073638 ] ] } },
{ "type": "Feature", "properties": { "CITY_NAME": "OZZANO_DELL_EMILIA", "strokeColor": "#B3B3B3", "RGB": "179, 179, 179" }, "geometry": { "type": "LineString", "coordinates": [ [ 11.476885991929237, 44.440991397472089 ], [ 11.477120420420976, 44.441345253684851 ] ] } },
{ "type": "Feature", "properties": { "CITY_NAME": "OZZANO_DELL_EMILIA", "strokeColor": "#CACC70", "RGB": "202, 204, 112" }, "geometry": { "type": "LineString", "coordinates": [ [ 11.474025156077536, 44.440112533385197 ], [ 11.474661619620269, 44.439874840679153 ] ] } },
{ "type": "Feature", "properties": { "CITY_NAME": "OZZANO_DELL_EMILIA", "strokeColor": "#B3B3B3", "RGB": "179, 179, 179" }, "geometry": { "type": "LineString", "coordinates": [ [ 11.476027999779369, 44.444992569058208 ], [ 11.476650231040583, 44.444750616956938 ] ] } },
{ "type": "Feature", "properties": { "CITY_NAME": "OZZANO_DELL_EMILIA", "strokeColor": "#B3B3B3", "RGB": "179, 179, 179" }, "geometry": { "type": "LineString", "coordinates": [ [ 11.46855697606599, 44.447830968713127 ], [ 11.470506208143421, 44.447098410379212 ], [ 11.471810195241593, 44.446603617056958 ] ] } },
{ "type": "Feature", "properties": { "CITY_NAME": "OZZANO_DELL_EMILIA", "strokeColor": "#70ACCC", "RGB": "112, 172, 204" }, "geometry": { "type": "LineString", "coordinates": [ [ 11.48994403614504, 44.441851229642367 ], [ 11.490171335310503, 44.442139331339419 ], [ 11.490345517775385, 44.442362964016567 ] ] } },
{ "type": "Feature", "properties": { "CITY_NAME": "OZZANO_DELL_EMILIA", "strokeColor": "#70ACCC", "RGB": "112, 172, 204" }, "geometry": { "type": "LineString", "coordinates": [ [ 11.48086729713741, 44.443368665913937 ], [ 11.480858930431353, 44.443329705202181 ], [ 11.480839022023211, 44.443263310431121 ], [ 11.480807617173602, 44.443199393661082 ], [ 11.48074823435393, 44.443161385919041 ] ] } },
{ "type": "Feature", "properties": { "CITY_NAME": "OZZANO_DELL_EMILIA", "strokeColor": "#70ACCC", "RGB": "112, 172, 204" }, "geometry": { "type": "LineString", "coordinates": [ [ 11.480673298179825, 44.443061207262872 ], [ 11.480465273398641, 44.442783101848882 ], [ 11.4800483996931, 44.44220677335607 ], [ 11.479750195700383, 44.441774940553003 ], [ 11.479487916610781, 44.441373633271169 ] ] } },
{ "type": "Feature", "properties": { "CITY_NAME": "OZZANO_DELL_EMILIA", "strokeColor": "#B3B3B3", "RGB": "179, 179, 179" }, "geometry": { "type": "LineString", "coordinates": [ [ 11.499156891435899, 44.437961162217604 ], [ 11.499455051270917, 44.437840868499833 ] ] } },
{ "type": "Feature", "properties": { "CITY_NAME": "OZZANO_DELL_EMILIA", "strokeColor": "#CACC70", "RGB": "202, 204, 112" }, "geometry": { "type": "LineString", "coordinates": [ [ 11.472948319377224, 44.447265777776131 ], [ 11.473433418323523, 44.447087310823527 ], [ 11.473536563004116, 44.447067978000753 ] ] } },
{ "type": "Feature", "properties": { "CITY_NAME": "OZZANO_DELL_EMILIA", "strokeColor": "#B3B3B3", "RGB": "179, 179, 179" }, "geometry": { "type": "LineString", "coordinates": [ [ 11.469098721671841, 44.443697414793462 ], [ 11.469249836034496, 44.443907648913616 ] ] } },
{ "type": "Feature", "properties": { "CITY_NAME": "OZZANO_DELL_EMILIA", "strokeColor": "#70ACCC", "RGB": "112, 172, 204" }, "geometry": { "type": "LineString", "coordinates": [ [ 11.499021697843801, 44.464882193428295 ], [ 11.499547090967019, 44.464533346888267 ] ] } },
{ "type": "Feature", "properties": { "CITY_NAME": "OZZANO_DELL_EMILIA", "strokeColor": "#B3B3B3", "RGB": "179, 179, 179" }, "geometry": { "type": "LineString", "coordinates": [ [ 11.426144984273444, 44.376925724145579 ], [ 11.426203697367193, 44.376584263245142 ], [ 11.426272080316789, 44.376195992354248 ] ] } },
{ "type": "Feature", "properties": { "CITY_NAME": "OZZANO_DELL_EMILIA", "strokeColor": "#70ACCC", "RGB": "112, 172, 204" }, "geometry": { "type": "LineString", "coordinates": [ [ 11.485048118043229, 44.442675342660166 ], [ 11.484479772523924, 44.441985020849081 ], [ 11.484485973889068, 44.441933398906421 ] ] } },
{ "type": "Feature", "properties": { "CITY_NAME": "OZZANO_DELL_EMILIA", "strokeColor": "#70ACCC", "RGB": "112, 172, 204" }, "geometry": { "type": "LineString", "coordinates": [ [ 11.490285644968436, 44.443973001020524 ], [ 11.490285702959969, 44.443976138972921 ], [ 11.490285557041103, 44.443979712599898 ], [ 11.490285137833522, 44.443983804438737 ], [ 11.490284604748545, 44.443987138939839 ], [ 11.490283687360249, 44.443991188531506 ], [ 11.490282751436476, 44.443994476904948 ], [ 11.490281761215657, 44.443997374848479 ], [ 11.49028062911635, 44.444000246178547 ], [ 11.490279360045852, 44.444003088087349 ], [ 11.490277758672336, 44.444006242434867 ], [ 11.490275367063745, 44.444010377303776 ], [ 11.490272920884067, 44.444014085738168 ], [ 11.490270980984928, 44.444016726218543 ], [ 11.490268914534681, 44.444019316344203 ], [ 11.490265862576925, 44.444022786820739 ], [ 11.490263206642666, 44.444025551853848 ], [ 11.49026071449336, 44.444027942405377 ], [ 11.490258106518951, 44.444030268864196 ], [ 11.490254334500477, 44.444033355332394 ], [ 11.490249993800035, 44.444036573941752 ], [ 11.490246593402601, 44.444038883477724 ], [ 11.490243462411931, 44.444040849537579 ], [ 11.490239822474653, 44.444042963540419 ], [ 11.490235230510295, 44.444045415204997 ], [ 11.490231786950428, 44.444047093697442 ], [ 11.490226921261199, 44.444049255146588 ], [ 11.490222840655498, 44.444050906124261 ], [ 11.490217730456024, 44.444052755114292 ], [ 11.490213465349303, 44.444054145439239 ], [ 11.490209611387623, 44.444055274721016 ], [ 11.490205703038104, 44.444056307060492 ], [ 11.490201747795588, 44.444057241393857 ], [ 11.490197748094639, 44.44405807586751 ], [ 11.490193711468322, 44.444058810317102 ], [ 11.490189641606703, 44.44405944286158 ], [ 11.490185542276338, 44.444059973418796 ], [ 11.490181421010281, 44.444060401824387 ], [ 11.49017728149861, 44.444060726197378 ], [ 11.49017312750788, 44.444060946455522 ], [ 11.49016896535387, 44.444061063361339 ], [ 11.490163239335848, 44.444061048734518 ], [ 11.49015855821952, 44.444060900580425 ], [ 11.490153891112415, 44.444060608978667 ], [ 11.490148211443671, 44.444060088292346 ], [ 11.490144107028611, 44.444059582756154 ], [ 11.490140029681102, 44.444058974899583 ], [ 11.490135984461443, 44.444058265512531 ], [ 11.490131975174378, 44.444057455412263 ], [ 11.490127518954141, 44.444056419192677 ], [ 11.490122147765605, 44.444054996013818 ], [ 11.490118307331509, 44.444053841930121 ], [ 11.490114525658621, 44.444052592036812 ], [ 11.490110806628165, 44.444051248950018 ], [ 11.490107155300434, 44.444049813459593 ], [ 11.490103575556653, 44.44404828818174 ], [ 11.490099644930069, 44.444046460867575 ], [ 11.490094560556761, 44.444043861988845 ], [ 11.49008967185339, 44.44404107698832 ], [ 11.490084235984945, 44.444037599917891 ], [ 11.490080894961732, 44.444035245690962 ], [ 11.49007804168561, 44.444033072580105 ], [ 11.490075295988767, 44.444030828702424 ], [ 11.490072660573373, 44.444028518500218 ], [ 11.490070140499677, 44.444026142763498 ], [ 11.490067737214327, 44.444023705961897 ], [ 11.490065183418402, 44.444020891632263 ], [ 11.490062013599161, 44.444017036532507 ], [ 11.490059130470208, 44.444013067147175 ], [ 11.490056737687894, 44.444009340039187 ], [ 11.490055161301006, 44.444006578209461 ], [ 11.490053719056208, 44.444003779243573 ], [ 11.490052270148915, 44.444000587007984 ], [ 11.490050721216209, 44.44399663803253 ], [ 11.490049452822859, 44.443992637023896 ], [ 11.490048601251067, 44.443989336329999 ], [ 11.490048004505541, 44.443986383880727 ], [ 11.490047513296263, 44.443983046517431 ], [ 11.490047143221766, 44.443978952091165 ], [ 11.490047052897935, 44.443975969689191 ], [ 11.490047132676311, 44.443972613568448 ], [ 11.490047462530237, 44.443968518278076 ], [ 11.490047880462887, 44.443965549096056 ], [ 11.490048442211258, 44.443962592981563 ], [ 11.490049149145548, 44.443959652605443 ], [ 11.490049997652131, 44.443956731647674 ], [ 11.490051128427352, 44.44395347413586 ], [ 11.490052736727643, 44.443949536411452 ], [ 11.490054620492556, 44.443945663798772 ], [ 11.490056961244379, 44.443941514739358 ], [ 11.4900589062023, 44.443938460931449 ], [ 11.490061524600311, 44.443934812663471 ], [ 11.490063834634341, 44.443931892232953 ], [ 11.490066026500669, 44.443929355191401 ], [ 11.490068340162965, 44.443926874910311 ], [ 11.490070774442184, 44.443924453215864 ], [ 11.490073324507462, 44.4439220947148 ], [ 11.490075987886007, 44.443919800361293 ], [ 11.490079121506621, 44.443917304893894 ], [ 11.490084252013817, 44.443913598224164 ], [ 11.490087708270819, 44.443911331587366 ], [ 11.490090887395986, 44.443909404093283 ], [ 11.49009415792349, 44.443907557429412 ], [ 11.490097517418794, 44.443905793449417 ], [ 11.490102277461595, 44.443903511874609 ], [ 11.490107632192414, 44.443901207423771 ], [ 11.490111750124605, 44.44389960695095 ], [ 11.490116905792503, 44.443897822692975 ], [ 11.490121204571931, 44.443896485652829 ], [ 11.490125085699713, 44.443895404395612 ], [ 11.490130507364201, 44.44389408337144 ], [ 11.490136510842147, 44.44389285048431 ], [ 11.490141066962767, 44.443892068693494 ], [ 11.490146693084533, 44.443891300471229 ], [ 11.490151326801723, 44.443890806871963 ], [ 11.490155986647515, 44.443890454944096 ], [ 11.490161700758728, 44.443890189849192 ], [ 11.490165865118092, 44.443890125110798 ], [ 11.490171590411448, 44.443890211774381 ], [ 11.49017782168389, 44.443890524168829 ], [ 11.490182476279152, 44.443890906068873 ], [ 11.490186592313895, 44.443891360035245 ], [ 11.490190683830591, 44.443891917166304 ], [ 11.490194746986308, 44.443892575745444 ], [ 11.490198774248025, 44.443893335936906 ], [ 11.490202763028289, 44.443894195996705 ], [ 11.490206705755883, 44.443895155189701 ], [ 11.490210599843321, 44.443896211771786 ], [ 11.490214440268637, 44.443897365852621 ], [ 11.490218223188846, 44.443898615715433 ], [ 11.490240889589549, 44.443908841565417 ] ] } },
{ "type": "Feature", "properties": { "CITY_NAME": "OZZANO_DELL_EMILIA", "strokeColor": "#B3B3B3", "RGB": "179, 179, 179" }, "geometry": { "type": "LineString", "coordinates": [ [ 11.467101461099887, 44.439546247423209 ], [ 11.467176302561906, 44.439631412616635 ] ] } },
{ "type": "Feature", "properties": { "CITY_NAME": "OZZANO_DELL_EMILIA", "strokeColor": "#B3B3B3", "RGB": "179, 179, 179" }, "geometry": { "type": "LineString", "coordinates": [ [ 11.472992260436454, 44.441869290420605 ], [ 11.473796120584417, 44.441569561393749 ] ] } },
{ "type": "Feature", "properties": { "CITY_NAME": "OZZANO_DELL_EMILIA", "strokeColor": "#70ACCC", "RGB": "112, 172, 204" }, "geometry": { "type": "LineString", "coordinates": [ [ 11.500692683730952, 44.465465972012019 ], [ 11.500805163829712, 44.465550708777471 ], [ 11.5024467945907, 44.464937701007621 ], [ 11.502549637079561, 44.464936877746467 ], [ 11.502622842246129, 44.464981763111716 ], [ 11.502962480018825, 44.465455801441465 ] ] } },
{ "type": "Feature", "properties": { "CITY_NAME": "OZZANO_DELL_EMILIA", "strokeColor": "#70ACCC", "RGB": "112, 172, 204" }, "geometry": { "type": "LineString", "coordinates": [ [ 11.502477771498686, 44.463824902376139 ], [ 11.502677504586776, 44.463980441133742 ], [ 11.502834003714735, 44.464235374587503 ] ] } },
{ "type": "Feature", "properties": { "CITY_NAME": "OZZANO_DELL_EMILIA", "strokeColor": "#70ACCC", "RGB": "112, 172, 204" }, "geometry": { "type": "LineString", "coordinates": [ [ 11.485710111448538, 44.442430124858362 ], [ 11.485048118043229, 44.442675342660166 ] ] } },
{ "type": "Feature", "properties": { "CITY_NAME": "OZZANO_DELL_EMILIA", "strokeColor": "#B3B3B3", "RGB": "179, 179, 179" }, "geometry": { "type": "LineString", "coordinates": [ [ 11.471348714011128, 44.441764122632435 ], [ 11.471079294251052, 44.44142376336378 ] ] } },
{ "type": "Feature", "properties": { "CITY_NAME": "OZZANO_DELL_EMILIA", "strokeColor": "#70ACCC", "RGB": "112, 172, 204" }, "geometry": { "type": "LineString", "coordinates": [ [ 11.506556750881586, 44.455015737136236 ], [ 11.506298809776052, 44.45457666459285 ], [ 11.505870887344443, 44.453848179073638 ] ] } },
{ "type": "Feature", "properties": { "CITY_NAME": "OZZANO_DELL_EMILIA", "strokeColor": "#B3B3B3", "RGB": "179, 179, 179" }, "geometry": { "type": "LineString", "coordinates": [ [ 11.511559605804591, 44.465710135318339 ], [ 11.512839789378736, 44.465295570340793 ], [ 11.5131930119353, 44.465384992228351 ], [ 11.513601652595495, 44.465251067002484 ] ] } },
{ "type": "Feature", "properties": { "CITY_NAME": "OZZANO_DELL_EMILIA", "strokeColor": "#B3B3B3", "RGB": "179, 179, 179" }, "geometry": { "type": "LineString", "coordinates": [ [ 11.470057295893907, 44.443229493987438 ], [ 11.470595348217998, 44.443025181839083 ], [ 11.470926061422992, 44.442899970219628 ] ] } },
{ "type": "Feature", "properties": { "CITY_NAME": "OZZANO_DELL_EMILIA", "strokeColor": "#B3B3B3", "RGB": "179, 179, 179" }, "geometry": { "type": "LineString", "coordinates": [ [ 11.464291526692779, 44.447260393520558 ], [ 11.464268893720583, 44.447268780132035 ], [ 11.464250119464738, 44.447272041064188 ], [ 11.464226930285049, 44.447270343224417 ], [ 11.464206971346812, 44.447264024817351 ], [ 11.464190172119366, 44.447253380852999 ], [ 11.464179188156431, 44.447240324682561 ], [ 11.46417378398086, 44.447223530802169 ], [ 11.464175480582337, 44.447208952227847 ], [ 11.464183803854564, 44.44719407215554 ], [ 11.464195810159751, 44.44718324388284 ], [ 11.464217424802936, 44.447172996818963 ], [ 11.464241219109967, 44.447168945121049 ], [ 11.464263865487212, 44.44717049712996 ], [ 11.46428514252265, 44.447177229101051 ], [ 11.464300939088623, 44.44718725100919 ], [ 11.464312839321114, 44.447201563960213 ], [ 11.464317703757088, 44.4472171478292 ], [ 11.464315555811003, 44.447233424142645 ], [ 11.464306528908478, 44.447248277102339 ], [ 11.464291526692779, 44.447260393520558 ] ] } },
{ "type": "Feature", "properties": { "CITY_NAME": "OZZANO_DELL_EMILIA", "strokeColor": "#B3B3B3", "RGB": "179, 179, 179" }, "geometry": { "type": "LineString", "coordinates": [ [ 11.48864974319563, 44.436224893579457 ], [ 11.488632209557638, 44.436211245225351 ], [ 11.488619046976618, 44.436197885085591 ], [ 11.488608150055503, 44.436183345718256 ], [ 11.488601412815255, 44.436171395749732 ], [ 11.488596901121532, 44.43615752921292 ], [ 11.488595947476254, 44.436142470578893 ], [ 11.488598124536365, 44.436113405801621 ] ] } },
{ "type": "Feature", "properties": { "CITY_NAME": "OZZANO_DELL_EMILIA", "strokeColor": "#B3B3B3", "RGB": "179, 179, 179" }, "geometry": { "type": "LineString", "coordinates": [ [ 11.484735802093709, 44.437664144491293 ], [ 11.485182448913292, 44.437473861604332 ], [ 11.485360077668876, 44.437399340624879 ] ] } },
{ "type": "Feature", "properties": { "CITY_NAME": "OZZANO_DELL_EMILIA", "strokeColor": "#B3B3B3", "RGB": "179, 179, 179" }, "geometry": { "type": "LineString", "coordinates": [ [ 11.476826142820153, 44.439826364764258 ], [ 11.476309266890707, 44.440026721544974 ] ] } },
{ "type": "Feature", "properties": { "CITY_NAME": "OZZANO_DELL_EMILIA", "strokeColor": "#B3B3B3", "RGB": "179, 179, 179" }, "geometry": { "type": "LineString", "coordinates": [ [ 11.488288254969186, 44.435981046717174 ], [ 11.488308594995006, 44.435992523729766 ], [ 11.488328198986489, 44.436000900068876 ], [ 11.488349269616272, 44.43600756724102 ], [ 11.488366414058939, 44.436011461658552 ], [ 11.488386001843198, 44.436014396244012 ], [ 11.488404454718481, 44.436016406688211 ], [ 11.488422295151024, 44.4360164814086 ] ] } },
{ "type": "Feature", "properties": { "CITY_NAME": "OZZANO_DELL_EMILIA", "strokeColor": "#B3B3B3", "RGB": "179, 179, 179" }, "geometry": { "type": "LineString", "coordinates": [ [ 11.499605437113637, 44.436110899013414 ], [ 11.49951327700901, 44.435974375453974 ], [ 11.499263899163543, 44.435638363861138 ], [ 11.499025704208512, 44.435312629167377 ] ] } },
{ "type": "Feature", "properties": { "CITY_NAME": "OZZANO_DELL_EMILIA", "strokeColor": "#B3B3B3", "RGB": "179, 179, 179" }, "geometry": { "type": "LineString", "coordinates": [ [ 11.469688669786356, 44.444514590904838 ], [ 11.469721195480304, 44.444506965964663 ], [ 11.469783938700068, 44.444596409906957 ], [ 11.469067596838881, 44.444874398276504 ], [ 11.468996761450134, 44.444785643022819 ], [ 11.469563240167551, 44.444564369440656 ] ] } },
{ "type": "Feature", "properties": { "CITY_NAME": "OZZANO_DELL_EMILIA", "strokeColor": "#B3B3B3", "RGB": "179, 179, 179" }, "geometry": { "type": "LineString", "coordinates": [ [ 11.509885126060103, 44.46744439607869 ], [ 11.509873960959769, 44.467341864313774 ], [ 11.509887077473763, 44.467141626382571 ], [ 11.50991602228661, 44.466975736419393 ], [ 11.509924747381135, 44.466827627358668 ], [ 11.509886619870464, 44.466612181876386 ], [ 11.509849600187307, 44.466383160401826 ], [ 11.509669158732756, 44.4656133363059 ], [ 11.509642247605214, 44.465479809034179 ] ] } },
{ "type": "Feature", "properties": { "CITY_NAME": "OZZANO_DELL_EMILIA", "strokeColor": "#B3B3B3", "RGB": "179, 179, 179" }, "geometry": { "type": "LineString", "coordinates": [ [ 11.472968799506228, 44.446146769891548 ], [ 11.473781388319239, 44.445846432476003 ] ] } },
{ "type": "Feature", "properties": { "CITY_NAME": "OZZANO_DELL_EMILIA", "strokeColor": "#B3B3B3", "RGB": "179, 179, 179" }, "geometry": { "type": "LineString", "coordinates": [ [ 11.485851887868895, 44.439625309168399 ], [ 11.485258084660005, 44.43983311461745 ] ] } },
{ "type": "Feature", "properties": { "CITY_NAME": "OZZANO_DELL_EMILIA", "strokeColor": "#B3B3B3", "RGB": "179, 179, 179" }, "geometry": { "type": "LineString", "coordinates": [ [ 11.471570667750454, 44.445257663450015 ], [ 11.472435632649557, 44.446347131524369 ] ] } },
{ "type": "Feature", "properties": { "CITY_NAME": "OZZANO_DELL_EMILIA", "strokeColor": "#B3B3B3", "RGB": "179, 179, 179" }, "geometry": { "type": "LineString", "coordinates": [ [ 11.426343528710433, 44.376951676997294 ], [ 11.426369417751749, 44.376786808057297 ], [ 11.426442273729439, 44.376224995445995 ] ] } },
{ "type": "Feature", "properties": { "CITY_NAME": "OZZANO_DELL_EMILIA", "strokeColor": "#B3B3B3", "RGB": "179, 179, 179" }, "geometry": { "type": "LineString", "coordinates": [ [ 11.429244292578705, 44.393140194782561 ], [ 11.429175545880343, 44.393161977709084 ] ] } },
{ "type": "Feature", "properties": { "CITY_NAME": "OZZANO_DELL_EMILIA", "strokeColor": "#70ACCC", "RGB": "112, 172, 204" }, "geometry": { "type": "LineString", "coordinates": [ [ 11.493434883530163, 44.440556747315817 ], [ 11.493862288351686, 44.440931758972972 ], [ 11.494335722870394, 44.441357701182298 ], [ 11.494726240805115, 44.441743825398078 ], [ 11.494746271328367, 44.441770177663741 ] ] } },
{ "type": "Feature", "properties": { "CITY_NAME": "OZZANO_DELL_EMILIA", "strokeColor": "#70ACCC", "RGB": "112, 172, 204" }, "geometry": { "type": "LineString", "coordinates": [ [ 11.500699339422745, 44.455373362475569 ], [ 11.500680917317917, 44.455365338711559 ], [ 11.500671737014676, 44.455349920291304 ], [ 11.500634301690742, 44.455152492002156 ], [ 11.500618300665472, 44.454935725553966 ], [ 11.500628378510426, 44.454632611761852 ], [ 11.50065227377045, 44.454396264748524 ], [ 11.500678144051225, 44.45426233233588 ], [ 11.500721557684306, 44.454109057868266 ], [ 11.500729466124854, 44.454096757185731 ] ] } },
{ "type": "Feature", "properties": { "CITY_NAME": "OZZANO_DELL_EMILIA", "strokeColor": "#70ACCC", "RGB": "112, 172, 204" }, "geometry": { "type": "LineString", "coordinates": [ [ 11.504581067383803, 44.467036373910133 ], [ 11.503740919755856, 44.467315254935869 ] ] } },
{ "type": "Feature", "properties": { "CITY_NAME": "OZZANO_DELL_EMILIA", "strokeColor": "#B3B3B3", "RGB": "179, 179, 179" }, "geometry": { "type": "LineString", "coordinates": [ [ 11.475084020890964, 44.439777241593369 ], [ 11.474992426522755, 44.439756632756485 ], [ 11.474931514123947, 44.439712761095933 ], [ 11.474917809743783, 44.439667956805479 ], [ 11.474940101036337, 44.439636414393455 ], [ 11.475006417545856, 44.439620842386709 ], [ 11.475054452378775, 44.439639515758628 ], [ 11.475092009868048, 44.439686774602393 ], [ 11.475094270507618, 44.439740289486188 ], [ 11.475084020890964, 44.439777241593369 ] ] } },
{ "type": "Feature", "properties": { "CITY_NAME": "OZZANO_DELL_EMILIA", "strokeColor": "#B3B3B3", "RGB": "179, 179, 179" }, "geometry": { "type": "LineString", "coordinates": [ [ 11.477736954964172, 44.444313263572866 ], [ 11.478172456771897, 44.444140702683555 ] ] } },
{ "type": "Feature", "properties": { "CITY_NAME": "OZZANO_DELL_EMILIA", "strokeColor": "#B3B3B3", "RGB": "179, 179, 179" }, "geometry": { "type": "LineString", "coordinates": [ [ 11.429808008756563, 44.393921391561477 ], [ 11.429733957053516, 44.393890995530555 ], [ 11.429436937851607, 44.393507998661548 ] ] } },
{ "type": "Feature", "properties": { "CITY_NAME": "OZZANO_DELL_EMILIA", "strokeColor": "#B3B3B3", "RGB": "179, 179, 179" }, "geometry": { "type": "LineString", "coordinates": [ [ 11.465230828351347, 44.448077537333795 ], [ 11.464757774921368, 44.44835748942242 ] ] } },
{ "type": "Feature", "properties": { "CITY_NAME": "OZZANO_DELL_EMILIA", "strokeColor": "#70ACCC", "RGB": "112, 172, 204" }, "geometry": { "type": "LineString", "coordinates": [ [ 11.48086729713741, 44.443368665913937 ], [ 11.480797638064644, 44.443352995606816 ], [ 11.480553468354511, 44.443311206400807 ], [ 11.48037534573316, 44.443299145052407 ] ] } },
{ "type": "Feature", "properties": { "CITY_NAME": "OZZANO_DELL_EMILIA", "strokeColor": "#B3B3B3", "RGB": "179, 179, 179" }, "geometry": { "type": "LineString", "coordinates": [ [ 11.426112760676375, 44.377056900810473 ], [ 11.426144984273444, 44.376925724145579 ] ] } },
{ "type": "Feature", "properties": { "CITY_NAME": "OZZANO_DELL_EMILIA", "strokeColor": "#B3B3B3", "RGB": "179, 179, 179" }, "geometry": { "type": "LineString", "coordinates": [ [ 11.431099795073523, 44.39015343747576 ], [ 11.430831843355284, 44.39000054103127 ], [ 11.430584100212577, 44.389858946907601 ], [ 11.430043550887776, 44.389539056166676 ] ] } },
{ "type": "Feature", "properties": { "CITY_NAME": "OZZANO_DELL_EMILIA", "strokeColor": "#CACC70", "RGB": "202, 204, 112" }, "geometry": { "type": "LineString", "coordinates": [ [ 11.466045786355835, 44.439412594516845 ], [ 11.465474653240298, 44.439675364325588 ], [ 11.464302168941872, 44.438352041541208 ], [ 11.464883119666844, 44.438088466893326 ] ] } },
{ "type": "Feature", "properties": { "CITY_NAME": "OZZANO_DELL_EMILIA", "strokeColor": "#B3B3B3", "RGB": "179, 179, 179" }, "geometry": { "type": "LineString", "coordinates": [ [ 11.473796120584417, 44.441569561393749 ], [ 11.4727209345532, 44.440187604920141 ] ] } },
{ "type": "Feature", "properties": { "CITY_NAME": "OZZANO_DELL_EMILIA", "strokeColor": "#70ACCC", "RGB": "112, 172, 204" }, "geometry": { "type": "LineString", "coordinates": [ [ 11.504514508465959, 44.46693724916971 ], [ 11.504581067383803, 44.467036373910133 ] ] } },
{ "type": "Feature", "properties": { "CITY_NAME": "OZZANO_DELL_EMILIA", "strokeColor": "#70ACCC", "RGB": "112, 172, 204" }, "geometry": { "type": "LineString", "coordinates": [ [ 11.504795182840351, 44.46477296527997 ], [ 11.50347706329004, 44.465265156034157 ] ] } },
{ "type": "Feature", "properties": { "CITY_NAME": "OZZANO_DELL_EMILIA", "strokeColor": "#B3B3B3", "RGB": "179, 179, 179" }, "geometry": { "type": "LineString", "coordinates": [ [ 11.426484731813655, 44.377694650644422 ], [ 11.426426660394442, 44.377545319785106 ], [ 11.426344063261835, 44.377268919033298 ], [ 11.426331725722868, 44.37720133130999 ], [ 11.426343528710433, 44.376951676997294 ] ] } },
{ "type": "Feature", "properties": { "CITY_NAME": "OZZANO_DELL_EMILIA", "strokeColor": "#B3B3B3", "RGB": "179, 179, 179" }, "geometry": { "type": "LineString", "coordinates": [ [ 11.498451445223642, 44.437250065108209 ], [ 11.498172866696002, 44.437406225408139 ] ] } },
{ "type": "Feature", "properties": { "CITY_NAME": "OZZANO_DELL_EMILIA", "strokeColor": "#CACC70", "RGB": "202, 204, 112" }, "geometry": { "type": "LineString", "coordinates": [ [ 11.490227290823174, 44.438516536527978 ], [ 11.48999649577363, 44.438199050803789 ] ] } },
{ "type": "Feature", "properties": { "CITY_NAME": "OZZANO_DELL_EMILIA", "strokeColor": "#B3B3B3", "RGB": "179, 179, 179" }, "geometry": { "type": "LineString", "coordinates": [ [ 11.470342153048438, 44.443593908734456 ], [ 11.470749223489962, 44.443441139161003 ], [ 11.471210852690776, 44.443271493616777 ] ] } },
{ "type": "Feature", "properties": { "CITY_NAME": "OZZANO_DELL_EMILIA", "strokeColor": "#B3B3B3", "RGB": "179, 179, 179" }, "geometry": { "type": "LineString", "coordinates": [ [ 11.477037593564326, 44.44459387547564 ], [ 11.477373639616273, 44.444458342082932 ] ] } },
{ "type": "Feature", "properties": { "CITY_NAME": "OZZANO_DELL_EMILIA", "strokeColor": "#B3B3B3", "RGB": "179, 179, 179" }, "geometry": { "type": "LineString", "coordinates": [ [ 11.470342153048438, 44.443593908734456 ], [ 11.471218295608912, 44.444793523929782 ], [ 11.471570667750454, 44.445257663450015 ] ] } },
{ "type": "Feature", "properties": { "CITY_NAME": "OZZANO_DELL_EMILIA", "strokeColor": "#B3B3B3", "RGB": "179, 179, 179" }, "geometry": { "type": "LineString", "coordinates": [ [ 11.477729341846546, 44.445809484352871 ], [ 11.478007213845963, 44.445652589116094 ] ] } },
{ "type": "Feature", "properties": { "CITY_NAME": "OZZANO_DELL_EMILIA", "strokeColor": "#B3B3B3", "RGB": "179, 179, 179" }, "geometry": { "type": "LineString", "coordinates": [ [ 11.465590155142449, 44.447864884826771 ], [ 11.465230828351347, 44.448077537333795 ] ] } },
{ "type": "Feature", "properties": { "CITY_NAME": "OZZANO_DELL_EMILIA", "strokeColor": "#B3B3B3", "RGB": "179, 179, 179" }, "geometry": { "type": "LineString", "coordinates": [ [ 11.494647775295189, 44.442027768300456 ], [ 11.494652995502737, 44.442025116373344 ], [ 11.494657884311536, 44.442022354654291 ], [ 11.494662905321368, 44.442019716982983 ], [ 11.494668051114378, 44.442017206222282 ], [ 11.494673315528191, 44.442014825207636 ], [ 11.494678693694183, 44.44201257764648 ], [ 11.494684176900742, 44.442010465529741 ], [ 11.494689760279286, 44.442008492564803 ], [ 11.494694006217008, 44.442007100690624 ], [ 11.494698307458249, 44.442005797633968 ], [ 11.494704109539876, 44.44200417999393 ], [ 11.494709986990774, 44.442002709249877 ], [ 11.49471593227825, 44.442001385566385 ], [ 11.494720429143348, 44.442000486052805 ], [ 11.494724961454517, 44.441999681192272 ], [ 11.494729517070063, 44.441998951444354 ], [ 11.49473410314817, 44.441998317358681 ], [ 11.494740246399667, 44.441997599725916 ], [ 11.494746422603169, 44.441997036217913 ], [ 11.494751069525211, 44.441996709592111 ], [ 11.49475572815464, 44.441996480838952 ], [ 11.494760391333262, 44.441996329408802 ], [ 11.494765061197498, 44.441996275961053 ], [ 11.494769729295374, 44.441996299074106 ], [ 11.494774395290687, 44.44199642036164 ], [ 11.494779055791616, 44.441996619191684 ], [ 11.494783707836113, 44.441996914534542 ], [ 11.494789888875832, 44.441997438436616 ], [ 11.494794507686612, 44.441997927161744 ], [ 11.494799105486427, 44.44199851267404 ], [ 11.494805199818277, 44.441999420182007 ], [ 11.494811246600101, 44.442000479973139 ], [ 11.494817238184291, 44.442001689513766 ], [ 11.494821692827685, 44.442002690474588 ], [ 11.49482610488765, 44.44200378329252 ], [ 11.494830479837171, 44.442004948942461 ], [ 11.494834807181453, 44.44200620655927 ], [ 11.494839091061419, 44.442007535346427 ], [ 11.494843319650231, 44.442008952667422 ], [ 11.494848879012563, 44.442010960283781 ], [ 11.494854337368158, 44.442013104246705 ], [ 11.494858362841265, 44.44201479788601 ], [ 11.49486231894511, 44.442016574065015 ], [ 11.494866216251099, 44.442018415447698 ], [ 11.494870036616801, 44.442020338635317 ], [ 11.494875024665985, 44.442023006026545 ], [ 11.494879879747527, 44.442025796959051 ], [ 11.494883434139695, 44.442027966329782 ], [ 11.494886899871126, 44.44203020785875 ], [ 11.494890291356214, 44.442032505926399 ], [ 11.494901903093227, 44.442041517643204 ] ] } },
{ "type": "Feature", "properties": { "CITY_NAME": "OZZANO_DELL_EMILIA", "strokeColor": "#B3B3B3", "RGB": "179, 179, 179" }, "geometry": { "type": "LineString", "coordinates": [ [ 11.510823941152584, 44.46595070964316 ], [ 11.511559605804591, 44.465710135318339 ] ] } },
{ "type": "Feature", "properties": { "CITY_NAME": "OZZANO_DELL_EMILIA", "strokeColor": "#B3B3B3", "RGB": "179, 179, 179" }, "geometry": { "type": "LineString", "coordinates": [ [ 11.475615308798275, 44.445374699846695 ], [ 11.475460171549331, 44.445210270535654 ] ] } },
{ "type": "Feature", "properties": { "CITY_NAME": "OZZANO_DELL_EMILIA", "strokeColor": "#70ACCC", "RGB": "112, 172, 204" }, "geometry": { "type": "LineString", "coordinates": [ [ 11.501821382702408, 44.463043188608161 ], [ 11.503629552893944, 44.461835555309932 ] ] } },
{ "type": "Feature", "properties": { "CITY_NAME": "OZZANO_DELL_EMILIA", "strokeColor": "#B3B3B3", "RGB": "179, 179, 179" }, "geometry": { "type": "LineString", "coordinates": [ [ 11.47856204989546, 44.444239234858756 ], [ 11.478580408990995, 44.444107751585705 ], [ 11.478626747102798, 44.444018012762548 ], [ 11.478696833468559, 44.443931983175105 ] ] } },
{ "type": "Feature", "properties": { "CITY_NAME": "OZZANO_DELL_EMILIA", "strokeColor": "#B3B3B3", "RGB": "179, 179, 179" }, "geometry": { "type": "LineString", "coordinates": [ [ 11.476819327253102, 44.443269423262855 ], [ 11.476680268723797, 44.443313099076022 ], [ 11.47652071079707, 44.443380958510602 ] ] } },
{ "type": "Feature", "properties": { "CITY_NAME": "OZZANO_DELL_EMILIA", "strokeColor": "#B3B3B3", "RGB": "179, 179, 179" }, "geometry": { "type": "LineString", "coordinates": [ [ 11.475993965912215, 44.446838308243201 ], [ 11.47601891036981, 44.446878108856829 ], [ 11.476017240872482, 44.446927509188505 ], [ 11.47596899130065, 44.446971636046349 ] ] } },
{ "type": "Feature", "properties": { "CITY_NAME": "OZZANO_DELL_EMILIA", "strokeColor": "#70ACCC", "RGB": "112, 172, 204" }, "geometry": { "type": "LineString", "coordinates": [ [ 11.500663132879765, 44.45287178828255 ], [ 11.502360718055696, 44.452391116185197 ], [ 11.506035228885827, 44.451375588745684 ] ] } },
{ "type": "Feature", "properties": { "CITY_NAME": "OZZANO_DELL_EMILIA", "strokeColor": "#B3B3B3", "RGB": "179, 179, 179" }, "geometry": { "type": "LineString", "coordinates": [ [ 11.502477986148245, 44.435028468757437 ], [ 11.501420702826781, 44.435446472439892 ], [ 11.501163125668187, 44.435547534722957 ] ] } },
{ "type": "Feature", "properties": { "CITY_NAME": "OZZANO_DELL_EMILIA", "strokeColor": "#B3B3B3", "RGB": "179, 179, 179" }, "geometry": { "type": "LineString", "coordinates": [ [ 11.473988462384558, 44.447568424971081 ], [ 11.474225874757401, 44.447901300916257 ], [ 11.474261097060072, 44.447935229983145 ] ] } },
{ "type": "Feature", "properties": { "CITY_NAME": "OZZANO_DELL_EMILIA", "strokeColor": "#B3B3B3", "RGB": "179, 179, 179" }, "geometry": { "type": "LineString", "coordinates": [ [ 11.476298490223803, 44.445407139692733 ], [ 11.475830273971033, 44.445600807431127 ] ] } },
{ "type": "Feature", "properties": { "CITY_NAME": "OZZANO_DELL_EMILIA", "strokeColor": "#B3B3B3", "RGB": "179, 179, 179" }, "geometry": { "type": "LineString", "coordinates": [ [ 11.474261097060072, 44.447935229983145 ], [ 11.47433907597444, 44.448010345633911 ], [ 11.474513100561524, 44.448102512488155 ], [ 11.474667076047089, 44.448148439601063 ], [ 11.474852283742212, 44.448162574485117 ], [ 11.475014698652267, 44.448151273000903 ], [ 11.475183579447476, 44.448121679081723 ], [ 11.475358926035753, 44.448073794501312 ], [ 11.476021738867278, 44.447826044137216 ] ] } },
{ "type": "Feature", "properties": { "CITY_NAME": "OZZANO_DELL_EMILIA", "strokeColor": "#B3B3B3", "RGB": "179, 179, 179" }, "geometry": { "type": "LineString", "coordinates": [ [ 11.474996826095753, 44.441372942981843 ], [ 11.475515602955534, 44.441176359066219 ], [ 11.476029017864461, 44.440978786271181 ] ] } },
{ "type": "Feature", "properties": { "CITY_NAME": "OZZANO_DELL_EMILIA", "strokeColor": "#B3B3B3", "RGB": "179, 179, 179" }, "geometry": { "type": "LineString", "coordinates": [ [ 11.485258084660005, 44.43983311461745 ], [ 11.484981322744254, 44.439352315119805 ] ] } },
{ "type": "Feature", "properties": { "CITY_NAME": "OZZANO_DELL_EMILIA", "strokeColor": "#B3B3B3", "RGB": "179, 179, 179" }, "geometry": { "type": "LineString", "coordinates": [ [ 11.476309266890707, 44.440026721544974 ], [ 11.476540967345089, 44.440434091347583 ], [ 11.476582074789357, 44.440498850325234 ] ] } },
{ "type": "Feature", "properties": { "CITY_NAME": "OZZANO_DELL_EMILIA", "strokeColor": "#B3B3B3", "RGB": "179, 179, 179" }, "geometry": { "type": "LineString", "coordinates": [ [ 11.483427930848304, 44.446338162089752 ], [ 11.483409804556413, 44.446412522046693 ], [ 11.48338202571084, 44.446463146805435 ], [ 11.483319550158036, 44.446524093487426 ], [ 11.483253350787233, 44.446596631005917 ], [ 11.483239055267928, 44.446626684882943 ], [ 11.483238352057473, 44.446671313608476 ], [ 11.483251558858786, 44.446718534073916 ], [ 11.483303267511175, 44.446820878176815 ], [ 11.483541410045007, 44.447229795537552 ], [ 11.483589886925925, 44.447287520770793 ], [ 11.485254215250144, 44.448706257431439 ], [ 11.485368236399459, 44.448809875339094 ] ] } },
{ "type": "Feature", "properties": { "CITY_NAME": "OZZANO_DELL_EMILIA", "strokeColor": "#CACC70", "RGB": "202, 204, 112" }, "geometry": { "type": "LineString", "coordinates": [ [ 11.472706620322136, 44.444838044578987 ], [ 11.474674596821474, 44.444078217814415 ] ] } },
{ "type": "Feature", "properties": { "CITY_NAME": "OZZANO_DELL_EMILIA", "strokeColor": "#70ACCC", "RGB": "112, 172, 204" }, "geometry": { "type": "LineString", "coordinates": [ [ 11.494647775295189, 44.442027768300456 ], [ 11.494710846571522, 44.441960686877671 ], [ 11.494744351320154, 44.441894921404021 ], [ 11.494752765232924, 44.441855721002348 ], [ 11.49475342776279, 44.44182391552301 ], [ 11.494746271328367, 44.441770177663741 ] ] } },
{ "type": "Feature", "properties": { "CITY_NAME": "OZZANO_DELL_EMILIA", "strokeColor": "#B3B3B3", "RGB": "179, 179, 179" }, "geometry": { "type": "LineString", "coordinates": [ [ 11.463408845469802, 44.436667490222803 ], [ 11.463390685806392, 44.436673335915472 ], [ 11.463381292962566, 44.436675239214104 ], [ 11.463377200682299, 44.436675871285637 ], [ 11.46337307423472, 44.436676378057342 ], [ 11.463368001438738, 44.436676850334983 ], [ 11.463364293023602, 44.436677078906158 ], [ 11.463360574437003, 44.4366772149695 ], [ 11.463356853173401, 44.436677257462961 ], [ 11.463353129232807, 44.436677206386577 ], [ 11.463348947799055, 44.436677032843825 ], [ 11.463343851325998, 44.436676672886712 ], [ 11.463338785980575, 44.436676126803185 ], [ 11.463326544122173, 44.436674072797778 ], [ 11.463305281590396, 44.436667949800203 ] ] } },
{ "type": "Feature", "properties": { "CITY_NAME": "OZZANO_DELL_EMILIA", "strokeColor": "#CACC70", "RGB": "202, 204, 112" }, "geometry": { "type": "LineString", "coordinates": [ [ 11.467413908965126, 44.446700346211095 ], [ 11.467549997531099, 44.44683811561238 ], [ 11.468114419226183, 44.447394161947393 ], [ 11.46855697606599, 44.447830968713127 ] ] } },
{ "type": "Feature", "properties": { "CITY_NAME": "OZZANO_DELL_EMILIA", "strokeColor": "#70ACCC", "RGB": "112, 172, 204" }, "geometry": { "type": "LineString", "coordinates": [ [ 11.504795182840351, 44.46477296527997 ], [ 11.504992856810281, 44.464705747827232 ], [ 11.505317474639321, 44.464582184715063 ], [ 11.505472128018658, 44.464536297045484 ], [ 11.505582439360303, 44.46450128267243 ] ] } },
{ "type": "Feature", "properties": { "CITY_NAME": "OZZANO_DELL_EMILIA", "strokeColor": "#B3B3B3", "RGB": "179, 179, 179" }, "geometry": { "type": "LineString", "coordinates": [ [ 11.476638943305938, 44.443461423734036 ], [ 11.476625232897176, 44.443429046141212 ], [ 11.476600475485604, 44.443401906486969 ], [ 11.476564962027943, 44.443386916975783 ], [ 11.47652071079707, 44.443380958510602 ] ] } },
{ "type": "Feature", "properties": { "CITY_NAME": "OZZANO_DELL_EMILIA", "strokeColor": "#B3B3B3", "RGB": "179, 179, 179" }, "geometry": { "type": "LineString", "coordinates": [ [ 11.473372763869188, 44.447919854043832 ], [ 11.473303419180356, 44.447927664718001 ], [ 11.473242498207485, 44.447910377160852 ], [ 11.473203043148571, 44.447876284712905 ], [ 11.473190521207927, 44.447834800925584 ], [ 11.473211643497754, 44.44779485775225 ], [ 11.473258296829936, 44.447759353357071 ] ] } },
{ "type": "Feature", "properties": { "CITY_NAME": "OZZANO_DELL_EMILIA", "strokeColor": "#B3B3B3", "RGB": "179, 179, 179" }, "geometry": { "type": "LineString", "coordinates": [ [ 11.470926061422992, 44.442899970219628 ], [ 11.471791609530477, 44.442580704079113 ] ] } },
{ "type": "Feature", "properties": { "CITY_NAME": "OZZANO_DELL_EMILIA", "strokeColor": "#70ACCC", "RGB": "112, 172, 204" }, "geometry": { "type": "LineString", "coordinates": [ [ 11.494615696848269, 44.442193052790387 ], [ 11.493058275419546, 44.442803498861352 ] ] } },
{ "type": "Feature", "properties": { "CITY_NAME": "OZZANO_DELL_EMILIA", "strokeColor": "#B3B3B3", "RGB": "179, 179, 179" }, "geometry": { "type": "LineString", "coordinates": [ [ 11.469582004026616, 44.440962595905411 ], [ 11.470944229049389, 44.440400421519847 ] ] } },
{ "type": "Feature", "properties": { "CITY_NAME": "OZZANO_DELL_EMILIA", "strokeColor": "#B3B3B3", "RGB": "179, 179, 179" }, "geometry": { "type": "LineString", "coordinates": [ [ 11.463352169061599, 44.436730405727538 ], [ 11.463356406351057, 44.436718218334306 ], [ 11.463357659628588, 44.436715242022395 ], [ 11.463359057606883, 44.436712300398931 ], [ 11.463360596595416, 44.436709395344103 ], [ 11.463362505768718, 44.436706179811814 ], [ 11.463365309549275, 44.436701977189649 ], [ 11.4633681395783, 44.436698219631822 ], [ 11.463370359561393, 44.436695552855298 ], [ 11.463372707652972, 44.436692944532126 ], [ 11.463375506371325, 44.436690086113721 ], [ 11.463379120834164, 44.436686696040418 ], [ 11.463381895578292, 44.436684313478864 ], [ 11.463384783895739, 44.436682002288009 ], [ 11.463391681080763, 44.436677074841839 ], [ 11.463408845469802, 44.436667490222803 ] ] } },
{ "type": "Feature", "properties": { "CITY_NAME": "OZZANO_DELL_EMILIA", "strokeColor": "#B3B3B3", "RGB": "179, 179, 179" }, "geometry": { "type": "LineString", "coordinates": [ [ 11.467455857262161, 44.449260584871666 ], [ 11.466635587482701, 44.44965592629142 ] ] } },
{ "type": "Feature", "properties": { "CITY_NAME": "OZZANO_DELL_EMILIA", "strokeColor": "#B3B3B3", "RGB": "179, 179, 179" }, "geometry": { "type": "LineString", "coordinates": [ [ 11.477120420420976, 44.441345253684851 ], [ 11.477156682046893, 44.441399987836618 ], [ 11.477509193046899, 44.441933432786875 ], [ 11.477610134686296, 44.442099820747238 ], [ 11.4776804427568, 44.442267784604873 ], [ 11.477718969922437, 44.442452840154672 ], [ 11.477736798038931, 44.44257547058249 ], [ 11.477735276420921, 44.442688681134399 ], [ 11.477697688940395, 44.442817517171022 ], [ 11.477610685566111, 44.442919715667337 ], [ 11.477477452936885, 44.443017858877489 ], [ 11.477328578479641, 44.443085515479424 ], [ 11.476819327253102, 44.443269423262855 ] ] } },
{ "type": "Feature", "properties": { "CITY_NAME": "OZZANO_DELL_EMILIA", "strokeColor": "#70ACCC", "RGB": "112, 172, 204" }, "geometry": { "type": "LineString", "coordinates": [ [ 11.508826429985882, 44.450610343371871 ], [ 11.508762332758323, 44.450602807137841 ], [ 11.508676124028257, 44.450629473441062 ], [ 11.50718709250021, 44.451059372048931 ], [ 11.506725974571617, 44.451184579849638 ] ] } },
{ "type": "Feature", "properties": { "CITY_NAME": "OZZANO_DELL_EMILIA", "strokeColor": "#B3B3B3", "RGB": "179, 179, 179" }, "geometry": { "type": "LineString", "coordinates": [ [ 11.471210852690776, 44.443271493616777 ], [ 11.471115619669247, 44.443145890699057 ], [ 11.470996654038625, 44.442997020080043 ] ] } },
{ "type": "Feature", "properties": { "CITY_NAME": "OZZANO_DELL_EMILIA", "strokeColor": "#70ACCC", "RGB": "112, 172, 204" }, "geometry": { "type": "LineString", "coordinates": [ [ 11.502834003714735, 44.464235374587503 ], [ 11.502354528812827, 44.464402858888278 ] ] } },
{ "type": "Feature", "properties": { "CITY_NAME": "OZZANO_DELL_EMILIA", "strokeColor": "#B3B3B3", "RGB": "179, 179, 179" }, "geometry": { "type": "LineString", "coordinates": [ [ 11.474161497929504, 44.439121865442651 ], [ 11.473903574644973, 44.439181463298667 ], [ 11.473950294322529, 44.43929358243107 ], [ 11.474212217677373, 44.439235263468291 ] ] } },
{ "type": "Feature", "properties": { "CITY_NAME": "OZZANO_DELL_EMILIA", "strokeColor": "#B3B3B3", "RGB": "179, 179, 179" }, "geometry": { "type": "LineString", "coordinates": [ [ 11.473988462384558, 44.447568424971081 ], [ 11.473565228127383, 44.447720930620171 ], [ 11.473422434125492, 44.447790288665942 ] ] } },
{ "type": "Feature", "properties": { "CITY_NAME": "OZZANO_DELL_EMILIA", "strokeColor": "#B3B3B3", "RGB": "179, 179, 179" }, "geometry": { "type": "LineString", "coordinates": [ [ 11.476826142820153, 44.439826364764258 ], [ 11.477568792624378, 44.439550425812953 ] ] } },
{ "type": "Feature", "properties": { "CITY_NAME": "OZZANO_DELL_EMILIA", "strokeColor": "#CACC70", "RGB": "202, 204, 112" }, "geometry": { "type": "LineString", "coordinates": [ [ 11.48999649577363, 44.438199050803789 ], [ 11.490082208645381, 44.438165198291401 ], [ 11.489717285530503, 44.437681252259857 ], [ 11.489547789490921, 44.437744344849165 ], [ 11.489910716838009, 44.438231380545908 ], [ 11.48999649577363, 44.438199050803789 ] ] } },
{ "type": "Feature", "properties": { "CITY_NAME": "OZZANO_DELL_EMILIA", "strokeColor": "#B3B3B3", "RGB": "179, 179, 179" }, "geometry": { "type": "LineString", "coordinates": [ [ 11.429175545880343, 44.393161977709084 ], [ 11.428545628440308, 44.393224242513696 ] ] } },
{ "type": "Feature", "properties": { "CITY_NAME": "OZZANO_DELL_EMILIA", "strokeColor": "#B3B3B3", "RGB": "179, 179, 179" }, "geometry": { "type": "LineString", "coordinates": [ [ 11.476047733446066, 44.438694823210284 ], [ 11.475889775256332, 44.43870454225619 ], [ 11.474887084785276, 44.438952514305761 ] ] } },
{ "type": "Feature", "properties": { "CITY_NAME": "OZZANO_DELL_EMILIA", "strokeColor": "#B3B3B3", "RGB": "179, 179, 179" }, "geometry": { "type": "LineString", "coordinates": [ [ 11.427205203536626, 44.379515765850897 ], [ 11.427148805261799, 44.379410648215547 ], [ 11.426995157815133, 44.379149492291788 ], [ 11.426900813361021, 44.378959734607868 ], [ 11.42680751335469, 44.37871152695277 ], [ 11.426731602876192, 44.378477430431225 ], [ 11.4266279421363, 44.378217707804914 ] ] } },
{ "type": "Feature", "properties": { "CITY_NAME": "OZZANO_DELL_EMILIA", "strokeColor": "#70ACCC", "RGB": "112, 172, 204" }, "geometry": { "type": "LineString", "coordinates": [ [ 11.501455251033585, 44.466514039731834 ], [ 11.502815595996791, 44.466014609630534 ] ] } },
{ "type": "Feature", "properties": { "CITY_NAME": "OZZANO_DELL_EMILIA", "strokeColor": "#B3B3B3", "RGB": "179, 179, 179" }, "geometry": { "type": "LineString", "coordinates": [ [ 11.470128240886543, 44.443320619325014 ], [ 11.470316838803548, 44.443559248160156 ] ] } },
{ "type": "Feature", "properties": { "CITY_NAME": "OZZANO_DELL_EMILIA", "strokeColor": "#B3B3B3", "RGB": "179, 179, 179" }, "geometry": { "type": "LineString", "coordinates": [ [ 11.476304249278705, 44.437872656253681 ], [ 11.478275788694548, 44.437286481922925 ], [ 11.478342095542667, 44.437236005842159 ], [ 11.478356599824618, 44.437174395547444 ], [ 11.478144203621191, 44.436814097295965 ], [ 11.478062892911668, 44.43676886869828 ], [ 11.477973218193231, 44.436770806399664 ], [ 11.476724372829599, 44.437152492201463 ] ] } },
{ "type": "Feature", "properties": { "CITY_NAME": "OZZANO_DELL_EMILIA", "strokeColor": "#CACC70", "RGB": "202, 204, 112" }, "geometry": { "type": "LineString", "coordinates": [ [ 11.426792027598873, 44.375668601397997 ], [ 11.42681555630303, 44.375061454108277 ], [ 11.426789242569777, 44.374971640497506 ] ] } },
{ "type": "Feature", "properties": { "CITY_NAME": "OZZANO_DELL_EMILIA", "strokeColor": "#B3B3B3", "RGB": "179, 179, 179" }, "geometry": { "type": "LineString", "coordinates": [ [ 11.476029017864461, 44.440978786271181 ], [ 11.475084020890964, 44.439777241593369 ] ] } },
{ "type": "Feature", "properties": { "CITY_NAME": "OZZANO_DELL_EMILIA", "strokeColor": "#B3B3B3", "RGB": "179, 179, 179" }, "geometry": { "type": "LineString", "coordinates": [ [ 11.479576332208607, 44.447198699856763 ], [ 11.479512034922799, 44.447210902378757 ], [ 11.479245266718843, 44.447226043264351 ], [ 11.479092925739707, 44.447248041373832 ], [ 11.47897050149883, 44.447283405774812 ], [ 11.4782162541768, 44.44755118616294 ] ] } },
{ "type": "Feature", "properties": { "CITY_NAME": "OZZANO_DELL_EMILIA", "strokeColor": "#CACC70", "RGB": "202, 204, 112" }, "geometry": { "type": "LineString", "coordinates": [ [ 11.474025156077536, 44.440112533385197 ], [ 11.474996826095753, 44.441372942981843 ] ] } },
{ "type": "Feature", "properties": { "CITY_NAME": "OZZANO_DELL_EMILIA", "strokeColor": "#B3B3B3", "RGB": "179, 179, 179" }, "geometry": { "type": "LineString", "coordinates": [ [ 11.469449843905039, 44.442403910823018 ], [ 11.470057295893907, 44.443229493987438 ] ] } },
{ "type": "Feature", "properties": { "CITY_NAME": "OZZANO_DELL_EMILIA", "strokeColor": "#B3B3B3", "RGB": "179, 179, 179" }, "geometry": { "type": "LineString", "coordinates": [ [ 11.4266279421363, 44.378217707804914 ], [ 11.426484731813655, 44.377694650644422 ] ] } },
{ "type": "Feature", "properties": { "CITY_NAME": "OZZANO_DELL_EMILIA", "strokeColor": "#70ACCC", "RGB": "112, 172, 204" }, "geometry": { "type": "LineString", "coordinates": [ [ 11.48566066118876, 44.443419327110718 ], [ 11.486273642053458, 44.443208398442231 ] ] } },
{ "type": "Feature", "properties": { "CITY_NAME": "OZZANO_DELL_EMILIA", "strokeColor": "#B3B3B3", "RGB": "179, 179, 179" }, "geometry": { "type": "LineString", "coordinates": [ [ 11.488664340319474, 44.440094727929953 ], [ 11.49007289833178, 44.439568846022091 ] ] } },
{ "type": "Feature", "properties": { "CITY_NAME": "OZZANO_DELL_EMILIA", "strokeColor": "#B3B3B3", "RGB": "179, 179, 179" }, "geometry": { "type": "LineString", "coordinates": [ [ 11.499025704208512, 44.435312629167377 ], [ 11.49885876857187, 44.435121417052414 ], [ 11.498610263055054, 44.434759980330277 ], [ 11.498467997399981, 44.434573925391227 ] ] } },
{ "type": "Feature", "properties": { "CITY_NAME": "OZZANO_DELL_EMILIA", "strokeColor": "#B3B3B3", "RGB": "179, 179, 179" }, "geometry": { "type": "LineString", "coordinates": [ [ 11.478626483675063, 44.444380292522737 ], [ 11.478573073321996, 44.444256904439534 ], [ 11.47856204989546, 44.444239234858756 ] ] } },
{ "type": "Feature", "properties": { "CITY_NAME": "OZZANO_DELL_EMILIA", "strokeColor": "#B3B3B3", "RGB": "179, 179, 179" }, "geometry": { "type": "LineString", "coordinates": [ [ 11.481136617891226, 44.442887008697866 ], [ 11.480673298179825, 44.443061207262872 ] ] } },
{ "type": "Feature", "properties": { "CITY_NAME": "OZZANO_DELL_EMILIA", "strokeColor": "#70ACCC", "RGB": "112, 172, 204" }, "geometry": { "type": "LineString", "coordinates": [ [ 11.499547090967019, 44.464533346888267 ], [ 11.501634973707796, 44.463167821681324 ] ] } },
{ "type": "Feature", "properties": { "CITY_NAME": "OZZANO_DELL_EMILIA", "strokeColor": "#B3B3B3", "RGB": "179, 179, 179" }, "geometry": { "type": "LineString", "coordinates": [ [ 11.426144984273444, 44.376925724145579 ], [ 11.426343528710433, 44.376951676997294 ] ] } },
{ "type": "Feature", "properties": { "CITY_NAME": "OZZANO_DELL_EMILIA", "strokeColor": "#B3B3B3", "RGB": "179, 179, 179" }, "geometry": { "type": "LineString", "coordinates": [ [ 11.477025025710494, 44.446210026891784 ], [ 11.476298490223803, 44.445407139692733 ] ] } },
{ "type": "Feature", "properties": { "CITY_NAME": "OZZANO_DELL_EMILIA", "strokeColor": "#B3B3B3", "RGB": "179, 179, 179" }, "geometry": { "type": "LineString", "coordinates": [ [ 11.476047733446066, 44.438694823210284 ], [ 11.475893216254704, 44.439077607237827 ], [ 11.475863786930004, 44.439163713012022 ], [ 11.475856563133508, 44.439238983215709 ], [ 11.475871349434946, 44.439307563306315 ], [ 11.476172465583128, 44.439798414987592 ], [ 11.476309266890707, 44.440026721544974 ] ] } },
{ "type": "Feature", "properties": { "CITY_NAME": "OZZANO_DELL_EMILIA", "strokeColor": "#B3B3B3", "RGB": "179, 179, 179" }, "geometry": { "type": "LineString", "coordinates": [ [ 11.473781388319239, 44.445846432476003 ], [ 11.474398762558275, 44.445619939319378 ], [ 11.475241943817725, 44.445295335134446 ] ] } },
{ "type": "Feature", "properties": { "CITY_NAME": "OZZANO_DELL_EMILIA", "strokeColor": "#70ACCC", "RGB": "112, 172, 204" }, "geometry": { "type": "LineString", "coordinates": [ [ 11.481128768307311, 44.443299970778071 ], [ 11.481102148968075, 44.443233721920684 ], [ 11.481050040417662, 44.443185529992078 ], [ 11.480972661122793, 44.443146161609647 ], [ 11.480886353104577, 44.443110821451022 ] ] } },
{ "type": "Feature", "properties": { "CITY_NAME": "OZZANO_DELL_EMILIA", "strokeColor": "#B3B3B3", "RGB": "179, 179, 179" }, "geometry": { "type": "LineString", "coordinates": [ [ 11.491002378773819, 44.438232461670921 ], [ 11.491129117288216, 44.438396747019318 ], [ 11.491373104994087, 44.438656620900915 ], [ 11.491563422579404, 44.438867304082095 ] ] } },
{ "type": "Feature", "properties": { "CITY_NAME": "OZZANO_DELL_EMILIA", "strokeColor": "#70ACCC", "RGB": "112, 172, 204" }, "geometry": { "type": "LineString", "coordinates": [ [ 11.50374147788146, 44.463071069380511 ], [ 11.502477771498686, 44.463824902376139 ] ] } },
{ "type": "Feature", "properties": { "CITY_NAME": "OZZANO_DELL_EMILIA", "strokeColor": "#B3B3B3", "RGB": "179, 179, 179" }, "geometry": { "type": "LineString", "coordinates": [ [ 11.475241943817725, 44.445295335134446 ], [ 11.474908693112273, 44.444804040191556 ], [ 11.475611689361322, 44.444566824524649 ] ] } },
{ "type": "Feature", "properties": { "CITY_NAME": "OZZANO_DELL_EMILIA", "strokeColor": "#B3B3B3", "RGB": "179, 179, 179" }, "geometry": { "type": "LineString", "coordinates": [ [ 11.429436937851607, 44.393507998661548 ], [ 11.429175545880343, 44.393161977709084 ] ] } },
{ "type": "Feature", "properties": { "CITY_NAME": "OZZANO_DELL_EMILIA", "strokeColor": "#70ACCC", "RGB": "112, 172, 204" }, "geometry": { "type": "LineString", "coordinates": [ [ 11.500692683730952, 44.465465972012019 ], [ 11.499547090967019, 44.464533346888267 ] ] } },
{ "type": "Feature", "properties": { "CITY_NAME": "OZZANO_DELL_EMILIA", "strokeColor": "#B3B3B3", "RGB": "179, 179, 179" }, "geometry": { "type": "LineString", "coordinates": [ [ 11.476429622873809, 44.443409459128347 ], [ 11.476400932400729, 44.443441602476845 ], [ 11.476393849612943, 44.443477122080523 ], [ 11.476410289084797, 44.443510592832588 ], [ 11.476444306315166, 44.443540991350538 ] ] } },
{ "type": "Feature", "properties": { "CITY_NAME": "OZZANO_DELL_EMILIA", "strokeColor": "#B3B3B3", "RGB": "179, 179, 179" }, "geometry": { "type": "LineString", "coordinates": [ [ 11.478681464496463, 44.440030720522969 ], [ 11.478806486551518, 44.439954550455454 ], [ 11.478912627370482, 44.439876788097436 ] ] } },
{ "type": "Feature", "properties": { "CITY_NAME": "OZZANO_DELL_EMILIA", "strokeColor": "#70ACCC", "RGB": "112, 172, 204" }, "geometry": { "type": "LineString", "coordinates": [ [ 11.493058275419546, 44.442803498861352 ], [ 11.491276240498468, 44.443502593704267 ] ] } },
{ "type": "Feature", "properties": { "CITY_NAME": "OZZANO_DELL_EMILIA", "strokeColor": "#70ACCC", "RGB": "112, 172, 204" }, "geometry": { "type": "LineString", "coordinates": [ [ 11.507250536900845, 44.466388204539847 ], [ 11.507548333340061, 44.466269084551804 ] ] } },
{ "type": "Feature", "properties": { "CITY_NAME": "OZZANO_DELL_EMILIA", "strokeColor": "#B3B3B3", "RGB": "179, 179, 179" }, "geometry": { "type": "LineString", "coordinates": [ [ 11.477373639616273, 44.444458342082932 ], [ 11.477388211768272, 44.444362113576737 ], [ 11.477353168713073, 44.444254822715358 ] ] } },
{ "type": "Feature", "properties": { "CITY_NAME": "OZZANO_DELL_EMILIA", "strokeColor": "#B3B3B3", "RGB": "179, 179, 179" }, "geometry": { "type": "LineString", "coordinates": [ [ 11.485406983292616, 44.438634186412123 ], [ 11.485252423098533, 44.43845880240093 ] ] } },
{ "type": "Feature", "properties": { "CITY_NAME": "OZZANO_DELL_EMILIA", "strokeColor": "#70ACCC", "RGB": "112, 172, 204" }, "geometry": { "type": "LineString", "coordinates": [ [ 11.496081960050448, 44.469719563712204 ], [ 11.494732526486851, 44.468306113358864 ], [ 11.493751444076326, 44.468761675423067 ], [ 11.494101188831319, 44.469134776457324 ], [ 11.494575484696217, 44.469641920173039 ], [ 11.494970596470681, 44.470085431117795 ], [ 11.495015812024134, 44.470145105905637 ] ] } },
{ "type": "Feature", "properties": { "CITY_NAME": "OZZANO_DELL_EMILIA", "strokeColor": "#CACC70", "RGB": "202, 204, 112" }, "geometry": { "type": "LineString", "coordinates": [ [ 11.465631638647565, 44.444904813878026 ], [ 11.46515627673592, 44.44446581864581 ], [ 11.464829218951557, 44.444211038725257 ], [ 11.464270319360804, 44.443844965253213 ] ] } },
{ "type": "Feature", "properties": { "CITY_NAME": "OZZANO_DELL_EMILIA", "strokeColor": "#B3B3B3", "RGB": "179, 179, 179" }, "geometry": { "type": "LineString", "coordinates": [ [ 11.476650231040583, 44.444750616956938 ], [ 11.477037593564326, 44.44459387547564 ] ] } },
{ "type": "Feature", "properties": { "CITY_NAME": "OZZANO_DELL_EMILIA", "strokeColor": "#70ACCC", "RGB": "112, 172, 204" }, "geometry": { "type": "LineString", "coordinates": [ [ 11.502834003714735, 44.464235374587503 ], [ 11.50347706329004, 44.465265156034157 ] ] } },
{ "type": "Feature", "properties": { "CITY_NAME": "OZZANO_DELL_EMILIA", "strokeColor": "#B3B3B3", "RGB": "179, 179, 179" }, "geometry": { "type": "LineString", "coordinates": [ [ 11.511194725466202, 44.465190149873564 ], [ 11.51119204268976, 44.464995095513913 ] ] } },
{ "type": "Feature", "properties": { "CITY_NAME": "OZZANO_DELL_EMILIA", "strokeColor": "#B3B3B3", "RGB": "179, 179, 179" }, "geometry": { "type": "LineString", "coordinates": [ [ 11.512981422647638, 44.466425274685143 ], [ 11.511126559069844, 44.467054036292339 ], [ 11.510901977963121, 44.467168543725087 ], [ 11.510070293686484, 44.467465673905103 ], [ 11.51005515780972, 44.467472780297548 ] ] } },
{ "type": "Feature", "properties": { "CITY_NAME": "OZZANO_DELL_EMILIA", "strokeColor": "#70ACCC", "RGB": "112, 172, 204" }, "geometry": { "type": "LineString", "coordinates": [ [ 11.506035228885827, 44.451375588745684 ], [ 11.50625376253871, 44.451756897793892 ], [ 11.506598904779329, 44.452392712955543 ], [ 11.506348855529925, 44.452470976276736 ], [ 11.505749019705377, 44.452643892374738 ] ] } },
{ "type": "Feature", "properties": { "CITY_NAME": "OZZANO_DELL_EMILIA", "strokeColor": "#B3B3B3", "RGB": "179, 179, 179" }, "geometry": { "type": "LineString", "coordinates": [ [ 11.47652071079707, 44.443380958510602 ], [ 11.476469961040198, 44.443386288075388 ] ] } },
{ "type": "Feature", "properties": { "CITY_NAME": "OZZANO_DELL_EMILIA", "strokeColor": "#70ACCC", "RGB": "112, 172, 204" }, "geometry": { "type": "LineString", "coordinates": [ [ 11.481128768307311, 44.443299970778071 ], [ 11.481158088967856, 44.443220548717626 ], [ 11.481241419608461, 44.443090992731364 ], [ 11.481350421955913, 44.442950429281204 ] ] } },
{ "type": "Feature", "properties": { "CITY_NAME": "OZZANO_DELL_EMILIA", "strokeColor": "#70ACCC", "RGB": "112, 172, 204" }, "geometry": { "type": "LineString", "coordinates": [ [ 11.487226693069493, 44.442880439212423 ], [ 11.486649398069863, 44.442082180923258 ], [ 11.485710111448538, 44.442430124858362 ] ] } },
{ "type": "Feature", "properties": { "CITY_NAME": "OZZANO_DELL_EMILIA", "strokeColor": "#B3B3B3", "RGB": "179, 179, 179" }, "geometry": { "type": "LineString", "coordinates": [ [ 11.467575252652484, 44.44920368750325 ], [ 11.467455857262161, 44.449260584871666 ] ] } },
{ "type": "Feature", "properties": { "CITY_NAME": "OZZANO_DELL_EMILIA", "strokeColor": "#B3B3B3", "RGB": "179, 179, 179" }, "geometry": { "type": "LineString", "coordinates": [ [ 11.48960213259376, 44.44000063952636 ], [ 11.490838568182062, 44.439533278590929 ], [ 11.490891568414733, 44.439480676491797 ], [ 11.490853955746694, 44.439411341498698 ] ] } },
{ "type": "Feature", "properties": { "CITY_NAME": "OZZANO_DELL_EMILIA", "strokeColor": "#B3B3B3", "RGB": "179, 179, 179" }, "geometry": { "type": "LineString", "coordinates": [ [ 11.46561386961617, 44.448516934485681 ], [ 11.466044734623617, 44.448263135456791 ] ] } },
{ "type": "Feature", "properties": { "CITY_NAME": "OZZANO_DELL_EMILIA", "strokeColor": "#B3B3B3", "RGB": "179, 179, 179" }, "geometry": { "type": "LineString", "coordinates": [ [ 11.465230828351347, 44.448077537333795 ], [ 11.464291526692779, 44.447260393520558 ] ] } },
{ "type": "Feature", "properties": { "CITY_NAME": "OZZANO_DELL_EMILIA", "strokeColor": "#CACC70", "RGB": "202, 204, 112" }, "geometry": { "type": "LineString", "coordinates": [ [ 11.467300395502917, 44.446585428915597 ], [ 11.467844575128691, 44.446337827054599 ], [ 11.46850094109336, 44.446043764729943 ], [ 11.468771853021867, 44.44592915590944 ], [ 11.468921557377433, 44.445871543082312 ], [ 11.469031510718747, 44.445848374189609 ] ] } },
{ "type": "Feature", "properties": { "CITY_NAME": "OZZANO_DELL_EMILIA", "strokeColor": "#B3B3B3", "RGB": "179, 179, 179" }, "geometry": { "type": "LineString", "coordinates": [ [ 11.478441482328241, 44.444030487110581 ], [ 11.478523113069741, 44.443998167855888 ], [ 11.478696833468559, 44.443931983175105 ] ] } },
{ "type": "Feature", "properties": { "CITY_NAME": "OZZANO_DELL_EMILIA", "strokeColor": "#B3B3B3", "RGB": "179, 179, 179" }, "geometry": { "type": "LineString", "coordinates": [ [ 11.428757500574442, 44.392044256065134 ], [ 11.428891723519984, 44.392054786401751 ], [ 11.428979511166613, 44.392043387340145 ], [ 11.429309258528242, 44.391927097500407 ], [ 11.429659274049865, 44.391802857164208 ], [ 11.429793221458736, 44.391752667242834 ], [ 11.429930475050728, 44.391705098597633 ], [ 11.430030017508457, 44.391673165412016 ], [ 11.430119267537343, 44.3916413999277 ], [ 11.430198390629368, 44.391617224979257 ] ] } },
{ "type": "Feature", "properties": { "CITY_NAME": "OZZANO_DELL_EMILIA", "strokeColor": "#B3B3B3", "RGB": "179, 179, 179" }, "geometry": { "type": "LineString", "coordinates": [ [ 11.468864389955188, 44.441610763073825 ], [ 11.46928580399813, 44.442182240494517 ] ] } },
{ "type": "Feature", "properties": { "CITY_NAME": "OZZANO_DELL_EMILIA", "strokeColor": "#70ACCC", "RGB": "112, 172, 204" }, "geometry": { "type": "LineString", "coordinates": [ [ 11.48566066118876, 44.443419327110718 ], [ 11.485048118043229, 44.442675342660166 ] ] } },
{ "type": "Feature", "properties": { "CITY_NAME": "OZZANO_DELL_EMILIA", "strokeColor": "#B3B3B3", "RGB": "179, 179, 179" }, "geometry": { "type": "LineString", "coordinates": [ [ 11.490227290823174, 44.438516536527978 ], [ 11.491002378773819, 44.438232461670921 ] ] } },
{ "type": "Feature", "properties": { "CITY_NAME": "OZZANO_DELL_EMILIA", "strokeColor": "#CACC70", "RGB": "202, 204, 112" }, "geometry": { "type": "LineString", "coordinates": [ [ 11.472685784062868, 44.446734962358661 ], [ 11.473164826596648, 44.446547583689075 ] ] } },
{ "type": "Feature", "properties": { "CITY_NAME": "OZZANO_DELL_EMILIA", "strokeColor": "#B3B3B3", "RGB": "179, 179, 179" }, "geometry": { "type": "LineString", "coordinates": [ [ 11.474212217677373, 44.439235263468291 ], [ 11.474161497929504, 44.439121865442651 ] ] } },
{ "type": "Feature", "properties": { "CITY_NAME": "OZZANO_DELL_EMILIA", "strokeColor": "#B3B3B3", "RGB": "179, 179, 179" }, "geometry": { "type": "LineString", "coordinates": [ [ 11.48074823435393, 44.443161385919041 ], [ 11.480886353104577, 44.443110821451022 ] ] } },
{ "type": "Feature", "properties": { "CITY_NAME": "OZZANO_DELL_EMILIA", "strokeColor": "#B3B3B3", "RGB": "179, 179, 179" }, "geometry": { "type": "LineString", "coordinates": [ [ 11.481859251286629, 44.442615083429864 ], [ 11.481136617891226, 44.442887008697866 ] ] } },
{ "type": "Feature", "properties": { "CITY_NAME": "OZZANO_DELL_EMILIA", "strokeColor": "#B3B3B3", "RGB": "179, 179, 179" }, "geometry": { "type": "LineString", "coordinates": [ [ 11.482502891221881, 44.416903692585514 ], [ 11.482321269049496, 44.416891099884637 ], [ 11.482111969521069, 44.416859408181686 ], [ 11.482021556458735, 44.416841280148574 ], [ 11.481932216257416, 44.416810601505162 ], [ 11.481870795897407, 44.416776704986908 ], [ 11.481794578840889, 44.416720666680746 ], [ 11.481713536513901, 44.416636265892272 ], [ 11.481646668164311, 44.416552224000164 ], [ 11.48141194014795, 44.41626865621356 ] ] } },
{ "type": "Feature", "properties": { "CITY_NAME": "OZZANO_DELL_EMILIA", "strokeColor": "#B3B3B3", "RGB": "179, 179, 179" }, "geometry": { "type": "LineString", "coordinates": [ [ 11.473258296829936, 44.447759353357071 ], [ 11.473321961518067, 44.447751618967899 ], [ 11.473378143723995, 44.447761747642161 ], [ 11.473422434125492, 44.447790288665942 ] ] } },
{ "type": "Feature", "properties": { "CITY_NAME": "OZZANO_DELL_EMILIA", "strokeColor": "#B3B3B3", "RGB": "179, 179, 179" }, "geometry": { "type": "LineString", "coordinates": [ [ 11.476874042249802, 44.440610763282756 ], [ 11.476743118929621, 44.440587823196346 ], [ 11.476672119334701, 44.44056358192509 ], [ 11.476582074789357, 44.440498850325234 ] ] } },
{ "type": "Feature", "properties": { "CITY_NAME": "OZZANO_DELL_EMILIA", "strokeColor": "#B3B3B3", "RGB": "179, 179, 179" }, "geometry": { "type": "LineString", "coordinates": [ [ 11.473951367008208, 44.441769095582174 ], [ 11.473796120584417, 44.441569561393749 ] ] } },
{ "type": "Feature", "properties": { "CITY_NAME": "OZZANO_DELL_EMILIA", "strokeColor": "#B3B3B3", "RGB": "179, 179, 179" }, "geometry": { "type": "LineString", "coordinates": [ [ 11.475830273971033, 44.445600807431127 ], [ 11.475615308798275, 44.445374699846695 ] ] } },
{ "type": "Feature", "properties": { "CITY_NAME": "OZZANO_DELL_EMILIA", "strokeColor": "#B3B3B3", "RGB": "179, 179, 179" }, "geometry": { "type": "LineString", "coordinates": [ [ 11.507548333340061, 44.466269084551804 ], [ 11.507664762705904, 44.466221129371782 ], [ 11.508495540430905, 44.465897567170124 ], [ 11.509286944555509, 44.465589170502184 ] ] } },
{ "type": "Feature", "properties": { "CITY_NAME": "OZZANO_DELL_EMILIA", "strokeColor": "#70ACCC", "RGB": "112, 172, 204" }, "geometry": { "type": "LineString", "coordinates": [ [ 11.482171785455241, 44.444743017304553 ], [ 11.482098628395253, 44.44467494122005 ], [ 11.48113287791292, 44.443483499161815 ] ] } },
{ "type": "Feature", "properties": { "CITY_NAME": "OZZANO_DELL_EMILIA", "strokeColor": "#70ACCC", "RGB": "112, 172, 204" }, "geometry": { "type": "LineString", "coordinates": [ [ 11.502477771498686, 44.463824902376139 ], [ 11.50233217066417, 44.463723024051127 ], [ 11.501634973707796, 44.463167821681324 ] ] } },
{ "type": "Feature", "properties": { "CITY_NAME": "OZZANO_DELL_EMILIA", "strokeColor": "#B3B3B3", "RGB": "179, 179, 179" }, "geometry": { "type": "LineString", "coordinates": [ [ 11.475830273971033, 44.445600807431127 ], [ 11.475669005071861, 44.445667512620048 ], [ 11.475457159999268, 44.445450043515329 ], [ 11.475615308798275, 44.445374699846695 ] ] } },
{ "type": "Feature", "properties": { "CITY_NAME": "OZZANO_DELL_EMILIA", "strokeColor": "#B3B3B3", "RGB": "179, 179, 179" }, "geometry": { "type": "LineString", "coordinates": [ [ 11.481945575381783, 44.442722975633792 ], [ 11.483035434558573, 44.442317138771692 ] ] } },
{ "type": "Feature", "properties": { "CITY_NAME": "OZZANO_DELL_EMILIA", "strokeColor": "#70ACCC", "RGB": "112, 172, 204" }, "geometry": { "type": "LineString", "coordinates": [ [ 11.501634973707796, 44.463167821681324 ], [ 11.501821382702408, 44.463043188608161 ] ] } },
{ "type": "Feature", "properties": { "CITY_NAME": "OZZANO_DELL_EMILIA", "strokeColor": "#70ACCC", "RGB": "112, 172, 204" }, "geometry": { "type": "LineString", "coordinates": [ [ 11.501455251033585, 44.466514039731834 ], [ 11.501691416009335, 44.466870490427929 ], [ 11.502236796179544, 44.467077017691295 ], [ 11.502759334948829, 44.467241352828374 ], [ 11.50302460985751, 44.467376167540472 ], [ 11.503205692215877, 44.467510318064754 ], [ 11.503740919755856, 44.467315254935869 ] ] } },
{ "type": "Feature", "properties": { "CITY_NAME": "OZZANO_DELL_EMILIA", "strokeColor": "#B3B3B3", "RGB": "179, 179, 179" }, "geometry": { "type": "LineString", "coordinates": [ [ 11.485717440367946, 44.449112929644421 ], [ 11.485750800184803, 44.449090419537207 ], [ 11.485778463326163, 44.449064245170504 ], [ 11.48579965772517, 44.449035137269838 ], [ 11.485813790694097, 44.44900390727863 ], [ 11.485820469505455, 44.448971428904237 ], [ 11.485819506332504, 44.448938606500825 ], [ 11.4858109275673, 44.448906357761274 ], [ 11.485794974955912, 44.448875581282977 ], [ 11.485772092200898, 44.448847137054138 ], [ 11.485742917498591, 44.448821818708517 ], [ 11.485708266299152, 44.448800332295086 ], [ 11.485669105392439, 44.448783277937494 ], [ 11.48562652703265, 44.448771132392871 ], [ 11.48558172062857, 44.448764233464139 ], [ 11.485535936026869, 44.448762773597856 ], [ 11.485490451856158, 44.448766794271975 ], [ 11.485446535234685, 44.448776184172488 ], [ 11.485405415365962, 44.448790678867837 ], [ 11.485368236399459, 44.448809875339094 ] ] } },
{ "type": "Feature", "properties": { "CITY_NAME": "OZZANO_DELL_EMILIA", "strokeColor": "#B3B3B3", "RGB": "179, 179, 179" }, "geometry": { "type": "LineString", "coordinates": [ [ 11.429808008756563, 44.393921391561477 ], [ 11.429904347176951, 44.393874028534313 ], [ 11.429743939210324, 44.393671157580322 ], [ 11.429567388591895, 44.393453408184669 ] ] } },
{ "type": "Feature", "properties": { "CITY_NAME": "OZZANO_DELL_EMILIA", "strokeColor": "#B3B3B3", "RGB": "179, 179, 179" }, "geometry": { "type": "LineString", "coordinates": [ [ 11.470316838803548, 44.443559248160156 ], [ 11.470342153048438, 44.443593908734456 ] ] } },
{ "type": "Feature", "properties": { "CITY_NAME": "OZZANO_DELL_EMILIA", "strokeColor": "#B3B3B3", "RGB": "179, 179, 179" }, "geometry": { "type": "LineString", "coordinates": [ [ 11.47856204989546, 44.444239234858756 ], [ 11.478519338207196, 44.444128092092143 ], [ 11.478441482328241, 44.444030487110581 ] ] } },
{ "type": "Feature", "properties": { "CITY_NAME": "OZZANO_DELL_EMILIA", "strokeColor": "#B3B3B3", "RGB": "179, 179, 179" }, "geometry": { "type": "LineString", "coordinates": [ [ 11.484795505130855, 44.439431256692593 ], [ 11.484981322744254, 44.439352315119805 ] ] } },
{ "type": "Feature", "properties": { "CITY_NAME": "OZZANO_DELL_EMILIA", "strokeColor": "#B3B3B3", "RGB": "179, 179, 179" }, "geometry": { "type": "LineString", "coordinates": [ [ 11.485299669251512, 44.438682256352024 ], [ 11.485406983292616, 44.438634186412123 ] ] } },
{ "type": "Feature", "properties": { "CITY_NAME": "OZZANO_DELL_EMILIA", "strokeColor": "#B3B3B3", "RGB": "179, 179, 179" }, "geometry": { "type": "LineString", "coordinates": [ [ 11.473422434125492, 44.447790288665942 ], [ 11.473440039212178, 44.447832116016478 ], [ 11.473429427773183, 44.447880909729754 ], [ 11.473372763869188, 44.447919854043832 ] ] } },
{ "type": "Feature", "properties": { "CITY_NAME": "OZZANO_DELL_EMILIA", "strokeColor": "#B3B3B3", "RGB": "179, 179, 179" }, "geometry": { "type": "LineString", "coordinates": [ [ 11.476996013219276, 44.444064682942148 ], [ 11.477038239355071, 44.444181530984942 ], [ 11.477109285648496, 44.444289626021316 ], [ 11.477157838222499, 44.44436468694834 ] ] } },
{ "type": "Feature", "properties": { "CITY_NAME": "OZZANO_DELL_EMILIA", "strokeColor": "#70ACCC", "RGB": "112, 172, 204" }, "geometry": { "type": "LineString", "coordinates": [ [ 11.498387391831411, 44.465276593402166 ], [ 11.498518656224508, 44.465193921202349 ], [ 11.49884907983258, 44.464998125968371 ], [ 11.499021697843801, 44.464882193428295 ] ] } },
{ "type": "Feature", "properties": { "CITY_NAME": "OZZANO_DELL_EMILIA", "strokeColor": "#B3B3B3", "RGB": "179, 179, 179" }, "geometry": { "type": "LineString", "coordinates": [ [ 11.467434167470932, 44.440951619844668 ], [ 11.468192068784546, 44.441873263675795 ], [ 11.468864389955188, 44.441610763073825 ] ] } },
{ "type": "Feature", "properties": { "CITY_NAME": "OZZANO_DELL_EMILIA", "strokeColor": "#B3B3B3", "RGB": "179, 179, 179" }, "geometry": { "type": "LineString", "coordinates": [ [ 11.47255775880244, 44.441311775295333 ], [ 11.472992260436454, 44.441869290420605 ] ] } },
{ "type": "Feature", "properties": { "CITY_NAME": "OZZANO_DELL_EMILIA", "strokeColor": "#B3B3B3", "RGB": "179, 179, 179" }, "geometry": { "type": "LineString", "coordinates": [ [ 11.512981422647638, 44.466425274685143 ], [ 11.512904262929283, 44.466293976168963 ], [ 11.513194860792479, 44.466193696513578 ], [ 11.513280634447629, 44.466322112494097 ], [ 11.512981422647638, 44.466425274685143 ] ] } },
{ "type": "Feature", "properties": { "CITY_NAME": "OZZANO_DELL_EMILIA", "strokeColor": "#B3B3B3", "RGB": "179, 179, 179" }, "geometry": { "type": "LineString", "coordinates": [ [ 11.475241943817725, 44.445295335134446 ], [ 11.475460171549331, 44.445210270535654 ] ] } },
{ "type": "Feature", "properties": { "CITY_NAME": "OZZANO_DELL_EMILIA", "strokeColor": "#B3B3B3", "RGB": "179, 179, 179" }, "geometry": { "type": "LineString", "coordinates": [ [ 11.478172456771897, 44.444140702683555 ], [ 11.478244351653954, 44.444110891564961 ], [ 11.478441482328241, 44.444030487110581 ] ] } },
{ "type": "Feature", "properties": { "CITY_NAME": "OZZANO_DELL_EMILIA", "strokeColor": "#CACC70", "RGB": "202, 204, 112" }, "geometry": { "type": "LineString", "coordinates": [ [ 11.469031510718747, 44.445848374189609 ], [ 11.469168280380828, 44.445859807415601 ], [ 11.46929972606562, 44.44589534495946 ], [ 11.46942780201309, 44.445926156847221 ], [ 11.469584177405325, 44.445951558843653 ], [ 11.469755104488454, 44.445946261002021 ] ] } },
{ "type": "Feature", "properties": { "CITY_NAME": "OZZANO_DELL_EMILIA", "strokeColor": "#B3B3B3", "RGB": "179, 179, 179" }, "geometry": { "type": "LineString", "coordinates": [ [ 11.484735802093709, 44.437664144491293 ], [ 11.484240038633905, 44.43788081809258 ], [ 11.484057205668435, 44.438005388219352 ], [ 11.483936125020744, 44.438185362450319 ], [ 11.483894178467747, 44.438363613712788 ], [ 11.483920872131145, 44.43852618408517 ], [ 11.483968669208572, 44.438694549357088 ], [ 11.484223990858018, 44.439136723117166 ] ] } },
{ "type": "Feature", "properties": { "CITY_NAME": "OZZANO_DELL_EMILIA", "strokeColor": "#70ACCC", "RGB": "112, 172, 204" }, "geometry": { "type": "LineString", "coordinates": [ [ 11.494746271328367, 44.441770177663741 ], [ 11.49477332922759, 44.441805774188012 ], [ 11.494814172885214, 44.441888687935588 ], [ 11.494845542653774, 44.44193857370945 ], [ 11.494901903093227, 44.442041517643204 ] ] } },
{ "type": "Feature", "properties": { "CITY_NAME": "OZZANO_DELL_EMILIA", "strokeColor": "#B3B3B3", "RGB": "179, 179, 179" }, "geometry": { "type": "LineString", "coordinates": [ [ 11.472117628570899, 44.444324660922582 ], [ 11.471803867283565, 44.44402440634591 ], [ 11.471393156521945, 44.443529545973675 ], [ 11.471248101929435, 44.443321589004142 ] ] } },
{ "type": "Feature", "properties": { "CITY_NAME": "OZZANO_DELL_EMILIA", "strokeColor": "#B3B3B3", "RGB": "179, 179, 179" }, "geometry": { "type": "LineString", "coordinates": [ [ 11.469098721671841, 44.443697414793462 ], [ 11.470128240886543, 44.443320619325014 ] ] } },
{ "type": "Feature", "properties": { "CITY_NAME": "OZZANO_DELL_EMILIA", "strokeColor": "#B3B3B3", "RGB": "179, 179, 179" }, "geometry": { "type": "LineString", "coordinates": [ [ 11.470926061422992, 44.442899970219628 ], [ 11.470775014974759, 44.442775301473986 ], [ 11.470310424196896, 44.442129677528953 ], [ 11.470270407168858, 44.442082567578851 ] ] } },
{ "type": "Feature", "properties": { "CITY_NAME": "OZZANO_DELL_EMILIA", "strokeColor": "#B3B3B3", "RGB": "179, 179, 179" }, "geometry": { "type": "LineString", "coordinates": [ [ 11.476582074789357, 44.440498850325234 ], [ 11.476718772809262, 44.440714200210088 ] ] } },
{ "type": "Feature", "properties": { "CITY_NAME": "OZZANO_DELL_EMILIA", "strokeColor": "#B3B3B3", "RGB": "179, 179, 179" }, "geometry": { "type": "LineString", "coordinates": [ [ 11.477053992641638, 44.44065842109012 ], [ 11.47809894564792, 44.440278832956011 ] ] } },
{ "type": "Feature", "properties": { "CITY_NAME": "OZZANO_DELL_EMILIA", "strokeColor": "#B3B3B3", "RGB": "179, 179, 179" }, "geometry": { "type": "LineString", "coordinates": [ [ 11.472992260436454, 44.441869290420605 ], [ 11.473150637230564, 44.442072503871607 ] ] } },
{ "type": "Feature", "properties": { "CITY_NAME": "OZZANO_DELL_EMILIA", "strokeColor": "#B3B3B3", "RGB": "179, 179, 179" }, "geometry": { "type": "LineString", "coordinates": [ [ 11.429295057141143, 44.394171153089069 ], [ 11.428905511004272, 44.393693750784912 ] ] } },
{ "type": "Feature", "properties": { "CITY_NAME": "OZZANO_DELL_EMILIA", "strokeColor": "#B3B3B3", "RGB": "179, 179, 179" }, "geometry": { "type": "LineString", "coordinates": [ [ 11.426272080316789, 44.376195992354248 ], [ 11.42636286994024, 44.375718697018868 ] ] } },
{ "type": "Feature", "properties": { "CITY_NAME": "OZZANO_DELL_EMILIA", "strokeColor": "#70ACCC", "RGB": "112, 172, 204" }, "geometry": { "type": "LineString", "coordinates": [ [ 11.486273642053458, 44.443208398442231 ], [ 11.485710111448538, 44.442430124858362 ] ] } },
{ "type": "Feature", "properties": { "CITY_NAME": "OZZANO_DELL_EMILIA", "strokeColor": "#B3B3B3", "RGB": "179, 179, 179" }, "geometry": { "type": "LineString", "coordinates": [ [ 11.469017195056336, 44.440380200429722 ], [ 11.468916442008954, 44.440315175833732 ], [ 11.468772415670399, 44.440227896248736 ], [ 11.468410150849307, 44.440077509152424 ], [ 11.468005381341339, 44.43992464319394 ], [ 11.467470698860792, 44.439720310754332 ], [ 11.467176302561906, 44.439631412616635 ] ] } },
{ "type": "Feature", "properties": { "CITY_NAME": "OZZANO_DELL_EMILIA", "strokeColor": "#B3B3B3", "RGB": "179, 179, 179" }, "geometry": { "type": "LineString", "coordinates": [ [ 11.469688669786356, 44.444514590904838 ], [ 11.469563240167551, 44.444564369440656 ] ] } },
{ "type": "Feature", "properties": { "CITY_NAME": "OZZANO_DELL_EMILIA", "strokeColor": "#B3B3B3", "RGB": "179, 179, 179" }, "geometry": { "type": "LineString", "coordinates": [ [ 11.485621252569835, 44.433238191274555 ], [ 11.485779697254376, 44.433436659545741 ], [ 11.48667918837906, 44.43460685320327 ], [ 11.486821672253088, 44.434781639621441 ], [ 11.487102041994092, 44.435059849108711 ], [ 11.487609195385877, 44.435508619728282 ], [ 11.487764295962288, 44.435638927015539 ], [ 11.488039971951524, 44.435833873784823 ], [ 11.488288254969186, 44.435981046717174 ] ] } },
{ "type": "Feature", "properties": { "CITY_NAME": "OZZANO_DELL_EMILIA", "strokeColor": "#B3B3B3", "RGB": "179, 179, 179" }, "geometry": { "type": "LineString", "coordinates": [ [ 11.471810195241593, 44.446603617056958 ], [ 11.472231315687013, 44.446424778772936 ] ] } },
{ "type": "Feature", "properties": { "CITY_NAME": "OZZANO_DELL_EMILIA", "strokeColor": "#B3B3B3", "RGB": "179, 179, 179" }, "geometry": { "type": "LineString", "coordinates": [ [ 11.470057295893907, 44.443229493987438 ], [ 11.467104755947318, 44.444349992389022 ], [ 11.465631638647565, 44.444904813878026 ] ] } },
{ "type": "Feature", "properties": { "CITY_NAME": "OZZANO_DELL_EMILIA", "strokeColor": "#B3B3B3", "RGB": "179, 179, 179" }, "geometry": { "type": "LineString", "coordinates": [ [ 11.480452278664389, 44.443270722905282 ], [ 11.48074823435393, 44.443161385919041 ] ] } },
{ "type": "Feature", "properties": { "CITY_NAME": "OZZANO_DELL_EMILIA", "strokeColor": "#B3B3B3", "RGB": "179, 179, 179" }, "geometry": { "type": "LineString", "coordinates": [ [ 11.481223245931259, 44.442994384389543 ], [ 11.481350421955913, 44.442950429281204 ] ] } },
{ "type": "Feature", "properties": { "CITY_NAME": "OZZANO_DELL_EMILIA", "strokeColor": "#70ACCC", "RGB": "112, 172, 204" }, "geometry": { "type": "LineString", "coordinates": [ [ 11.482950812901349, 44.442204883690678 ], [ 11.482532273140947, 44.441677314651464 ], [ 11.481420715794597, 44.44033631208044 ], [ 11.481032971098747, 44.439834347532646 ] ] } },
{ "type": "Feature", "properties": { "CITY_NAME": "OZZANO_DELL_EMILIA", "strokeColor": "#B3B3B3", "RGB": "179, 179, 179" }, "geometry": { "type": "LineString", "coordinates": [ [ 11.483499976012869, 44.417949027966188 ], [ 11.483320855548691, 44.417715129315887 ], [ 11.482780567162981, 44.417139417387041 ], [ 11.482502891221881, 44.416903692585514 ] ] } },
{ "type": "Feature", "properties": { "CITY_NAME": "OZZANO_DELL_EMILIA", "strokeColor": "#B3B3B3", "RGB": "179, 179, 179" }, "geometry": { "type": "LineString", "coordinates": [ [ 11.477326612371293, 44.438260332674652 ], [ 11.477439128587072, 44.438289782594474 ], [ 11.478252691071289, 44.438303607516879 ] ] } },
{ "type": "Feature", "properties": { "CITY_NAME": "OZZANO_DELL_EMILIA", "strokeColor": "#70ACCC", "RGB": "112, 172, 204" }, "geometry": { "type": "LineString", "coordinates": [ [ 11.486273642053458, 44.443208398442231 ], [ 11.487226693069493, 44.442880439212423 ] ] } },
{ "type": "Feature", "properties": { "CITY_NAME": "OZZANO_DELL_EMILIA", "strokeColor": "#B3B3B3", "RGB": "179, 179, 179" }, "geometry": { "type": "LineString", "coordinates": [ [ 11.428757500574442, 44.392044256065134 ], [ 11.428917146831164, 44.391825931406842 ], [ 11.429052755976175, 44.391646929567464 ] ] } },
{ "type": "Feature", "properties": { "CITY_NAME": "OZZANO_DELL_EMILIA", "strokeColor": "#B3B3B3", "RGB": "179, 179, 179" }, "geometry": { "type": "LineString", "coordinates": [ [ 11.46800352762369, 44.440550056107107 ], [ 11.467434167470932, 44.440951619844668 ] ] } },
{ "type": "Feature", "properties": { "CITY_NAME": "OZZANO_DELL_EMILIA", "strokeColor": "#B3B3B3", "RGB": "179, 179, 179" }, "geometry": { "type": "LineString", "coordinates": [ [ 11.475784658192802, 44.446932141600008 ], [ 11.475678909675052, 44.446959274289711 ], [ 11.473988462384558, 44.447568424971081 ] ] } },
{ "type": "Feature", "properties": { "CITY_NAME": "OZZANO_DELL_EMILIA", "strokeColor": "#B3B3B3", "RGB": "179, 179, 179" }, "geometry": { "type": "LineString", "coordinates": [ [ 11.486113452834966, 44.440054265428543 ], [ 11.486035768452428, 44.439926867620485 ] ] } },
{ "type": "Feature", "properties": { "CITY_NAME": "OZZANO_DELL_EMILIA", "strokeColor": "#B3B3B3", "RGB": "179, 179, 179" }, "geometry": { "type": "LineString", "coordinates": [ [ 11.473150637230564, 44.442072503871607 ], [ 11.473951367008208, 44.441769095582174 ] ] } },
{ "type": "Feature", "properties": { "CITY_NAME": "OZZANO_DELL_EMILIA", "strokeColor": "#B3B3B3", "RGB": "179, 179, 179" }, "geometry": { "type": "LineString", "coordinates": [ [ 11.426272080316789, 44.376195992354248 ], [ 11.426442273729439, 44.376224995445995 ] ] } },
{ "type": "Feature", "properties": { "CITY_NAME": "OZZANO_DELL_EMILIA", "strokeColor": "#B3B3B3", "RGB": "179, 179, 179" }, "geometry": { "type": "LineString", "coordinates": [ [ 11.477025025710494, 44.446210026891784 ], [ 11.477023025132279, 44.446249527032009 ], [ 11.47700616382159, 44.446273869624456 ], [ 11.476539812138915, 44.446536566172917 ], [ 11.47623192918463, 44.446709995791473 ], [ 11.476135020443625, 44.446764583318874 ], [ 11.475993965912215, 44.446838308243201 ] ] } },
{ "type": "Feature", "properties": { "CITY_NAME": "OZZANO_DELL_EMILIA", "strokeColor": "#B3B3B3", "RGB": "179, 179, 179" }, "geometry": { "type": "LineString", "coordinates": [ [ 11.47809894564792, 44.440278832956011 ], [ 11.477806099618956, 44.439873301352854 ] ] } },
{ "type": "Feature", "properties": { "CITY_NAME": "OZZANO_DELL_EMILIA", "strokeColor": "#B3B3B3", "RGB": "179, 179, 179" }, "geometry": { "type": "LineString", "coordinates": [ [ 11.476067262096933, 44.438640390068947 ], [ 11.476217043800649, 44.438630168448448 ], [ 11.476424597455667, 44.438571857073867 ], [ 11.476926619850216, 44.438405519830717 ], [ 11.477209717733356, 44.438300354710051 ], [ 11.477326612371293, 44.438260332674652 ] ] } },
{ "type": "Feature", "properties": { "CITY_NAME": "OZZANO_DELL_EMILIA", "strokeColor": "#B3B3B3", "RGB": "179, 179, 179" }, "geometry": { "type": "LineString", "coordinates": [ [ 11.499111228462223, 44.43688908975269 ], [ 11.498451445223642, 44.437250065108209 ] ] } },
{ "type": "Feature", "properties": { "CITY_NAME": "OZZANO_DELL_EMILIA", "strokeColor": "#70ACCC", "RGB": "112, 172, 204" }, "geometry": { "type": "LineString", "coordinates": [ [ 11.504581067383803, 44.467036373910133 ], [ 11.504832175072211, 44.467432368096432 ] ] } },
{ "type": "Feature", "properties": { "CITY_NAME": "OZZANO_DELL_EMILIA", "strokeColor": "#B3B3B3", "RGB": "179, 179, 179" }, "geometry": { "type": "LineString", "coordinates": [ [ 11.429244292578705, 44.393140194782561 ], [ 11.429242081196245, 44.392859416835158 ] ] } },
{ "type": "Feature", "properties": { "CITY_NAME": "OZZANO_DELL_EMILIA", "strokeColor": "#CACC70", "RGB": "202, 204, 112" }, "geometry": { "type": "LineString", "coordinates": [ [ 11.473536563004116, 44.447067978000753 ], [ 11.473726037495494, 44.447047148774885 ], [ 11.473849824620965, 44.447021584135214 ], [ 11.474016426763734, 44.446978450055695 ], [ 11.474165095786388, 44.446923223185543 ], [ 11.474302157916043, 44.44686824771334 ], [ 11.47442455393907, 44.446795158911698 ], [ 11.474539360930473, 44.446710394235367 ], [ 11.474608425717429, 44.446644412081731 ], [ 11.474285159114803, 44.446222555924798 ], [ 11.474260394332005, 44.446198518239591 ], [ 11.474222827572362, 44.44618373816084 ], [ 11.474180385007427, 44.446178514714354 ], [ 11.474138552516237, 44.446184224327624 ], [ 11.474098239098671, 44.446201561208092 ], [ 11.474055047907978, 44.446216431607809 ], [ 11.4733695292586, 44.446477929750735 ], [ 11.473164826596648, 44.446547583689075 ] ] } },
{ "type": "Feature", "properties": { "CITY_NAME": "OZZANO_DELL_EMILIA", "strokeColor": "#B3B3B3", "RGB": "179, 179, 179" }, "geometry": { "type": "LineString", "coordinates": [ [ 11.485360077668876, 44.437399340624879 ], [ 11.485554200040209, 44.437418387476214 ], [ 11.485943483795078, 44.437356095223933 ], [ 11.485998090663527, 44.437291309528035 ], [ 11.485980301698818, 44.437226144216481 ], [ 11.485925517233243, 44.437190159113641 ], [ 11.485360077668876, 44.437399340624879 ] ] } },
{ "type": "Feature", "properties": { "CITY_NAME": "OZZANO_DELL_EMILIA", "strokeColor": "#B3B3B3", "RGB": "179, 179, 179" }, "geometry": { "type": "LineString", "coordinates": [ [ 11.477025025710494, 44.446210026891784 ], [ 11.477069771426992, 44.446182751119544 ], [ 11.477729341846546, 44.445809484352871 ] ] } },
{ "type": "Feature", "properties": { "CITY_NAME": "OZZANO_DELL_EMILIA", "strokeColor": "#70ACCC", "RGB": "112, 172, 204" }, "geometry": { "type": "LineString", "coordinates": [ [ 11.48994403614504, 44.441851229642367 ], [ 11.488797864053288, 44.440385107364136 ], [ 11.488787822302307, 44.440343773737524 ] ] } },
{ "type": "Feature", "properties": { "CITY_NAME": "OZZANO_DELL_EMILIA", "strokeColor": "#B3B3B3", "RGB": "179, 179, 179" }, "geometry": { "type": "LineString", "coordinates": [ [ 11.498451445223642, 44.437250065108209 ], [ 11.499156891435899, 44.437961162217604 ] ] } },
{ "type": "Feature", "properties": { "CITY_NAME": "OZZANO_DELL_EMILIA", "strokeColor": "#B3B3B3", "RGB": "179, 179, 179" }, "geometry": { "type": "LineString", "coordinates": [ [ 11.469449843905039, 44.442403910823018 ], [ 11.470270407168858, 44.442082567578851 ] ] } },
{ "type": "Feature", "properties": { "CITY_NAME": "OZZANO_DELL_EMILIA", "strokeColor": "#B3B3B3", "RGB": "179, 179, 179" }, "geometry": { "type": "LineString", "coordinates": [ [ 11.509897806891697, 44.467566941498532 ], [ 11.509885126060103, 44.46744439607869 ] ] } },
{ "type": "Feature", "properties": { "CITY_NAME": "OZZANO_DELL_EMILIA", "strokeColor": "#B3B3B3", "RGB": "179, 179, 179" }, "geometry": { "type": "LineString", "coordinates": [ [ 11.481562944807106, 44.417233475429086 ], [ 11.481662923110646, 44.417277058876586 ], [ 11.481776381425282, 44.417328760356376 ], [ 11.482038054455041, 44.417479838899801 ], [ 11.482129134238276, 44.417524435563926 ], [ 11.482231351362792, 44.417551836150054 ], [ 11.482313711606807, 44.417577444794034 ], [ 11.482420065216122, 44.417575055462436 ], [ 11.482587561075412, 44.417539619911686 ], [ 11.482767966650616, 44.417502545728141 ], [ 11.482815231529239, 44.41750148440093 ], [ 11.482866901512942, 44.417511576071369 ], [ 11.482950845549942, 44.417552630791256 ], [ 11.483226948006626, 44.417758557470705 ], [ 11.483499976012869, 44.417949027966188 ] ] } },
{ "type": "Feature", "properties": { "CITY_NAME": "OZZANO_DELL_EMILIA", "strokeColor": "#B3B3B3", "RGB": "179, 179, 179" }, "geometry": { "type": "LineString", "coordinates": [ [ 11.476444306315166, 44.443540991350538 ], [ 11.476491060503198, 44.443555352617217 ], [ 11.476534532265807, 44.443555562717975 ], [ 11.476578086782053, 44.44354500745785 ] ] } },
{ "type": "Feature", "properties": { "CITY_NAME": "OZZANO_DELL_EMILIA", "strokeColor": "#B3B3B3", "RGB": "179, 179, 179" }, "geometry": { "type": "LineString", "coordinates": [ [ 11.46800352762369, 44.440550056107107 ], [ 11.468274710662559, 44.440847815603796 ], [ 11.468391974067261, 44.440976569921652 ], [ 11.468657329602536, 44.441332255036414 ], [ 11.468801765195856, 44.441525835345089 ], [ 11.468864389955188, 44.441610763073825 ] ] } },
{ "type": "Feature", "properties": { "CITY_NAME": "OZZANO_DELL_EMILIA", "strokeColor": "#B3B3B3", "RGB": "179, 179, 179" }, "geometry": { "type": "MultiLineString", "coordinates": [ [ [ 11.485726825398508, 44.438149960522551 ], [ 11.485743198552893, 44.438147836759171 ], [ 11.486063786242147, 44.438105228955344 ], [ 11.486149212546746, 44.438087108748697 ], [ 11.486400141276961, 44.43799008914123 ], [ 11.486574981153435, 44.437909868933424 ], [ 11.486595042186478, 44.437900284348466 ], [ 11.486614865187342, 44.437890450170592 ], [ 11.486634446504267, 44.437880369180185 ], [ 11.486653780051112, 44.437870046011327 ], [ 11.486672857078309, 44.437859481754948 ], [ 11.486691675265853, 44.437848680963107 ], [ 11.486710228451305, 44.437837646470939 ], [ 11.486728507961477, 44.437826381168307 ], [ 11.486732376505548, 44.437823945402833 ], [ 11.486750320172201, 44.437812405630403 ], [ 11.486767980425855, 44.437800642462058 ], [ 11.486785350001435, 44.437788662358024 ], [ 11.486802425132783, 44.437776465400518 ], [ 11.486807411011714, 44.437772822343824 ], [ 11.48682290220327, 44.437761260366372 ], [ 11.48697236524, 44.437625977689883 ], [ 11.487086772074559, 44.437474156453405 ], [ 11.487141615639066, 44.437366454870329 ], [ 11.487199264111457, 44.437229104065203 ], [ 11.48720504691104, 44.437215315656253 ], [ 11.48749385038977, 44.436526659258696 ], [ 11.487497092285633, 44.436520830523115 ], [ 11.487501697038144, 44.436515494241689 ], [ 11.487507523197701, 44.43651081104295 ], [ 11.487514398461043, 44.43650692512265 ], [ 11.487522110387509, 44.436503952742868 ], [ 11.487530425381991, 44.436501985419277 ], [ 11.487539090861915, 44.436501081771645 ], [ 11.487547844197353, 44.436501270929945 ], [ 11.487555332348872, 44.436502321303252 ], [ 11.487633609291452, 44.436517805096237 ], [ 11.487726988577064, 44.43653655175487 ] ], [ [ 11.485726825398508, 44.438149960522551 ], [ 11.485708301918072, 44.438155718660873 ], [ 11.485691456978712, 44.438163693605233 ], [ 11.485682055059893, 44.438169666330481 ], [ 11.485674970474216, 44.43817564531011 ], [ 11.485669443582363, 44.438182414111061 ], [ 11.48566564037468, 44.438189768360111 ], [ 11.485664796798718, 44.438192246250573 ], [ 11.485648086910548, 44.438248191512315 ], [ 11.48564165613346, 44.438263184999819 ], [ 11.48563168981395, 44.438277150850681 ], [ 11.48561849158734, 44.438289663829487 ], [ 11.485602458793721, 44.438300345274577 ], [ 11.485592199271828, 44.438305503922571 ], [ 11.485473050528814, 44.438359261218515 ], [ 11.485252423098533, 44.43845880240093 ], [ 11.485235799092104, 44.438466301629568 ], [ 11.485220222366857, 44.438472036944297 ], [ 11.485203491652051, 44.438475746579861 ], [ 11.485186114876722, 44.438477318647848 ], [ 11.485168621547901, 44.438476705609418 ], [ 11.485151543957469, 44.438473925584617 ], [ 11.485135398351082, 44.438469062762451 ], [ 11.485120677242927, 44.438462263967061 ], [ 11.485107826818414, 44.438453739149594 ], [ 11.485097238638783, 44.438443743563518 ], [ 11.485089233511669, 44.438432582616834 ], [ 11.485084054527601, 44.438420595818982 ], [ 11.485081860325419, 44.438408146124111 ], [ 11.485082717255001, 44.438395612899583 ], [ 11.485086598767184, 44.438383377534919 ], [ 11.485093386097249, 44.438371809923069 ], [ 11.485102873057855, 44.438361262954537 ], [ 11.485114774140381, 44.438352056136246 ], [ 11.485128725541529, 44.438344470167692 ], [ 11.48541911929677, 44.438213452108521 ], [ 11.485499253254646, 44.438181110017787 ], [ 11.485509222244639, 44.438177870765081 ], [ 11.485519506424078, 44.438175959739866 ], [ 11.48564133463683, 44.438161057056732 ], [ 11.485726825398508, 44.438149960522551 ] ] ] } },
{ "type": "Feature", "properties": { "CITY_NAME": "OZZANO_DELL_EMILIA", "strokeColor": "#B3B3B3", "RGB": "179, 179, 179" }, "geometry": { "type": "LineString", "coordinates": [ [ 11.429567388591895, 44.393453408184669 ], [ 11.429313041696297, 44.39311841086284 ], [ 11.429244292578705, 44.393140194782561 ] ] } },
{ "type": "Feature", "properties": { "CITY_NAME": "OZZANO_DELL_EMILIA", "strokeColor": "#70ACCC", "RGB": "112, 172, 204" }, "geometry": { "type": "LineString", "coordinates": [ [ 11.48074823435393, 44.443161385919041 ], [ 11.480673298179825, 44.443061207262872 ] ] } },
{ "type": "Feature", "properties": { "CITY_NAME": "OZZANO_DELL_EMILIA", "strokeColor": "#B3B3B3", "RGB": "179, 179, 179" }, "geometry": { "type": "LineString", "coordinates": [ [ 11.476469961040198, 44.443386288075388 ], [ 11.476429622873809, 44.443409459128347 ] ] } },
{ "type": "Feature", "properties": { "CITY_NAME": "OZZANO_DELL_EMILIA", "strokeColor": "#B3B3B3", "RGB": "179, 179, 179" }, "geometry": { "type": "LineString", "coordinates": [ [ 11.466725529639163, 44.439098609449559 ], [ 11.4667710772195, 44.439147817604223 ], [ 11.466953792508603, 44.439368172493893 ] ] } },
{ "type": "Feature", "properties": { "CITY_NAME": "OZZANO_DELL_EMILIA", "strokeColor": "#B3B3B3", "RGB": "179, 179, 179" }, "geometry": { "type": "LineString", "coordinates": [ [ 11.481859251286629, 44.442615083429864 ], [ 11.481945575381783, 44.442722975633792 ] ] } },
{ "type": "Feature", "properties": { "CITY_NAME": "OZZANO_DELL_EMILIA", "strokeColor": "#70ACCC", "RGB": "112, 172, 204" }, "geometry": { "type": "LineString", "coordinates": [ [ 11.48566066118876, 44.443419327110718 ], [ 11.485795419678924, 44.443588512112314 ], [ 11.485977067956707, 44.443814740051515 ], [ 11.486135129611007, 44.444004300537379 ], [ 11.486701451226342, 44.444707722569753 ] ] } },
{ "type": "Feature", "properties": { "CITY_NAME": "OZZANO_DELL_EMILIA", "strokeColor": "#B3B3B3", "RGB": "179, 179, 179" }, "geometry": { "type": "LineString", "coordinates": [ [ 11.46928580399813, 44.442182240494517 ], [ 11.469449843905039, 44.442403910823018 ] ] } },
{ "type": "Feature", "properties": { "CITY_NAME": "OZZANO_DELL_EMILIA", "strokeColor": "#CACC70", "RGB": "202, 204, 112" }, "geometry": { "type": "LineString", "coordinates": [ [ 11.469755104488454, 44.445946261002021 ], [ 11.469309898714318, 44.446136608791598 ], [ 11.469031510718747, 44.445848374189609 ] ] } },
{ "type": "Feature", "properties": { "CITY_NAME": "OZZANO_DELL_EMILIA", "strokeColor": "#CACC70", "RGB": "202, 204, 112" }, "geometry": { "type": "LineString", "coordinates": [ [ 11.466725529639163, 44.439098609449559 ], [ 11.466045786355835, 44.439412594516845 ] ] } },
{ "type": "Feature", "properties": { "CITY_NAME": "OZZANO_DELL_EMILIA", "strokeColor": "#B3B3B3", "RGB": "179, 179, 179" }, "geometry": { "type": "LineString", "coordinates": [ [ 11.510925662159369, 44.465081722370527 ], [ 11.511194725466202, 44.465190149873564 ] ] } },
{ "type": "Feature", "properties": { "CITY_NAME": "OZZANO_DELL_EMILIA", "strokeColor": "#B3B3B3", "RGB": "179, 179, 179" }, "geometry": { "type": "LineString", "coordinates": [ [ 11.476767831272195, 44.440799293710498 ], [ 11.476834574945412, 44.440812147103813 ], [ 11.476893719231168, 44.440806880998807 ], [ 11.476951698030783, 44.440792416051067 ] ] } },
{ "type": "Feature", "properties": { "CITY_NAME": "OZZANO_DELL_EMILIA", "strokeColor": "#B3B3B3", "RGB": "179, 179, 179" }, "geometry": { "type": "LineString", "coordinates": [ [ 11.466044734623617, 44.448263135456791 ], [ 11.466337137147891, 44.448090895170708 ] ] } },
{ "type": "Feature", "properties": { "CITY_NAME": "OZZANO_DELL_EMILIA", "strokeColor": "#B3B3B3", "RGB": "179, 179, 179" }, "geometry": { "type": "LineString", "coordinates": [ [ 11.48864974319563, 44.436224893579457 ], [ 11.488966305120817, 44.436446308422077 ], [ 11.489300976925479, 44.436721965374637 ] ] } },
{ "type": "Feature", "properties": { "CITY_NAME": "OZZANO_DELL_EMILIA", "strokeColor": "#B3B3B3", "RGB": "179, 179, 179" }, "geometry": { "type": "LineString", "coordinates": [ [ 11.48960213259376, 44.44000063952636 ], [ 11.489536263281588, 44.439903747529677 ] ] } },
{ "type": "Feature", "properties": { "CITY_NAME": "OZZANO_DELL_EMILIA", "strokeColor": "#B3B3B3", "RGB": "179, 179, 179" }, "geometry": { "type": "LineString", "coordinates": [ [ 11.476578086782053, 44.44354500745785 ], [ 11.476996013219276, 44.444064682942148 ] ] } },
{ "type": "Feature", "properties": { "CITY_NAME": "OZZANO_DELL_EMILIA", "strokeColor": "#B3B3B3", "RGB": "179, 179, 179" }, "geometry": { "type": "LineString", "coordinates": [ [ 11.477373639616273, 44.444458342082932 ], [ 11.477736954964172, 44.444313263572866 ] ] } },
{ "type": "Feature", "properties": { "CITY_NAME": "OZZANO_DELL_EMILIA", "strokeColor": "#CACC70", "RGB": "202, 204, 112" }, "geometry": { "type": "LineString", "coordinates": [ [ 11.471570667750454, 44.445257663450015 ], [ 11.472706620322136, 44.444838044578987 ] ] } },
{ "type": "Feature", "properties": { "CITY_NAME": "OZZANO_DELL_EMILIA", "strokeColor": "#B3B3B3", "RGB": "179, 179, 179" }, "geometry": { "type": "LineString", "coordinates": [ [ 11.476985985032716, 44.445115765222504 ], [ 11.476701810455943, 44.445233544156565 ] ] } },
{ "type": "Feature", "properties": { "CITY_NAME": "OZZANO_DELL_EMILIA", "strokeColor": "#70ACCC", "RGB": "112, 172, 204" }, "geometry": { "type": "LineString", "coordinates": [ [ 11.48413795877001, 44.443992070922121 ], [ 11.483602369421593, 44.443230024646489 ], [ 11.483849950078808, 44.443131140777517 ], [ 11.484412694193216, 44.443888734558328 ] ] } },
{ "type": "Feature", "properties": { "CITY_NAME": "OZZANO_DELL_EMILIA", "strokeColor": "#B3B3B3", "RGB": "179, 179, 179" }, "geometry": { "type": "LineString", "coordinates": [ [ 11.488787822302307, 44.440343773737524 ], [ 11.488810808509713, 44.440299741219341 ], [ 11.48960213259376, 44.44000063952636 ] ] } },
{ "type": "Feature", "properties": { "CITY_NAME": "OZZANO_DELL_EMILIA", "strokeColor": "#B3B3B3", "RGB": "179, 179, 179" }, "geometry": { "type": "LineString", "coordinates": [ [ 11.477312864453806, 44.439202608756297 ], [ 11.478018120741964, 44.438936695285712 ], [ 11.478204360328279, 44.438913005685428 ], [ 11.478383657977268, 44.438917822116323 ], [ 11.478538654037765, 44.438990254499707 ], [ 11.478684554816839, 44.43911720699532 ] ] } },
{ "type": "Feature", "properties": { "CITY_NAME": "OZZANO_DELL_EMILIA", "strokeColor": "#B3B3B3", "RGB": "179, 179, 179" }, "geometry": { "type": "LineString", "coordinates": [ [ 11.465590155142449, 44.447864884826771 ], [ 11.466044734623617, 44.448263135456791 ] ] } },
{ "type": "Feature", "properties": { "CITY_NAME": "OZZANO_DELL_EMILIA", "strokeColor": "#CACC70", "RGB": "202, 204, 112" }, "geometry": { "type": "LineString", "coordinates": [ [ 11.469755104488454, 44.445946261002021 ], [ 11.471570667750454, 44.445257663450015 ] ] } },
{ "type": "Feature", "properties": { "CITY_NAME": "OZZANO_DELL_EMILIA", "strokeColor": "#B3B3B3", "RGB": "179, 179, 179" }, "geometry": { "type": "LineString", "coordinates": [ [ 11.473951367008208, 44.441769095582174 ], [ 11.474996826095753, 44.441372942981843 ] ] } },
{ "type": "Feature", "properties": { "CITY_NAME": "OZZANO_DELL_EMILIA", "strokeColor": "#B3B3B3", "RGB": "179, 179, 179" }, "geometry": { "type": "LineString", "coordinates": [ [ 11.479576332208607, 44.447198699856763 ], [ 11.479616193910868, 44.447177394393812 ], [ 11.479648920272229, 44.447141641653886 ], [ 11.479670591499099, 44.44709503331709 ], [ 11.479786982161558, 44.446596080115206 ], [ 11.479788238706197, 44.446514468288932 ], [ 11.479770615975847, 44.446450709191403 ], [ 11.479726501186274, 44.446336324040459 ], [ 11.479651013917479, 44.446205641417315 ], [ 11.479504891730553, 44.446039233885699 ], [ 11.479426767615406, 44.445941302336635 ], [ 11.479357423323576, 44.445841059012103 ], [ 11.479308145915862, 44.445725542558712 ], [ 11.479241096602941, 44.445597678756464 ], [ 11.479125352064694, 44.445426232955526 ], [ 11.479054515023877, 44.445326174903066 ], [ 11.478954263595847, 44.445194807057739 ], [ 11.47887381424294, 44.445043271729681 ], [ 11.47877862610504, 44.444799502141962 ], [ 11.478626483675063, 44.444380292522737 ] ] } },
{ "type": "Feature", "properties": { "CITY_NAME": "OZZANO_DELL_EMILIA", "strokeColor": "#B3B3B3", "RGB": "179, 179, 179" }, "geometry": { "type": "LineString", "coordinates": [ [ 11.476996013219276, 44.444064682942148 ], [ 11.477069236111346, 44.444127401617052 ], [ 11.477144297361223, 44.444162176689552 ], [ 11.477245677001731, 44.44420511851385 ], [ 11.477353168713073, 44.444254822715358 ] ] } },
{ "type": "Feature", "properties": { "CITY_NAME": "OZZANO_DELL_EMILIA", "strokeColor": "#B3B3B3", "RGB": "179, 179, 179" }, "geometry": { "type": "LineString", "coordinates": [ [ 11.470944229049389, 44.440400421519847 ], [ 11.470711173741524, 44.440082856551186 ] ] } },
{ "type": "Feature", "properties": { "CITY_NAME": "OZZANO_DELL_EMILIA", "strokeColor": "#B3B3B3", "RGB": "179, 179, 179" }, "geometry": { "type": "LineString", "coordinates": [ [ 11.476701810455943, 44.445233544156565 ], [ 11.476298490223803, 44.445407139692733 ] ] } },
{ "type": "Feature", "properties": { "CITY_NAME": "OZZANO_DELL_EMILIA", "strokeColor": "#B3B3B3", "RGB": "179, 179, 179" }, "geometry": { "type": "LineString", "coordinates": [ [ 11.471791609530477, 44.442580704079113 ], [ 11.471884119956776, 44.442546580320574 ], [ 11.473073131485735, 44.442101871582771 ], [ 11.473150637230564, 44.442072503871607 ] ] } },
{ "type": "Feature", "properties": { "CITY_NAME": "OZZANO_DELL_EMILIA", "strokeColor": "#B3B3B3", "RGB": "179, 179, 179" }, "geometry": { "type": "LineString", "coordinates": [ [ 11.476029017864461, 44.440978786271181 ], [ 11.476654607063022, 44.440738814709405 ], [ 11.476718772809262, 44.440714200210088 ] ] } },
{ "type": "Feature", "properties": { "CITY_NAME": "OZZANO_DELL_EMILIA", "strokeColor": "#70ACCC", "RGB": "112, 172, 204" }, "geometry": { "type": "LineString", "coordinates": [ [ 11.506366779930289, 44.45370351547006 ], [ 11.50745114677939, 44.453387275665577 ] ] } },
{ "type": "Feature", "properties": { "CITY_NAME": "OZZANO_DELL_EMILIA", "strokeColor": "#70ACCC", "RGB": "112, 172, 204" }, "geometry": { "type": "LineString", "coordinates": [ [ 11.505749019705377, 44.452643892374738 ], [ 11.503356576378767, 44.453315500592062 ], [ 11.503108690584037, 44.453424341662583 ], [ 11.500729466124854, 44.454096757185731 ] ] } },
{ "type": "Feature", "properties": { "CITY_NAME": "OZZANO_DELL_EMILIA", "strokeColor": "#B3B3B3", "RGB": "179, 179, 179" }, "geometry": { "type": "LineString", "coordinates": [ [ 11.491903318058048, 44.439165266627001 ], [ 11.493434883530163, 44.440556747315817 ] ] } },
{ "type": "Feature", "properties": { "CITY_NAME": "OZZANO_DELL_EMILIA", "strokeColor": "#70ACCC", "RGB": "112, 172, 204" }, "geometry": { "type": "LineString", "coordinates": [ [ 11.48413795877001, 44.443992070922121 ], [ 11.484412694193216, 44.443888734558328 ] ] } },
{ "type": "Feature", "properties": { "CITY_NAME": "OZZANO_DELL_EMILIA", "strokeColor": "#B3B3B3", "RGB": "179, 179, 179" }, "geometry": { "type": "LineString", "coordinates": [ [ 11.430198390629368, 44.391617224979257 ], [ 11.430482773458623, 44.391501343810184 ], [ 11.430578884699296, 44.391469491301436 ], [ 11.430881293099684, 44.391363430807935 ], [ 11.430969936046877, 44.391313938649226 ], [ 11.431027361430626, 44.39127400320212 ], [ 11.431070340218177, 44.391223118397654 ], [ 11.431099131853705, 44.391154998437536 ], [ 11.431121626105831, 44.391034935517041 ], [ 11.431150327012258, 44.390877059572418 ], [ 11.431186287495944, 44.390656749171129 ], [ 11.431222460215972, 44.39035400092687 ], [ 11.431233455783193, 44.39023235801406 ] ] } },
{ "type": "Feature", "properties": { "CITY_NAME": "OZZANO_DELL_EMILIA", "strokeColor": "#B3B3B3", "RGB": "179, 179, 179" }, "geometry": { "type": "LineString", "coordinates": [ [ 11.48037534573316, 44.443299145052407 ], [ 11.480452278664389, 44.443270722905282 ] ] } },
{ "type": "Feature", "properties": { "CITY_NAME": "OZZANO_DELL_EMILIA", "strokeColor": "#B3B3B3", "RGB": "179, 179, 179" }, "geometry": { "type": "LineString", "coordinates": [ [ 11.476985985032716, 44.445115765222504 ], [ 11.477729341846546, 44.445809484352871 ] ] } },
{ "type": "Feature", "properties": { "CITY_NAME": "OZZANO_DELL_EMILIA", "strokeColor": "#B3B3B3", "RGB": "179, 179, 179" }, "geometry": { "type": "LineString", "coordinates": [ [ 11.478684554816839, 44.43911720699532 ], [ 11.478739789493197, 44.439294201331499 ], [ 11.47870508118406, 44.439427435145291 ], [ 11.478566653957619, 44.439572555702362 ], [ 11.477806099618956, 44.439873301352854 ] ] } },
{ "type": "Feature", "properties": { "CITY_NAME": "OZZANO_DELL_EMILIA", "strokeColor": "#B3B3B3", "RGB": "179, 179, 179" }, "geometry": { "type": "LineString", "coordinates": [ [ 11.481350421955913, 44.442950429281204 ], [ 11.481945575381783, 44.442722975633792 ] ] } },
{ "type": "Feature", "properties": { "CITY_NAME": "OZZANO_DELL_EMILIA", "strokeColor": "#CACC70", "RGB": "202, 204, 112" }, "geometry": { "type": "LineString", "coordinates": [ [ 11.473575136789869, 44.439962366727286 ], [ 11.473846515724517, 44.439886404696779 ] ] } },
{ "type": "Feature", "properties": { "CITY_NAME": "OZZANO_DELL_EMILIA", "strokeColor": "#B3B3B3", "RGB": "179, 179, 179" }, "geometry": { "type": "LineString", "coordinates": [ [ 11.47809894564792, 44.440278832956011 ], [ 11.478447602475509, 44.440130914019043 ], [ 11.478681464496463, 44.440030720522969 ] ] } },
{ "type": "Feature", "properties": { "CITY_NAME": "OZZANO_DELL_EMILIA", "strokeColor": "#CACC70", "RGB": "202, 204, 112" }, "geometry": { "type": "LineString", "coordinates": [ [ 11.476118977095879, 44.44353094562954 ], [ 11.476247077551346, 44.443518464673019 ], [ 11.476313596362308, 44.443514421696875 ], [ 11.476371755124777, 44.443519309706147 ], [ 11.476444306315166, 44.443540991350538 ] ] } },
{ "type": "Feature", "properties": { "CITY_NAME": "OZZANO_DELL_EMILIA", "strokeColor": "#CACC70", "RGB": "202, 204, 112" }, "geometry": { "type": "LineString", "coordinates": [ [ 11.473846515724517, 44.439886404696779 ], [ 11.474025156077536, 44.440112533385197 ] ] } },
{ "type": "Feature", "properties": { "CITY_NAME": "OZZANO_DELL_EMILIA", "strokeColor": "#B3B3B3", "RGB": "179, 179, 179" }, "geometry": { "type": "LineString", "coordinates": [ [ 11.476767831272195, 44.440799293710498 ], [ 11.476885991929237, 44.440991397472089 ] ] } },
{ "type": "Feature", "properties": { "CITY_NAME": "OZZANO_DELL_EMILIA", "strokeColor": "#B3B3B3", "RGB": "179, 179, 179" }, "geometry": { "type": "LineString", "coordinates": [ [ 11.467413908965126, 44.446700346211095 ], [ 11.46638714322162, 44.447280476497241 ], [ 11.466297957649282, 44.447445993855965 ], [ 11.465590155142449, 44.447864884826771 ] ] } },
{ "type": "Feature", "properties": { "CITY_NAME": "OZZANO_DELL_EMILIA", "strokeColor": "#B3B3B3", "RGB": "179, 179, 179" }, "geometry": { "type": "LineString", "coordinates": [ [ 11.494615696848269, 44.442193052790387 ], [ 11.494595503511718, 44.442161964175249 ], [ 11.494593761730536, 44.442157682776745 ], [ 11.494592229297099, 44.442153359892366 ], [ 11.49459091024584, 44.442149001735743 ], [ 11.494590051416093, 44.442145712937133 ], [ 11.494589328895675, 44.442142408555974 ], [ 11.494588712706641, 44.4421390928484 ], [ 11.49458823176291, 44.442135766082821 ], [ 11.494587770933757, 44.442131318049825 ], [ 11.494587525890941, 44.442126861700004 ], [ 11.494587499336815, 44.442122401475594 ], [ 11.494587690283945, 44.442117943700069 ], [ 11.494588097706618, 44.442113493797358 ], [ 11.494588537667493, 44.442110162210874 ], [ 11.49458911512469, 44.442106842924019 ], [ 11.49458979606581, 44.442103533979328 ], [ 11.494590614656389, 44.442100240931957 ], [ 11.494591882630896, 44.442095873952539 ], [ 11.494593361914024, 44.442091541066489 ], [ 11.494595052773803, 44.442087248569827 ], [ 11.494596950379826, 44.442083001069349 ], [ 11.494599054923567, 44.442078803062216 ], [ 11.494601361612895, 44.44207466005475 ], [ 11.494603869383827, 44.442070576571446 ], [ 11.494606573520867, 44.442066559917549 ], [ 11.494608724062488, 44.442063589764409 ], [ 11.494610993468099, 44.442060666528064 ], [ 11.494614176635839, 44.442056832961796 ], [ 11.494616680194397, 44.442054008138378 ], [ 11.494619296645983, 44.44205123756435 ], [ 11.494622002932726, 44.442048510940388 ], [ 11.494624818499284, 44.442045842245783 ], [ 11.494627720287793, 44.442043221181294 ], [ 11.494632860210471, 44.442039037861228 ], [ 11.494637070769068, 44.442035752608298 ], [ 11.494647775295189, 44.442027768300456 ] ] } },
{ "type": "Feature", "properties": { "CITY_NAME": "OZZANO_DELL_EMILIA", "strokeColor": "#70ACCC", "RGB": "112, 172, 204" }, "geometry": { "type": "LineString", "coordinates": [ [ 11.500693727015301, 44.456706630384609 ], [ 11.502556258832012, 44.456154673680373 ], [ 11.506556750881586, 44.455015737136236 ] ] } },
{ "type": "Feature", "properties": { "CITY_NAME": "OZZANO_DELL_EMILIA", "strokeColor": "#B3B3B3", "RGB": "179, 179, 179" }, "geometry": { "type": "LineString", "coordinates": [ [ 11.472117628570899, 44.444324660922582 ], [ 11.472706620322136, 44.444838044578987 ] ] } },
{ "type": "Feature", "properties": { "CITY_NAME": "OZZANO_DELL_EMILIA", "strokeColor": "#B3B3B3", "RGB": "179, 179, 179" }, "geometry": { "type": "LineString", "coordinates": [ [ 11.428905511004272, 44.393693750784912 ], [ 11.428631826961096, 44.393349012840318 ], [ 11.428545628440308, 44.393224242513696 ] ] } },
{ "type": "Feature", "properties": { "CITY_NAME": "OZZANO_DELL_EMILIA", "strokeColor": "#B3B3B3", "RGB": "179, 179, 179" }, "geometry": { "type": "LineString", "coordinates": [ [ 11.480886353104577, 44.443110821451022 ], [ 11.481223245931259, 44.442994384389543 ] ] } },
{ "type": "Feature", "properties": { "CITY_NAME": "OZZANO_DELL_EMILIA", "strokeColor": "#B3B3B3", "RGB": "179, 179, 179" }, "geometry": { "type": "LineString", "coordinates": [ [ 11.48864974319563, 44.436224893579457 ], [ 11.488629403022962, 44.436213416631432 ], [ 11.488609800173569, 44.436205040319564 ], [ 11.488588730699576, 44.436198373170662 ], [ 11.488571584933013, 44.436194478815594 ], [ 11.488551997080254, 44.43619154426365 ], [ 11.488532281179891, 44.436190121342598 ], [ 11.488510112814394, 44.436189265934033 ] ] } },
{ "type": "Feature", "properties": { "CITY_NAME": "OZZANO_DELL_EMILIA", "strokeColor": "#B3B3B3", "RGB": "179, 179, 179" }, "geometry": { "type": "LineString", "coordinates": [ [ 11.429808008756563, 44.393921391561477 ], [ 11.429876904306235, 44.393978819884531 ], [ 11.430033857814138, 44.394177587822114 ] ] } },
{ "type": "Feature", "properties": { "CITY_NAME": "OZZANO_DELL_EMILIA", "strokeColor": "#B3B3B3", "RGB": "179, 179, 179" }, "geometry": { "type": "LineString", "coordinates": [ [ 11.494901903093227, 44.442041517643204 ], [ 11.494926549165791, 44.442064677491047 ], [ 11.494940887985207, 44.442092903335499 ] ] } },
{ "type": "Feature", "properties": { "CITY_NAME": "OZZANO_DELL_EMILIA", "strokeColor": "#B3B3B3", "RGB": "179, 179, 179" }, "geometry": { "type": "LineString", "coordinates": [ [ 11.477568792624378, 44.439550425812953 ], [ 11.477312864453806, 44.439202608756297 ] ] } },
{ "type": "Feature", "properties": { "CITY_NAME": "OZZANO_DELL_EMILIA", "strokeColor": "#B3B3B3", "RGB": "179, 179, 179" }, "geometry": { "type": "LineString", "coordinates": [ [ 11.488288254969186, 44.435981046717174 ], [ 11.488305789713442, 44.435994695100639 ], [ 11.488318950883377, 44.436008054407552 ], [ 11.48832984899293, 44.43602259467734 ], [ 11.48833658486649, 44.436034543791763 ], [ 11.488341560911465, 44.436048990790084 ], [ 11.488343607032604, 44.43606592877002 ], [ 11.488344081563376, 44.436086572286385 ] ] } },
{ "type": "Feature", "properties": { "CITY_NAME": "OZZANO_DELL_EMILIA", "strokeColor": "#B3B3B3", "RGB": "179, 179, 179" }, "geometry": { "type": "LineString", "coordinates": [ [ 11.509885126060103, 44.46744439607869 ], [ 11.509916269876808, 44.467462100879757 ], [ 11.509954618380972, 44.467474787645848 ], [ 11.509999297311033, 44.467477665505818 ], [ 11.51005515780972, 44.467472780297548 ] ] } },
{ "type": "Feature", "properties": { "CITY_NAME": "OZZANO_DELL_EMILIA", "strokeColor": "#B3B3B3", "RGB": "179, 179, 179" }, "geometry": { "type": "LineString", "coordinates": [ [ 11.4947965012322, 44.442250159876913 ], [ 11.494785240478336, 44.442251073083632 ], [ 11.494780593459824, 44.442251397912429 ], [ 11.494775936104086, 44.442251627539051 ], [ 11.494771270394295, 44.442251779025156 ], [ 11.494766603020649, 44.442251832418748 ], [ 11.494760378982189, 44.442251774891325 ], [ 11.494755713417669, 44.442251634688297 ], [ 11.494751056233099, 44.442251396173262 ], [ 11.494744863433267, 44.442250950849051 ], [ 11.494740231950098, 44.442250519115511 ], [ 11.494735621516487, 44.442249991493838 ], [ 11.494729505267211, 44.442249160083328 ], [ 11.494723434057759, 44.442248176443933 ], [ 11.494718912410063, 44.442247343492397 ], [ 11.494714425775328, 44.442246417948638 ], [ 11.494708496898879, 44.442245058488751 ], [ 11.494704092806485, 44.442243946586622 ], [ 11.494699736396656, 44.4422427445162 ], [ 11.494693995548069, 44.442241019940631 ], [ 11.494689744547172, 44.442239637313982 ], [ 11.49468555013202, 44.442238167025231 ], [ 11.494680041865559, 44.442236090764538 ], [ 11.494675974585341, 44.442234448447444 ], [ 11.494671976598751, 44.442232721791591 ], [ 11.494668033567923, 44.442230928215324 ], [ 11.494664167555017, 44.442229054632818 ], [ 11.494659115523502, 44.442226448948375 ], [ 11.494654193950492, 44.442223719777346 ], [ 11.494649409113347, 44.44222086698251 ], [ 11.494615696848269, 44.442193052790387 ] ] } },
{ "type": "Feature", "properties": { "CITY_NAME": "OZZANO_DELL_EMILIA", "strokeColor": "#70ACCC", "RGB": "112, 172, 204" }, "geometry": { "type": "LineString", "coordinates": [ [ 11.487226693069493, 44.442880439212423 ], [ 11.48994403614504, 44.441851229642367 ] ] } },
{ "type": "Feature", "properties": { "CITY_NAME": "OZZANO_DELL_EMILIA", "strokeColor": "#CACC70", "RGB": "202, 204, 112" }, "geometry": { "type": "LineString", "coordinates": [ [ 11.476118977095879, 44.44353094562954 ], [ 11.476268889989385, 44.443472337335628 ], [ 11.476429622873809, 44.443409459128347 ] ] } },
{ "type": "Feature", "properties": { "CITY_NAME": "OZZANO_DELL_EMILIA", "strokeColor": "#B3B3B3", "RGB": "179, 179, 179" }, "geometry": { "type": "LineString", "coordinates": [ [ 11.465906340908607, 44.448852506901574 ], [ 11.466743172101721, 44.448553814326033 ], [ 11.467398408585623, 44.448296581969409 ], [ 11.467910421496116, 44.448094167929604 ], [ 11.46855697606599, 44.447830968713127 ] ] } },
{ "type": "Feature", "properties": { "CITY_NAME": "OZZANO_DELL_EMILIA", "strokeColor": "#B3B3B3", "RGB": "179, 179, 179" }, "geometry": { "type": "LineString", "coordinates": [ [ 11.49007289833178, 44.439568846022091 ], [ 11.491368323212749, 44.43906652533677 ], [ 11.491494476034225, 44.438980622641083 ], [ 11.491563422579404, 44.438867304082095 ] ] } },
{ "type": "Feature", "properties": { "CITY_NAME": "OZZANO_DELL_EMILIA", "strokeColor": "#B3B3B3", "RGB": "179, 179, 179" }, "geometry": { "type": "LineString", "coordinates": [ [ 11.467455857262161, 44.449260584871666 ], [ 11.467096173434554, 44.44886822123015 ] ] } },
{ "type": "Feature", "properties": { "CITY_NAME": "OZZANO_DELL_EMILIA", "strokeColor": "#B3B3B3", "RGB": "179, 179, 179" }, "geometry": { "type": "LineString", "coordinates": [ [ 11.470160145906966, 44.439630179103375 ], [ 11.470298537886746, 44.439568845364285 ], [ 11.470341816850095, 44.439561215300792 ], [ 11.470380271142355, 44.439562242142102 ], [ 11.47042392450245, 44.439575800660201 ], [ 11.47046306652312, 44.439605446385684 ], [ 11.47073051356357, 44.439921936198203 ] ] } },
{ "type": "Feature", "properties": { "CITY_NAME": "OZZANO_DELL_EMILIA", "strokeColor": "#B3B3B3", "RGB": "179, 179, 179" }, "geometry": { "type": "LineString", "coordinates": [ [ 11.509642247605214, 44.465479809034179 ], [ 11.509540786356228, 44.46550606768362 ], [ 11.509286944555509, 44.465589170502184 ] ] } },
{ "type": "Feature", "properties": { "CITY_NAME": "OZZANO_DELL_EMILIA", "strokeColor": "#B3B3B3", "RGB": "179, 179, 179" }, "geometry": { "type": "LineString", "coordinates": [ [ 11.469582004026616, 44.440962595905411 ], [ 11.469426868670448, 44.440746328224343 ], [ 11.46933108774779, 44.440625211728111 ], [ 11.469272373885083, 44.440569591458171 ], [ 11.469228757706581, 44.440528272961146 ], [ 11.469093417517742, 44.440430564488921 ], [ 11.469017195056336, 44.440380200429722 ] ] } },
{ "type": "Feature", "properties": { "CITY_NAME": "OZZANO_DELL_EMILIA", "strokeColor": "#70ACCC", "RGB": "112, 172, 204" }, "geometry": { "type": "LineString", "coordinates": [ [ 11.486113452834966, 44.440054265428543 ], [ 11.490227290823174, 44.438516536527978 ] ] } },
{ "type": "Feature", "properties": { "CITY_NAME": "OZZANO_DELL_EMILIA", "strokeColor": "#B3B3B3", "RGB": "179, 179, 179" }, "geometry": { "type": "LineString", "coordinates": [ [ 11.471348714011128, 44.441764122632435 ], [ 11.47255775880244, 44.441311775295333 ] ] } },
{ "type": "Feature", "properties": { "CITY_NAME": "OZZANO_DELL_EMILIA", "strokeColor": "#B3B3B3", "RGB": "179, 179, 179" }, "geometry": { "type": "LineString", "coordinates": [ [ 11.473258296829936, 44.447759353357071 ], [ 11.472948319377224, 44.447265777776131 ] ] } },
{ "type": "Feature", "properties": { "CITY_NAME": "OZZANO_DELL_EMILIA", "strokeColor": "#B3B3B3", "RGB": "179, 179, 179" }, "geometry": { "type": "LineString", "coordinates": [ [ 11.486035768452428, 44.439926867620485 ], [ 11.485851887868895, 44.439625309168399 ] ] } },
{ "type": "Feature", "properties": { "CITY_NAME": "OZZANO_DELL_EMILIA", "strokeColor": "#B3B3B3", "RGB": "179, 179, 179" }, "geometry": { "type": "LineString", "coordinates": [ [ 11.49007289833178, 44.439568846022091 ], [ 11.490153768503832, 44.439672996092085 ] ] } },
{ "type": "Feature", "properties": { "CITY_NAME": "OZZANO_DELL_EMILIA", "strokeColor": "#70ACCC", "RGB": "112, 172, 204" }, "geometry": { "type": "LineString", "coordinates": [ [ 11.463974905727701, 44.443670474818497 ], [ 11.464026360929315, 44.443702948456227 ], [ 11.464270319360804, 44.443844965253213 ] ] } },
{ "type": "Feature", "properties": { "CITY_NAME": "OZZANO_DELL_EMILIA", "strokeColor": "#B3B3B3", "RGB": "179, 179, 179" }, "geometry": { "type": "LineString", "coordinates": [ [ 11.469249836034496, 44.443907648913616 ], [ 11.469688669786356, 44.444514590904838 ] ] } },
{ "type": "Feature", "properties": { "CITY_NAME": "OZZANO_DELL_EMILIA", "strokeColor": "#B3B3B3", "RGB": "179, 179, 179" }, "geometry": { "type": "LineString", "coordinates": [ [ 11.489845474668687, 44.437225976360033 ], [ 11.490344089559487, 44.437643126259871 ], [ 11.490747318996599, 44.437995959952673 ], [ 11.491002378773819, 44.438232461670921 ] ] } },
{ "type": "Feature", "properties": { "CITY_NAME": "OZZANO_DELL_EMILIA", "strokeColor": "#B3B3B3", "RGB": "179, 179, 179" }, "geometry": { "type": "LineString", "coordinates": [ [ 11.476578086782053, 44.44354500745785 ], [ 11.476613047719653, 44.443521568606187 ], [ 11.476633483910035, 44.44349729164265 ], [ 11.476638943305938, 44.443461423734036 ] ] } },
{ "type": "Feature", "properties": { "CITY_NAME": "OZZANO_DELL_EMILIA", "strokeColor": "#B3B3B3", "RGB": "179, 179, 179" }, "geometry": { "type": "LineString", "coordinates": [ [ 11.474887084785276, 44.438952514305761 ], [ 11.474161497929504, 44.439121865442651 ] ] } },
{ "type": "Feature", "properties": { "CITY_NAME": "OZZANO_DELL_EMILIA", "strokeColor": "#70ACCC", "RGB": "112, 172, 204" }, "geometry": { "type": "LineString", "coordinates": [ [ 11.48113287791292, 44.443483499161815 ], [ 11.481123441078022, 44.443390464006669 ], [ 11.481128768307311, 44.443299970778071 ] ] } },
{ "type": "Feature", "properties": { "CITY_NAME": "OZZANO_DELL_EMILIA", "strokeColor": "#B3B3B3", "RGB": "179, 179, 179" }, "geometry": { "type": "LineString", "coordinates": [ [ 11.429432175586681, 44.389168888373057 ], [ 11.429563237141416, 44.3892615917322 ], [ 11.429851648668267, 44.389433155837395 ], [ 11.430043550887776, 44.389539056166676 ] ] } },
{ "type": "Feature", "properties": { "CITY_NAME": "OZZANO_DELL_EMILIA", "strokeColor": "#B3B3B3", "RGB": "179, 179, 179" }, "geometry": { "type": "LineString", "coordinates": [ [ 11.467176302561906, 44.439631412616635 ], [ 11.467434987090266, 44.439925784719733 ], [ 11.46800352762369, 44.440550056107107 ] ] } },
{ "type": "Feature", "properties": { "CITY_NAME": "OZZANO_DELL_EMILIA", "strokeColor": "#CACC70", "RGB": "202, 204, 112" }, "geometry": { "type": "LineString", "coordinates": [ [ 11.426805227517898, 44.3770059199923 ], [ 11.426841270493906, 44.376933241782055 ], [ 11.426865912452774, 44.376823851540642 ], [ 11.426866814284606, 44.37669727292775 ], [ 11.426838061504951, 44.376315745399893 ], [ 11.426795094823161, 44.375823010413903 ], [ 11.426792027598873, 44.375668601397997 ] ] } },
{ "type": "Feature", "properties": { "CITY_NAME": "OZZANO_DELL_EMILIA", "strokeColor": "#70ACCC", "RGB": "112, 172, 204" }, "geometry": { "type": "LineString", "coordinates": [ [ 11.500693727015301, 44.456706630384609 ], [ 11.500574024340366, 44.455405665156171 ], [ 11.500555218671865, 44.455157860611472 ], [ 11.500538930705059, 44.454936516305921 ], [ 11.500549167142001, 44.454629807002448 ], [ 11.500573392775777, 44.4543903279598 ], [ 11.500615420768868, 44.454125975393495 ], [ 11.500667865825939, 44.453904663870865 ], [ 11.500716977596898, 44.453717296790344 ], [ 11.500770402788021, 44.45357879141887 ], [ 11.500822108269162, 44.453444640451757 ], [ 11.500833244925708, 44.453332078901198 ], [ 11.500813561349121, 44.453237959248526 ], [ 11.500749276867353, 44.453063254800512 ], [ 11.500663132879765, 44.45287178828255 ] ] } },
{ "type": "Feature", "properties": { "CITY_NAME": "OZZANO_DELL_EMILIA", "strokeColor": "#B3B3B3", "RGB": "179, 179, 179" }, "geometry": { "type": "LineString", "coordinates": [ [ 11.428545628440308, 44.393224242513696 ], [ 11.428465544754854, 44.393117642737138 ], [ 11.428419711286335, 44.393033564693944 ], [ 11.428395281625145, 44.392954945193942 ], [ 11.428377765523054, 44.392813124564867 ], [ 11.42837707146654, 44.392719608412683 ], [ 11.428398132603791, 44.392614438204653 ], [ 11.428557786013659, 44.39230182226197 ], [ 11.428757500574442, 44.392044256065134 ] ] } },
{ "type": "Feature", "properties": { "CITY_NAME": "OZZANO_DELL_EMILIA", "strokeColor": "#B3B3B3", "RGB": "179, 179, 179" }, "geometry": { "type": "LineString", "coordinates": [ [ 11.430413828796024, 44.390563380881822 ], [ 11.430897097287048, 44.390360919965161 ], [ 11.431233455783193, 44.39023235801406 ] ] } },
{ "type": "Feature", "properties": { "CITY_NAME": "OZZANO_DELL_EMILIA", "strokeColor": "#B3B3B3", "RGB": "179, 179, 179" }, "geometry": { "type": "LineString", "coordinates": [ [ 11.474261097060072, 44.447935229983145 ], [ 11.475374235726413, 44.44753418435451 ] ] } },
{ "type": "Feature", "properties": { "CITY_NAME": "OZZANO_DELL_EMILIA", "strokeColor": "#B3B3B3", "RGB": "179, 179, 179" }, "geometry": { "type": "LineString", "coordinates": [ [ 11.465522372232078, 44.437798580184975 ], [ 11.466725529639163, 44.439098609449559 ] ] } },
{ "type": "Feature", "properties": { "CITY_NAME": "OZZANO_DELL_EMILIA", "strokeColor": "#B3B3B3", "RGB": "179, 179, 179" }, "geometry": { "type": "LineString", "coordinates": [ [ 11.484223990858018, 44.439136723117166 ], [ 11.485299669251512, 44.438682256352024 ] ] } },
{ "type": "Feature", "properties": { "CITY_NAME": "OZZANO_DELL_EMILIA", "strokeColor": "#CACC70", "RGB": "202, 204, 112" }, "geometry": { "type": "LineString", "coordinates": [ [ 11.478626483675063, 44.444380292522737 ], [ 11.478256930813805, 44.444419532098145 ], [ 11.47765559092942, 44.44474721001103 ] ] } },
{ "type": "Feature", "properties": { "CITY_NAME": "OZZANO_DELL_EMILIA", "strokeColor": "#B3B3B3", "RGB": "179, 179, 179" }, "geometry": { "type": "LineString", "coordinates": [ [ 11.470996654038625, 44.442997020080043 ], [ 11.472375356825165, 44.442469072762684 ], [ 11.473204856554714, 44.442141583921128 ], [ 11.47326656800551, 44.442119575889777 ], [ 11.476349929442989, 44.440950562462973 ], [ 11.476767831272195, 44.440799293710498 ] ] } },
{ "type": "Feature", "properties": { "CITY_NAME": "OZZANO_DELL_EMILIA", "strokeColor": "#CACC70", "RGB": "202, 204, 112" }, "geometry": { "type": "LineString", "coordinates": [ [ 11.473164826596648, 44.446547583689075 ], [ 11.473492895058747, 44.446976547363363 ], [ 11.473536563004116, 44.447067978000753 ] ] } },
{ "type": "Feature", "properties": { "CITY_NAME": "OZZANO_DELL_EMILIA", "strokeColor": "#B3B3B3", "RGB": "179, 179, 179" }, "geometry": { "type": "LineString", "coordinates": [ [ 11.472706620322136, 44.444838044578987 ], [ 11.473361386454847, 44.445470234629802 ] ] } },
{ "type": "Feature", "properties": { "CITY_NAME": "OZZANO_DELL_EMILIA", "strokeColor": "#CACC70", "RGB": "202, 204, 112" }, "geometry": { "type": "LineString", "coordinates": [ [ 11.426484731813655, 44.377694650644422 ], [ 11.426533616749083, 44.377621698671504 ], [ 11.426537839632656, 44.377568424403172 ], [ 11.42652174201231, 44.377489863081102 ], [ 11.42649874072279, 44.377411699675555 ], [ 11.426506503739283, 44.377360346962853 ], [ 11.426552126607289, 44.377292208753985 ], [ 11.426663087993026, 44.377166501008162 ], [ 11.426740912430214, 44.377088188424821 ], [ 11.426805227517898, 44.3770059199923 ] ] } },
{ "type": "Feature", "properties": { "CITY_NAME": "OZZANO_DELL_EMILIA", "strokeColor": "#B3B3B3", "RGB": "179, 179, 179" }, "geometry": { "type": "LineString", "coordinates": [ [ 11.429432175586681, 44.389168888373057 ], [ 11.42937773804568, 44.389162869924938 ], [ 11.42928700766563, 44.389145227052545 ], [ 11.429234238344497, 44.389145357897725 ], [ 11.429152789535168, 44.389147030782006 ], [ 11.429102678035665, 44.38914306459305 ] ] } },
{ "type": "Feature", "properties": { "CITY_NAME": "OZZANO_DELL_EMILIA", "strokeColor": "#70ACCC", "RGB": "112, 172, 204" }, "geometry": { "type": "LineString", "coordinates": [ [ 11.505870887344443, 44.453848179073638 ], [ 11.502551108088785, 44.454838409855306 ], [ 11.500766054663236, 44.455362018708975 ], [ 11.500699339422745, 44.455373362475569 ] ] } },
{ "type": "Feature", "properties": { "CITY_NAME": "OZZANO_DELL_EMILIA", "strokeColor": "#B3B3B3", "RGB": "179, 179, 179" }, "geometry": { "type": "LineString", "coordinates": [ [ 11.471791609530477, 44.442580704079113 ], [ 11.471219297255569, 44.441812541701147 ], [ 11.471348714011128, 44.441764122632435 ] ] } },
{ "type": "Feature", "properties": { "CITY_NAME": "OZZANO_DELL_EMILIA", "strokeColor": "#B3B3B3", "RGB": "179, 179, 179" }, "geometry": { "type": "LineString", "coordinates": [ [ 11.472948319377224, 44.447265777776131 ], [ 11.472931715617799, 44.447231015523037 ], [ 11.472881470980155, 44.447173855198862 ], [ 11.472837019203411, 44.447102862856624 ], [ 11.47277627915528, 44.446985968732754 ], [ 11.472742062056399, 44.446893054701341 ], [ 11.472721524432972, 44.446829312641107 ], [ 11.472685784062868, 44.446734962358661 ] ] } },
{ "type": "Feature", "properties": { "CITY_NAME": "OZZANO_DELL_EMILIA", "strokeColor": "#B3B3B3", "RGB": "179, 179, 179" }, "geometry": { "type": "LineString", "coordinates": [ [ 11.470996654038625, 44.442997020080043 ], [ 11.470926061422992, 44.442899970219628 ] ] } },
{ "type": "Feature", "properties": { "CITY_NAME": "OZZANO_DELL_EMILIA", "strokeColor": "#B3B3B3", "RGB": "179, 179, 179" }, "geometry": { "type": "LineString", "coordinates": [ [ 11.485258084660005, 44.43983311461745 ], [ 11.485071963653526, 44.439904929552171 ] ] } },
{ "type": "Feature", "properties": { "CITY_NAME": "OZZANO_DELL_EMILIA", "strokeColor": "#70ACCC", "RGB": "112, 172, 204" }, "geometry": { "type": "LineString", "coordinates": [ [ 11.491276240498468, 44.443502593704267 ], [ 11.490240889589549, 44.443908841565417 ] ] } },
{ "type": "Feature", "properties": { "CITY_NAME": "OZZANO_DELL_EMILIA", "strokeColor": "#B3B3B3", "RGB": "179, 179, 179" }, "geometry": { "type": "LineString", "coordinates": [ [ 11.476638943305938, 44.443461423734036 ], [ 11.47666579629017, 44.443417595162927 ], [ 11.476689906756429, 44.443378630795273 ], [ 11.476735263899471, 44.44333459337868 ], [ 11.476819327253102, 44.443269423262855 ] ] } },
{ "type": "Feature", "properties": { "CITY_NAME": "OZZANO_DELL_EMILIA", "strokeColor": "#B3B3B3", "RGB": "179, 179, 179" }, "geometry": { "type": "LineString", "coordinates": [ [ 11.475460171549331, 44.445210270535654 ], [ 11.476027999779369, 44.444992569058208 ] ] } },
{ "type": "Feature", "properties": { "CITY_NAME": "OZZANO_DELL_EMILIA", "strokeColor": "#B3B3B3", "RGB": "179, 179, 179" }, "geometry": { "type": "LineString", "coordinates": [ [ 11.470160145906966, 44.439630179103375 ], [ 11.469638227035674, 44.439112259035966 ] ] } },
{ "type": "Feature", "properties": { "CITY_NAME": "OZZANO_DELL_EMILIA", "strokeColor": "#B3B3B3", "RGB": "179, 179, 179" }, "geometry": { "type": "LineString", "coordinates": [ [ 11.491563422579404, 44.438867304082095 ], [ 11.491788394114284, 44.43906112205196 ] ] } },
{ "type": "Feature", "properties": { "CITY_NAME": "OZZANO_DELL_EMILIA", "strokeColor": "#B3B3B3", "RGB": "179, 179, 179" }, "geometry": { "type": "LineString", "coordinates": [ [ 11.482950812901349, 44.442204883690678 ], [ 11.481859251286629, 44.442615083429864 ] ] } },
{ "type": "Feature", "properties": { "CITY_NAME": "OZZANO_DELL_EMILIA", "strokeColor": "#70ACCC", "RGB": "112, 172, 204" }, "geometry": { "type": "LineString", "coordinates": [ [ 11.482171785455241, 44.444743017304553 ], [ 11.483238648372197, 44.444330318985131 ], [ 11.48413795877001, 44.443992070922121 ] ] } },
{ "type": "Feature", "properties": { "CITY_NAME": "OZZANO_DELL_EMILIA", "strokeColor": "#B3B3B3", "RGB": "179, 179, 179" }, "geometry": { "type": "LineString", "coordinates": [ [ 11.469563240167551, 44.444564369440656 ], [ 11.469115701293077, 44.443963633527673 ], [ 11.469249836034496, 44.443907648913616 ] ] } },
{ "type": "Feature", "properties": { "CITY_NAME": "OZZANO_DELL_EMILIA", "strokeColor": "#B3B3B3", "RGB": "179, 179, 179" }, "geometry": { "type": "LineString", "coordinates": [ [ 11.466953792508603, 44.439368172493893 ], [ 11.467101461099887, 44.439546247423209 ] ] } },
{ "type": "Feature", "properties": { "CITY_NAME": "OZZANO_DELL_EMILIA", "strokeColor": "#70ACCC", "RGB": "112, 172, 204" }, "geometry": { "type": "LineString", "coordinates": [ [ 11.50347706329004, 44.465265156034157 ], [ 11.50379963546505, 44.465786988231329 ], [ 11.504514508465959, 44.46693724916971 ] ] } },
{ "type": "Feature", "properties": { "CITY_NAME": "OZZANO_DELL_EMILIA", "strokeColor": "#B3B3B3", "RGB": "179, 179, 179" }, "geometry": { "type": "LineString", "coordinates": [ [ 11.47596899130065, 44.446971636046349 ], [ 11.475894415457187, 44.446985819491083 ], [ 11.475832435930828, 44.446971907054149 ], [ 11.475784658192802, 44.446932141600008 ] ] } },
{ "type": "Feature", "properties": { "CITY_NAME": "OZZANO_DELL_EMILIA", "strokeColor": "#B3B3B3", "RGB": "179, 179, 179" }, "geometry": { "type": "LineString", "coordinates": [ [ 11.477806099618956, 44.439873301352854 ], [ 11.477568792624378, 44.439550425812953 ] ] } },
{ "type": "Feature", "properties": { "CITY_NAME": "OZZANO_DELL_EMILIA", "strokeColor": "#70ACCC", "RGB": "112, 172, 204" }, "geometry": { "type": "LineString", "coordinates": [ [ 11.505749019705377, 44.452643892374738 ], [ 11.506366779930289, 44.45370351547006 ] ] } },
{ "type": "Feature", "properties": { "CITY_NAME": "OZZANO_DELL_EMILIA", "strokeColor": "#B3B3B3", "RGB": "179, 179, 179" }, "geometry": { "type": "LineString", "coordinates": [ [ 11.476650231040583, 44.444750616956938 ], [ 11.47682558527084, 44.444953888972762 ], [ 11.476985985032716, 44.445115765222504 ] ] } },
{ "type": "Feature", "properties": { "CITY_NAME": "OZZANO_DELL_EMILIA", "strokeColor": "#70ACCC", "RGB": "112, 172, 204" }, "geometry": { "type": "LineString", "coordinates": [ [ 11.501821382702408, 44.463043188608161 ], [ 11.500836434545796, 44.462246877218611 ], [ 11.49954769576502, 44.462664118291848 ] ] } },
{ "type": "Feature", "properties": { "CITY_NAME": "OZZANO_DELL_EMILIA", "strokeColor": "#70ACCC", "RGB": "112, 172, 204" }, "geometry": { "type": "LineString", "coordinates": [ [ 11.503740919755856, 44.467315254935869 ], [ 11.502815595996791, 44.466014609630534 ] ] } },
{ "type": "Feature", "properties": { "CITY_NAME": "OZZANO_DELL_EMILIA", "strokeColor": "#B3B3B3", "RGB": "179, 179, 179" }, "geometry": { "type": "LineString", "coordinates": [ [ 11.478113453807548, 44.437896083836122 ], [ 11.478327063562997, 44.438211480276593 ], [ 11.478335423093627, 44.438232536909489 ], [ 11.478333225373076, 44.438254371914788 ], [ 11.478320735960894, 44.438274351655544 ], [ 11.478299462576551, 44.438290066697263 ], [ 11.478271971283938, 44.438299620283999 ], [ 11.478252691071289, 44.438303607516879 ] ] } },
{ "type": "Feature", "properties": { "CITY_NAME": "OZZANO_DELL_EMILIA", "strokeColor": "#B3B3B3", "RGB": "179, 179, 179" }, "geometry": { "type": "LineString", "coordinates": [ [ 11.494940887985207, 44.442092903335499 ], [ 11.494944103340952, 44.442120130841452 ], [ 11.494939067456677, 44.442154405903267 ], [ 11.494937481858155, 44.442158720411406 ], [ 11.49493616206337, 44.442161928988121 ], [ 11.494934712908988, 44.442165109783261 ], [ 11.494933159580846, 44.442168264046892 ], [ 11.494931480467953, 44.442171385949457 ], [ 11.494929073276618, 44.442175499650993 ], [ 11.494926466104619, 44.442179550203676 ], [ 11.494924388324137, 44.44218254668057 ], [ 11.494922190499892, 44.442185498067232 ], [ 11.49491989683041, 44.442188411937131 ], [ 11.494917488024099, 44.442191277908769 ], [ 11.494914120405943, 44.442195029089703 ], [ 11.494910571936812, 44.442198694196961 ], [ 11.494906846191572, 44.442202268651165 ], [ 11.494902949217702, 44.442205746918511 ], [ 11.49489888596044, 44.442209127090329 ], [ 11.494894659879737, 44.442212401888952 ], [ 11.49489027721461, 44.442215570277668 ], [ 11.494886894570428, 44.442217876863573 ], [ 11.494883419685586, 44.442220112544113 ], [ 11.494878667942817, 44.442222994613047 ], [ 11.494875018313886, 44.442225081067861 ], [ 11.494871284964423, 44.442227090129208 ], [ 11.494866200965321, 44.442229665267675 ], [ 11.494860994615573, 44.44223211164158 ], [ 11.494855672039288, 44.44223442551602 ], [ 11.49485024073098, 44.442236605826935 ], [ 11.494844706814781, 44.4422386488394 ], [ 11.494840495804505, 44.442240093971606 ], [ 11.494836228234377, 44.442241450313503 ], [ 11.494831916131314, 44.442242734707222 ], [ 11.494827555001217, 44.442243930145978 ], [ 11.494821677529599, 44.44224540089651 ], [ 11.494815732220221, 44.442246724585964 ], [ 11.494809726491031, 44.442247898351397 ], [ 11.494800603609603, 44.442249321197295 ], [ 11.4947965012322, 44.442250159876913 ] ] } },
{ "type": "Feature", "properties": { "CITY_NAME": "OZZANO_DELL_EMILIA", "strokeColor": "#B3B3B3", "RGB": "179, 179, 179" }, "geometry": { "type": "LineString", "coordinates": [ [ 11.478252691071289, 44.438303607516879 ], [ 11.478324120145786, 44.438304482939309 ], [ 11.47838916883561, 44.438300643523299 ], [ 11.478427515163665, 44.438289390393763 ], [ 11.478456889565779, 44.438270617690968 ], [ 11.478476928097232, 44.438246623595703 ], [ 11.47848358101683, 44.438205943855202 ], [ 11.478464158207114, 44.438164197205644 ], [ 11.478307102055144, 44.437929783511592 ], [ 11.478270494402825, 44.437896191809671 ], [ 11.478218249760321, 44.437876399428539 ], [ 11.478173929824086, 44.437878198863501 ], [ 11.478113453807548, 44.437896083836122 ] ] } },
{ "type": "Feature", "properties": { "CITY_NAME": "OZZANO_DELL_EMILIA", "strokeColor": "#B3B3B3", "RGB": "179, 179, 179" }, "geometry": { "type": "LineString", "coordinates": [ [ 11.477353168713073, 44.444254822715358 ], [ 11.477497396235078, 44.444299040034409 ], [ 11.477736954964172, 44.444313263572866 ] ] } },
{ "type": "Feature", "properties": { "CITY_NAME": "OZZANO_DELL_EMILIA", "strokeColor": "#B3B3B3", "RGB": "179, 179, 179" }, "geometry": { "type": "LineString", "coordinates": [ [ 11.477053992641638, 44.44065842109012 ], [ 11.477006358053579, 44.440619348905699 ], [ 11.476951821651648, 44.44060621001902 ], [ 11.476874042249802, 44.440610763282756 ] ] } },
{ "type": "Feature", "properties": { "CITY_NAME": "OZZANO_DELL_EMILIA", "strokeColor": "#70ACCC", "RGB": "112, 172, 204" }, "geometry": { "type": "LineString", "coordinates": [ [ 11.502815595996791, 44.466014609630534 ], [ 11.502583722027467, 44.465705526161443 ], [ 11.502587914709459, 44.465633633088537 ], [ 11.502649391291598, 44.465576091895855 ], [ 11.502962480018825, 44.465455801441465 ] ] } },
{ "type": "Feature", "properties": { "CITY_NAME": "OZZANO_DELL_EMILIA", "strokeColor": "#B3B3B3", "RGB": "179, 179, 179" }, "geometry": { "type": "LineString", "coordinates": [ [ 11.432717992191186, 44.388050599615781 ], [ 11.432654820208521, 44.387976217716634 ], [ 11.432464527550753, 44.38766659209476 ], [ 11.432347272945803, 44.387479638352232 ], [ 11.432244167204185, 44.38726827195751 ], [ 11.432228953477896, 44.387172158144509 ], [ 11.43226027454851, 44.387020025559167 ], [ 11.432409460638333, 44.3863378045451 ], [ 11.432473341636641, 44.385968558245395 ], [ 11.432477774126404, 44.385804518060446 ], [ 11.432522698833242, 44.385343776815084 ], [ 11.432547739567571, 44.38512143432002 ], [ 11.432586716392848, 44.38461203132821 ] ] } },
{ "type": "Feature", "properties": { "CITY_NAME": "OZZANO_DELL_EMILIA", "strokeColor": "#B3B3B3", "RGB": "179, 179, 179" }, "geometry": { "type": "LineString", "coordinates": [ [ 11.46961546370839, 44.440464113438168 ], [ 11.469193222666544, 44.440068706990871 ] ] } },
{ "type": "Feature", "properties": { "CITY_NAME": "OZZANO_DELL_EMILIA", "strokeColor": "#B3B3B3", "RGB": "179, 179, 179" }, "geometry": { "type": "LineString", "coordinates": [ [ 11.470057295893907, 44.443229493987438 ], [ 11.470128240886543, 44.443320619325014 ] ] } },
{ "type": "Feature", "properties": { "CITY_NAME": "OZZANO_DELL_EMILIA", "strokeColor": "#B3B3B3", "RGB": "179, 179, 179" }, "geometry": { "type": "LineString", "coordinates": [ [ 11.47255775880244, 44.441311775295333 ], [ 11.472010205111847, 44.440584577216967 ], [ 11.47192992296803, 44.44047778626166 ], [ 11.472307308368764, 44.440333677061169 ], [ 11.4727209345532, 44.440187604920141 ] ] } },
{ "type": "Feature", "properties": { "CITY_NAME": "OZZANO_DELL_EMILIA", "strokeColor": "#B3B3B3", "RGB": "179, 179, 179" }, "geometry": { "type": "LineString", "coordinates": [ [ 11.476718772809262, 44.440714200210088 ], [ 11.476734491685244, 44.440762803792651 ], [ 11.476767831272195, 44.440799293710498 ] ] } },
{ "type": "Feature", "properties": { "CITY_NAME": "OZZANO_DELL_EMILIA", "strokeColor": "#B3B3B3", "RGB": "179, 179, 179" }, "geometry": { "type": "LineString", "coordinates": [ [ 11.474887084785276, 44.438952514305761 ], [ 11.475059120681594, 44.439314593913139 ] ] } },
{ "type": "Feature", "properties": { "CITY_NAME": "OZZANO_DELL_EMILIA", "strokeColor": "#B3B3B3", "RGB": "179, 179, 179" }, "geometry": { "type": "LineString", "coordinates": [ [ 11.477037593564326, 44.44459387547564 ], [ 11.477125614399597, 44.444484365026604 ], [ 11.477157838222499, 44.44436468694834 ] ] } },
{ "type": "Feature", "properties": { "CITY_NAME": "OZZANO_DELL_EMILIA", "strokeColor": "#B3B3B3", "RGB": "179, 179, 179" }, "geometry": { "type": "LineString", "coordinates": [ [ 11.472231315687013, 44.446424778772936 ], [ 11.472435632649557, 44.446347131524369 ] ] } },
{ "type": "Feature", "properties": { "CITY_NAME": "OZZANO_DELL_EMILIA", "strokeColor": "#B3B3B3", "RGB": "179, 179, 179" }, "geometry": { "type": "LineString", "coordinates": [ [ 11.511194725466202, 44.465190149873564 ], [ 11.511559605804591, 44.465710135318339 ] ] } },
{ "type": "Feature", "properties": { "CITY_NAME": "OZZANO_DELL_EMILIA", "strokeColor": "#B3B3B3", "RGB": "179, 179, 179" }, "geometry": { "type": "LineString", "coordinates": [ [ 11.470270407168858, 44.442082567578851 ], [ 11.469883302859531, 44.44146438937112 ], [ 11.469582004026616, 44.440962595905411 ] ] } },
{ "type": "Feature", "properties": { "CITY_NAME": "OZZANO_DELL_EMILIA", "strokeColor": "#CACC70", "RGB": "202, 204, 112" }, "geometry": { "type": "LineString", "coordinates": [ [ 11.46570597437255, 44.444980799202234 ], [ 11.465993195436942, 44.445274385075841 ], [ 11.467300395502917, 44.446585428915597 ] ] } },
{ "type": "Feature", "properties": { "CITY_NAME": "OZZANO_DELL_EMILIA", "strokeColor": "#B3B3B3", "RGB": "179, 179, 179" }, "geometry": { "type": "LineString", "coordinates": [ [ 11.478696833468559, 44.443931983175105 ], [ 11.478967606262312, 44.443830466374173 ], [ 11.478979506061824, 44.44382593259612 ], [ 11.47929720055607, 44.443706037125111 ], [ 11.48037534573316, 44.443299145052407 ] ] } },
{ "type": "Feature", "properties": { "CITY_NAME": "OZZANO_DELL_EMILIA", "strokeColor": "#CACC70", "RGB": "202, 204, 112" }, "geometry": { "type": "LineString", "coordinates": [ [ 11.466045786355835, 44.439412594516845 ], [ 11.464883119666844, 44.438088466893326 ] ] } },
{ "type": "Feature", "properties": { "CITY_NAME": "OZZANO_DELL_EMILIA", "strokeColor": "#B3B3B3", "RGB": "179, 179, 179" }, "geometry": { "type": "LineString", "coordinates": [ [ 11.471248101929435, 44.443321589004142 ], [ 11.472455632700091, 44.442871635189547 ], [ 11.473202965120416, 44.443907732108855 ], [ 11.472117628570899, 44.444324660922582 ] ] } },
{ "type": "Feature", "properties": { "CITY_NAME": "OZZANO_DELL_EMILIA", "strokeColor": "#B3B3B3", "RGB": "179, 179, 179" }, "geometry": { "type": "LineString", "coordinates": [ [ 11.429295057141143, 44.394171153089069 ], [ 11.429808008756563, 44.393921391561477 ] ] } },
{ "type": "Feature", "properties": { "CITY_NAME": "OZZANO_DELL_EMILIA", "strokeColor": "#B3B3B3", "RGB": "179, 179, 179" }, "geometry": { "type": "LineString", "coordinates": [ [ 11.485406983292616, 44.438634186412123 ], [ 11.486906994883581, 44.437962259585404 ], [ 11.487050616908917, 44.437860999903435 ], [ 11.487148663319578, 44.437737495464006 ], [ 11.487216230239591, 44.437589761866377 ], [ 11.487649624835431, 44.436646733998465 ], [ 11.487726988577064, 44.43653655175487 ] ] } },
{ "type": "Feature", "properties": { "CITY_NAME": "OZZANO_DELL_EMILIA", "strokeColor": "#B3B3B3", "RGB": "179, 179, 179" }, "geometry": { "type": "LineString", "coordinates": [ [ 11.483427930848304, 44.446338162089752 ], [ 11.48340930713041, 44.446296741951919 ], [ 11.483380371041765, 44.44625778781834 ], [ 11.483159336034678, 44.445986359680603 ], [ 11.482241652359388, 44.444808031071943 ], [ 11.482171785455241, 44.444743017304553 ] ] } },
{ "type": "Feature", "properties": { "CITY_NAME": "OZZANO_DELL_EMILIA", "strokeColor": "#B3B3B3", "RGB": "179, 179, 179" }, "geometry": { "type": "LineString", "coordinates": [ [ 11.481136617891226, 44.442887008697866 ], [ 11.481223245931259, 44.442994384389543 ] ] } },
{ "type": "Feature", "properties": { "CITY_NAME": "OZZANO_DELL_EMILIA", "strokeColor": "#CACC70", "RGB": "202, 204, 112" }, "geometry": { "type": "LineString", "coordinates": [ [ 11.464883119666844, 44.438088466893326 ], [ 11.465522372232078, 44.437798580184975 ] ] } },
{ "type": "Feature", "properties": { "CITY_NAME": "OZZANO_DELL_EMILIA", "strokeColor": "#B3B3B3", "RGB": "179, 179, 179" }, "geometry": { "type": "LineString", "coordinates": [ [ 11.432098265968122, 44.389690665606068 ], [ 11.432227522946938, 44.389593620913637 ], [ 11.432368508821263, 44.389492465798796 ], [ 11.432498576001942, 44.389360854733404 ], [ 11.432592216760739, 44.389244448394813 ], [ 11.432703144345211, 44.389059768845115 ], [ 11.432766513490684, 44.388775038279078 ], [ 11.432773291533232, 44.388274420513682 ] ] } },
{ "type": "Feature", "properties": { "CITY_NAME": "OZZANO_DELL_EMILIA", "strokeColor": "#B3B3B3", "RGB": "179, 179, 179" }, "geometry": { "type": "LineString", "coordinates": [ [ 11.488664340319474, 44.440094727929953 ], [ 11.488740302156804, 44.440200366111647 ] ] } },
{ "type": "Feature", "properties": { "CITY_NAME": "OZZANO_DELL_EMILIA", "strokeColor": "#B3B3B3", "RGB": "179, 179, 179" }, "geometry": { "type": "LineString", "coordinates": [ [ 11.509642247605214, 44.465479809034179 ], [ 11.510387676178452, 44.465249043879062 ], [ 11.510640900029504, 44.465168105622098 ], [ 11.510925662159369, 44.465081722370527 ] ] } },
{ "type": "Feature", "properties": { "CITY_NAME": "OZZANO_DELL_EMILIA", "strokeColor": "#B3B3B3", "RGB": "179, 179, 179" }, "geometry": { "type": "LineString", "coordinates": [ [ 11.475901555544159, 44.442595895607163 ], [ 11.476469961040198, 44.443386288075388 ] ] } },
{ "type": "Feature", "properties": { "CITY_NAME": "OZZANO_DELL_EMILIA", "strokeColor": "#B3B3B3", "RGB": "179, 179, 179" }, "geometry": { "type": "LineString", "coordinates": [ [ 11.470128240886543, 44.443320619325014 ], [ 11.470724472120761, 44.443096232991948 ], [ 11.470996654038625, 44.442997020080043 ] ] } },
{ "type": "Feature", "properties": { "CITY_NAME": "OZZANO_DELL_EMILIA", "strokeColor": "#B3B3B3", "RGB": "179, 179, 179" }, "geometry": { "type": "LineString", "coordinates": [ [ 11.489300976925479, 44.436721965374637 ], [ 11.489348099082974, 44.436784796181342 ], [ 11.489845474668687, 44.437225976360033 ] ] } },
{ "type": "Feature", "properties": { "CITY_NAME": "OZZANO_DELL_EMILIA", "strokeColor": "#B3B3B3", "RGB": "179, 179, 179" }, "geometry": { "type": "LineString", "coordinates": [ [ 11.475993965912215, 44.446838308243201 ], [ 11.475944604444855, 44.446809716161454 ], [ 11.475884503047784, 44.44680830097721 ], [ 11.475822641748129, 44.44682614184601 ], [ 11.475785902670363, 44.446859419274993 ], [ 11.47577454943985, 44.446897302808722 ], [ 11.475784658192802, 44.446932141600008 ] ] } },
{ "type": "Feature", "properties": { "CITY_NAME": "OZZANO_DELL_EMILIA", "strokeColor": "#70ACCC", "RGB": "112, 172, 204" }, "geometry": { "type": "LineString", "coordinates": [ [ 11.483035434558573, 44.442317138771692 ], [ 11.482950812901349, 44.442204883690678 ] ] } },
{ "type": "Feature", "properties": { "CITY_NAME": "OZZANO_DELL_EMILIA", "strokeColor": "#70ACCC", "RGB": "112, 172, 204" }, "geometry": { "type": "LineString", "coordinates": [ [ 11.48113287791292, 44.443483499161815 ], [ 11.481045007756402, 44.443441494220558 ], [ 11.48086729713741, 44.443368665913937 ] ] } },
{ "type": "Feature", "properties": { "CITY_NAME": "OZZANO_DELL_EMILIA", "strokeColor": "#B3B3B3", "RGB": "179, 179, 179" }, "geometry": { "type": "LineString", "coordinates": [ [ 11.485851887868895, 44.439625309168399 ], [ 11.485299669251512, 44.438682256352024 ] ] } },
{ "type": "Feature", "properties": { "CITY_NAME": "OZZANO_DELL_EMILIA", "strokeColor": "#B3B3B3", "RGB": "179, 179, 179" }, "geometry": { "type": "LineString", "coordinates": [ [ 11.486666647901412, 44.440970539690817 ], [ 11.486113452834966, 44.440054265428543 ] ] } }
]
}
