{
"type": "FeatureCollection",
"name": "SAN_LAZZARO_DI_SAVENA",
"crs": { "type": "name", "properties": { "name": "urn:ogc:def:crs:OGC:1.3:CRS84" } },
"features": [
{ "type": "Feature", "properties": { "CITY_NAME": "SAN_LAZZARO_DI_SAVENA", "strokeColor": "#B3B3B3", "RGB": "179, 179, 179" }, "geometry": { "type": "LineString", "coordinates": [ [ 11.376925419820211, 44.455922119815177 ], [ 11.378224379549323, 44.456476981918911 ], [ 11.378783929834343, 44.45672113470232 ], [ 11.378960937779993, 44.45682901919654 ] ] } },
{ "type": "Feature", "properties": { "CITY_NAME": "SAN_LAZZARO_DI_SAVENA", "strokeColor": "#CACC70", "RGB": "202, 204, 112" }, "geometry": { "type": "LineString", "coordinates": [ [ 11.377580196318403, 44.455812485479385 ], [ 11.37779777842019, 44.455897041748862 ], [ 11.379568724215817, 44.456684607769247 ] ] } },
{ "type": "Feature", "properties": { "CITY_NAME": "SAN_LAZZARO_DI_SAVENA", "strokeColor": "#CACC70", "RGB": "202, 204, 112" }, "geometry": { "type": "LineString", "coordinates": [ [ 11.424553212459518, 44.460368403268795 ], [ 11.425734911540996, 44.461289620867461 ] ] } },
{ "type": "Feature", "properties": { "CITY_NAME": "SAN_LAZZARO_DI_SAVENA", "strokeColor": "#B3B3B3", "RGB": "179, 179, 179" }, "geometry": { "type": "LineString", "coordinates": [ [ 11.41854542052573, 44.46030536218872 ], [ 11.418430294465796, 44.460401367351189 ] ] } },
{ "type": "Feature", "properties": { "CITY_NAME": "SAN_LAZZARO_DI_SAVENA", "strokeColor": "#CACC70", "RGB": "202, 204, 112" }, "geometry": { "type": "LineString", "coordinates": [ [ 11.397332205340994, 44.453319117017259 ], [ 11.397331687621856, 44.453246256987171 ], [ 11.397333872241093, 44.452940961564508 ] ] } },
{ "type": "Feature", "properties": { "CITY_NAME": "SAN_LAZZARO_DI_SAVENA", "strokeColor": "#70CC81", "RGB": "112, 204, 129" }, "geometry": { "type": "LineString", "coordinates": [ [ 11.435951883358522, 44.460275509507198 ], [ 11.436139913426899, 44.460175082391466 ], [ 11.436687094428043, 44.459914733126475 ], [ 11.437051341818636, 44.459697625649397 ], [ 11.437701318304173, 44.459319010573303 ] ] } },
{ "type": "Feature", "properties": { "CITY_NAME": "SAN_LAZZARO_DI_SAVENA", "strokeColor": "#CACC70", "RGB": "202, 204, 112" }, "geometry": { "type": "LineString", "coordinates": [ [ 11.415443577445039, 44.4657436612816 ], [ 11.415019596146919, 44.465097421717466 ], [ 11.414891618596229, 44.464902358844768 ], [ 11.414173259721075, 44.464022404657825 ], [ 11.413716396388169, 44.463451536680651 ] ] } },
{ "type": "Feature", "properties": { "CITY_NAME": "SAN_LAZZARO_DI_SAVENA", "strokeColor": "#B3B3B3", "RGB": "179, 179, 179" }, "geometry": { "type": "LineString", "coordinates": [ [ 11.446906373418038, 44.45633061335667 ], [ 11.447085656610486, 44.456406172346682 ], [ 11.447245941132326, 44.456507975886709 ], [ 11.447558285604433, 44.456781270567603 ], [ 11.447731032046072, 44.456951300851479 ], [ 11.447803792792252, 44.457022918412058 ], [ 11.447900639711845, 44.45717882229075 ], [ 11.448024715613139, 44.457384340750629 ], [ 11.448095469537069, 44.457535862495689 ], [ 11.448151316974659, 44.457725403259126 ], [ 11.44821517538324, 44.457941217369296 ], [ 11.448328561462281, 44.458313138677035 ], [ 11.448408380569392, 44.458499719125399 ], [ 11.448538036484877, 44.458782200412948 ], [ 11.448584199952823, 44.458917777199424 ] ] } },
{ "type": "Feature", "properties": { "CITY_NAME": "SAN_LAZZARO_DI_SAVENA", "strokeColor": "#CACC70", "RGB": "202, 204, 112" }, "geometry": { "type": "LineString", "coordinates": [ [ 11.423421852801148, 44.456977304762034 ], [ 11.423572779668801, 44.456896576210973 ], [ 11.423084357431893, 44.456376603074624 ], [ 11.42291647065692, 44.456465639384284 ], [ 11.423421852801148, 44.456977304762034 ] ] } },
{ "type": "Feature", "properties": { "CITY_NAME": "SAN_LAZZARO_DI_SAVENA", "strokeColor": "#70CC81", "RGB": "112, 204, 129" }, "geometry": { "type": "LineString", "coordinates": [ [ 11.449346158589796, 44.45554519230987 ], [ 11.449182195497718, 44.455635339017313 ], [ 11.448995876157259, 44.455665463005296 ] ] } },
{ "type": "Feature", "properties": { "CITY_NAME": "SAN_LAZZARO_DI_SAVENA", "strokeColor": "#70CC81", "RGB": "112, 204, 129" }, "geometry": { "type": "LineString", "coordinates": [ [ 11.416869691122105, 44.473533069025237 ], [ 11.417476070183966, 44.474313248221357 ] ] } },
{ "type": "Feature", "properties": { "CITY_NAME": "SAN_LAZZARO_DI_SAVENA", "strokeColor": "#70CC81", "RGB": "112, 204, 129" }, "geometry": { "type": "LineString", "coordinates": [ [ 11.413952072995874, 44.473968737360529 ], [ 11.414005134614809, 44.47403120243618 ], [ 11.414358162611471, 44.474415902196377 ] ] } },
{ "type": "Feature", "properties": { "CITY_NAME": "SAN_LAZZARO_DI_SAVENA", "strokeColor": "#CACC70", "RGB": "202, 204, 112" }, "geometry": { "type": "LineString", "coordinates": [ [ 11.417529608109549, 44.448397036905142 ], [ 11.417797954574699, 44.44863901331798 ], [ 11.418031820191029, 44.448893662380158 ] ] } },
{ "type": "Feature", "properties": { "CITY_NAME": "SAN_LAZZARO_DI_SAVENA", "strokeColor": "#CACC70", "RGB": "202, 204, 112" }, "geometry": { "type": "LineString", "coordinates": [ [ 11.424117499198623, 44.460025590584223 ], [ 11.424553212459518, 44.460368403268795 ] ] } },
{ "type": "Feature", "properties": { "CITY_NAME": "SAN_LAZZARO_DI_SAVENA", "strokeColor": "#CACC70", "RGB": "202, 204, 112" }, "geometry": { "type": "LineString", "coordinates": [ [ 11.412463560542417, 44.474260050954882 ], [ 11.412000035186322, 44.473684337553223 ] ] } },
{ "type": "Feature", "properties": { "CITY_NAME": "SAN_LAZZARO_DI_SAVENA", "strokeColor": "#70ACCC", "RGB": "112, 172, 204" }, "geometry": { "type": "LineString", "coordinates": [ [ 11.427607241826403, 44.468586996012398 ], [ 11.426478980854865, 44.4690283619382 ] ] } },
{ "type": "Feature", "properties": { "CITY_NAME": "SAN_LAZZARO_DI_SAVENA", "strokeColor": "#CACC70", "RGB": "202, 204, 112" }, "geometry": { "type": "LineString", "coordinates": [ [ 11.418031820191029, 44.448893662380158 ], [ 11.417908469235698, 44.448950667314627 ], [ 11.417774862052651, 44.449006438120676 ], [ 11.417653549515633, 44.449052521721228 ] ] } },
{ "type": "Feature", "properties": { "CITY_NAME": "SAN_LAZZARO_DI_SAVENA", "strokeColor": "#B3B3B3", "RGB": "179, 179, 179" }, "geometry": { "type": "LineString", "coordinates": [ [ 11.446992204716198, 44.444873530739478 ], [ 11.44692681941973, 44.444783488973997 ], [ 11.446880012942907, 44.444716698850876 ], [ 11.44681380989091, 44.444659783543159 ], [ 11.446718429547236, 44.444589304532713 ] ] } },
{ "type": "Feature", "properties": { "CITY_NAME": "SAN_LAZZARO_DI_SAVENA", "strokeColor": "#B3B3B3", "RGB": "179, 179, 179" }, "geometry": { "type": "LineString", "coordinates": [ [ 11.416702964349698, 44.461275672258836 ], [ 11.415997323850471, 44.461719409313964 ], [ 11.415686802125348, 44.461901762548145 ] ] } },
{ "type": "Feature", "properties": { "CITY_NAME": "SAN_LAZZARO_DI_SAVENA", "strokeColor": "#CACC70", "RGB": "202, 204, 112" }, "geometry": { "type": "LineString", "coordinates": [ [ 11.41420216444409, 44.462950238045742 ], [ 11.414185366379758, 44.462919668418508 ], [ 11.414185302876779, 44.462893953785986 ] ] } },
{ "type": "Feature", "properties": { "CITY_NAME": "SAN_LAZZARO_DI_SAVENA", "strokeColor": "#CACC70", "RGB": "202, 204, 112" }, "geometry": { "type": "LineString", "coordinates": [ [ 11.4099773719689, 44.47279608456747 ], [ 11.410274562331731, 44.472668582581605 ], [ 11.410421422904646, 44.472626681237294 ], [ 11.410631590992475, 44.472607358221047 ], [ 11.410849751400558, 44.472638302214811 ], [ 11.411034555377205, 44.472712015000859 ], [ 11.411195985699948, 44.472835749935143 ], [ 11.41127736002743, 44.472975542988451 ], [ 11.41128439223046, 44.473141951622978 ], [ 11.411229302966092, 44.473280571552365 ], [ 11.411144519095835, 44.473403185466594 ], [ 11.41099507681734, 44.47350639328176 ], [ 11.410636024332108, 44.473662070918721 ] ] } },
{ "type": "Feature", "properties": { "CITY_NAME": "SAN_LAZZARO_DI_SAVENA", "strokeColor": "#70CC81", "RGB": "112, 204, 129" }, "geometry": { "type": "LineString", "coordinates": [ [ 11.409480958687578, 44.46188873724126 ], [ 11.409907586551141, 44.461767263408106 ], [ 11.410108781428685, 44.462148023520683 ], [ 11.409665326669213, 44.462277407404045 ] ] } },
{ "type": "Feature", "properties": { "CITY_NAME": "SAN_LAZZARO_DI_SAVENA", "strokeColor": "#B3B3B3", "RGB": "179, 179, 179" }, "geometry": { "type": "LineString", "coordinates": [ [ 11.414324209421254, 44.462818189305338 ], [ 11.41436783916636, 44.462826216022989 ], [ 11.414403656279479, 44.462848510567646 ], [ 11.414421364846707, 44.462874575801116 ], [ 11.414427561092825, 44.462904328931309 ] ] } },
{ "type": "Feature", "properties": { "CITY_NAME": "SAN_LAZZARO_DI_SAVENA", "strokeColor": "#70ACCC", "RGB": "112, 172, 204" }, "geometry": { "type": "LineString", "coordinates": [ [ 11.417152774100165, 44.477623329259345 ], [ 11.416894839439436, 44.477281722618407 ] ] } },
{ "type": "Feature", "properties": { "CITY_NAME": "SAN_LAZZARO_DI_SAVENA", "strokeColor": "#70ACCC", "RGB": "112, 172, 204" }, "geometry": { "type": "LineString", "coordinates": [ [ 11.421443488717296, 44.483499138914105 ], [ 11.421312277361496, 44.483260645602122 ] ] } },
{ "type": "Feature", "properties": { "CITY_NAME": "SAN_LAZZARO_DI_SAVENA", "strokeColor": "#B3B3B3", "RGB": "179, 179, 179" }, "geometry": { "type": "LineString", "coordinates": [ [ 11.442393225881025, 44.482334401064364 ], [ 11.440806211357826, 44.482357009711208 ], [ 11.440595025479233, 44.482344451818463 ], [ 11.440425669242739, 44.482313690877028 ], [ 11.44021792636156, 44.482272063139504 ] ] } },
{ "type": "Feature", "properties": { "CITY_NAME": "SAN_LAZZARO_DI_SAVENA", "strokeColor": "#CACC70", "RGB": "202, 204, 112" }, "geometry": { "type": "LineString", "coordinates": [ [ 11.424489920686744, 44.459213394362656 ], [ 11.424333172791179, 44.45905779840372 ] ] } },
{ "type": "Feature", "properties": { "CITY_NAME": "SAN_LAZZARO_DI_SAVENA", "strokeColor": "#B770CC", "RGB": "183, 112, 204" }, "geometry": { "type": "LineString", "coordinates": [ [ 11.401782049430846, 44.473142254113412 ], [ 11.401871080094676, 44.473107944463237 ], [ 11.402068801968792, 44.473031740668091 ] ] } },
{ "type": "Feature", "properties": { "CITY_NAME": "SAN_LAZZARO_DI_SAVENA", "strokeColor": "#B770CC", "RGB": "183, 112, 204" }, "geometry": { "type": "LineString", "coordinates": [ [ 11.409593278315672, 44.470145826803495 ], [ 11.411704557706022, 44.469325287980169 ] ] } },
{ "type": "Feature", "properties": { "CITY_NAME": "SAN_LAZZARO_DI_SAVENA", "strokeColor": "#70CC81", "RGB": "112, 204, 129" }, "geometry": { "type": "LineString", "coordinates": [ [ 11.407593353501264, 44.468813585093088 ], [ 11.407526444192474, 44.468750047838789 ] ] } },
{ "type": "Feature", "properties": { "CITY_NAME": "SAN_LAZZARO_DI_SAVENA", "strokeColor": "#70CC81", "RGB": "112, 204, 129" }, "geometry": { "type": "LineString", "coordinates": [ [ 11.407526444192474, 44.468750047838789 ], [ 11.408312425047365, 44.468450250703818 ] ] } },
{ "type": "Feature", "properties": { "CITY_NAME": "SAN_LAZZARO_DI_SAVENA", "strokeColor": "#70CC81", "RGB": "112, 204, 129" }, "geometry": { "type": "LineString", "coordinates": [ [ 11.410123502945421, 44.467756913442585 ], [ 11.410078255767047, 44.46771367853605 ] ] } },
{ "type": "Feature", "properties": { "CITY_NAME": "SAN_LAZZARO_DI_SAVENA", "strokeColor": "#CACC70", "RGB": "202, 204, 112" }, "geometry": { "type": "LineString", "coordinates": [ [ 11.41568310348563, 44.466113489367977 ], [ 11.415622090242914, 44.466019288006677 ], [ 11.415556868376191, 44.465911927424855 ], [ 11.415492268117937, 44.465819960722378 ] ] } },
{ "type": "Feature", "properties": { "CITY_NAME": "SAN_LAZZARO_DI_SAVENA", "strokeColor": "#70CC81", "RGB": "112, 204, 129" }, "geometry": { "type": "LineString", "coordinates": [ [ 11.415492268117937, 44.465819960722378 ], [ 11.414814593711647, 44.466055563011196 ], [ 11.413675037683946, 44.466468609319264 ] ] } },
{ "type": "Feature", "properties": { "CITY_NAME": "SAN_LAZZARO_DI_SAVENA", "strokeColor": "#CACC70", "RGB": "202, 204, 112" }, "geometry": { "type": "LineString", "coordinates": [ [ 11.415492268117937, 44.465819960722378 ], [ 11.415463539158393, 44.46577494159218 ], [ 11.415443577445039, 44.4657436612816 ] ] } },
{ "type": "Feature", "properties": { "CITY_NAME": "SAN_LAZZARO_DI_SAVENA", "strokeColor": "#B3B3B3", "RGB": "179, 179, 179" }, "geometry": { "type": "LineString", "coordinates": [ [ 11.446456321448435, 44.444426227266611 ], [ 11.446440940014826, 44.444532191154828 ], [ 11.446406914352842, 44.444613328323875 ], [ 11.446349979057874, 44.444672884692942 ], [ 11.446244784745177, 44.444769948510782 ] ] } },
{ "type": "Feature", "properties": { "CITY_NAME": "SAN_LAZZARO_DI_SAVENA", "strokeColor": "#B3B3B3", "RGB": "179, 179, 179" }, "geometry": { "type": "LineString", "coordinates": [ [ 11.418032688687275, 44.469608598140638 ], [ 11.417465988061322, 44.468846675579123 ] ] } },
{ "type": "Feature", "properties": { "CITY_NAME": "SAN_LAZZARO_DI_SAVENA", "strokeColor": "#70CC81", "RGB": "112, 204, 129" }, "geometry": { "type": "LineString", "coordinates": [ [ 11.40988752384901, 44.463891742068164 ], [ 11.409478296884203, 44.463451516462882 ] ] } },
{ "type": "Feature", "properties": { "CITY_NAME": "SAN_LAZZARO_DI_SAVENA", "strokeColor": "#70CC81", "RGB": "112, 204, 129" }, "geometry": { "type": "LineString", "coordinates": [ [ 11.406139357329209, 44.464162548469098 ], [ 11.405375120001375, 44.463364373482214 ], [ 11.405307983320554, 44.46329563614669 ] ] } },
{ "type": "Feature", "properties": { "CITY_NAME": "SAN_LAZZARO_DI_SAVENA", "strokeColor": "#CACC70", "RGB": "202, 204, 112" }, "geometry": { "type": "LineString", "coordinates": [ [ 11.414356533349125, 44.462981320865097 ], [ 11.414313461905218, 44.462989365510381 ], [ 11.41427281271709, 44.46298676823092 ], [ 11.414235334747399, 44.462974863581728 ], [ 11.41420216444409, 44.462950238045742 ] ] } },
{ "type": "Feature", "properties": { "CITY_NAME": "SAN_LAZZARO_DI_SAVENA", "strokeColor": "#70CC81", "RGB": "112, 204, 129" }, "geometry": { "type": "LineString", "coordinates": [ [ 11.409478296884203, 44.463451516462882 ], [ 11.409239735571969, 44.463186007734173 ], [ 11.408991573597433, 44.462893948922364 ] ] } },
{ "type": "Feature", "properties": { "CITY_NAME": "SAN_LAZZARO_DI_SAVENA", "strokeColor": "#70ACCC", "RGB": "112, 172, 204" }, "geometry": { "type": "LineString", "coordinates": [ [ 11.428598263185602, 44.468203072118094 ], [ 11.427607241826403, 44.468586996012398 ] ] } },
{ "type": "Feature", "properties": { "CITY_NAME": "SAN_LAZZARO_DI_SAVENA", "strokeColor": "#70ACCC", "RGB": "112, 172, 204" }, "geometry": { "type": "LineString", "coordinates": [ [ 11.427607241826403, 44.468586996012398 ], [ 11.427225807005804, 44.468053206938798 ] ] } },
{ "type": "Feature", "properties": { "CITY_NAME": "SAN_LAZZARO_DI_SAVENA", "strokeColor": "#70ACCC", "RGB": "112, 172, 204" }, "geometry": { "type": "LineString", "coordinates": [ [ 11.428598263185602, 44.468203072118094 ], [ 11.429557341264895, 44.467829315429917 ] ] } },
{ "type": "Feature", "properties": { "CITY_NAME": "SAN_LAZZARO_DI_SAVENA", "strokeColor": "#B770CC", "RGB": "183, 112, 204" }, "geometry": { "type": "LineString", "coordinates": [ [ 11.41589186254061, 44.467776760171958 ], [ 11.416093215477231, 44.46777066923908 ], [ 11.41631242262013, 44.46776962769431 ], [ 11.41650753456496, 44.467775467858104 ] ] } },
{ "type": "Feature", "properties": { "CITY_NAME": "SAN_LAZZARO_DI_SAVENA", "strokeColor": "#CACC70", "RGB": "202, 204, 112" }, "geometry": { "type": "LineString", "coordinates": [ [ 11.394440733293507, 44.45900439161845 ], [ 11.394351780544513, 44.458885759099473 ] ] } },
{ "type": "Feature", "properties": { "CITY_NAME": "SAN_LAZZARO_DI_SAVENA", "strokeColor": "#CACC70", "RGB": "202, 204, 112" }, "geometry": { "type": "LineString", "coordinates": [ [ 11.416271081151171, 44.467099035855284 ], [ 11.416104170326513, 44.466772876041212 ], [ 11.415799130280252, 44.466287302390135 ], [ 11.41568310348563, 44.466113489367977 ] ] } },
{ "type": "Feature", "properties": { "CITY_NAME": "SAN_LAZZARO_DI_SAVENA", "strokeColor": "#CACC70", "RGB": "202, 204, 112" }, "geometry": { "type": "LineString", "coordinates": [ [ 11.398001342879152, 44.447683236313075 ], [ 11.397991809401478, 44.447600568188349 ], [ 11.39798706347146, 44.447485924746843 ], [ 11.39796870105859, 44.447411413921266 ], [ 11.397948276564289, 44.447360853818054 ], [ 11.397824736235471, 44.447110022776258 ], [ 11.39782877341163, 44.447060513481674 ], [ 11.397559887393005, 44.446621500090728 ], [ 11.397008053194412, 44.445694496933896 ], [ 11.396951603406436, 44.445659060410634 ], [ 11.396879040814975, 44.445529927784754 ] ] } },
{ "type": "Feature", "properties": { "CITY_NAME": "SAN_LAZZARO_DI_SAVENA", "strokeColor": "#CACC70", "RGB": "202, 204, 112" }, "geometry": { "type": "LineString", "coordinates": [ [ 11.441710898849683, 44.424757431947057 ], [ 11.441536425205927, 44.42486914082513 ], [ 11.441393595165344, 44.424973676352515 ], [ 11.441226734844641, 44.425083009972816 ], [ 11.441086057606057, 44.425158054965799 ], [ 11.440994380381335, 44.425176823364417 ], [ 11.440733889609515, 44.425191186203115 ], [ 11.44047252533224, 44.425264960386336 ], [ 11.440264003318601, 44.42526284355268 ], [ 11.439871584457798, 44.425299201171704 ], [ 11.439703468190636, 44.425303856641023 ], [ 11.439615029898889, 44.425303267403166 ], [ 11.439468829006618, 44.425282528487806 ], [ 11.439357392885835, 44.425255659299232 ], [ 11.439259611659599, 44.425220346308059 ], [ 11.439163126019459, 44.425174109626539 ], [ 11.439086308000567, 44.42509570113743 ], [ 11.438967709339916, 44.424897325431068 ], [ 11.438864156546657, 44.424807630588639 ], [ 11.438787031466717, 44.424763733861212 ], [ 11.438686018323681, 44.424734835399327 ], [ 11.438583976443431, 44.424723212428525 ], [ 11.438421407710974, 44.424727012879792 ] ] } },
{ "type": "Feature", "properties": { "CITY_NAME": "SAN_LAZZARO_DI_SAVENA", "strokeColor": "#70ACCC", "RGB": "112, 172, 204" }, "geometry": { "type": "LineString", "coordinates": [ [ 11.430492174881493, 44.467469087353109 ], [ 11.429557341264895, 44.467829315429917 ] ] } },
{ "type": "Feature", "properties": { "CITY_NAME": "SAN_LAZZARO_DI_SAVENA", "strokeColor": "#B3B3B3", "RGB": "179, 179, 179" }, "geometry": { "type": "LineString", "coordinates": [ [ 11.418430294465796, 44.460401367351189 ], [ 11.417526087331176, 44.460839440217477 ], [ 11.416974818185716, 44.461135646058644 ], [ 11.416702964349698, 44.461275672258836 ] ] } },
{ "type": "Feature", "properties": { "CITY_NAME": "SAN_LAZZARO_DI_SAVENA", "strokeColor": "#B770CC", "RGB": "183, 112, 204" }, "geometry": { "type": "LineString", "coordinates": [ [ 11.406776140881865, 44.470126699658444 ], [ 11.406176018863476, 44.469368996906638 ] ] } },
{ "type": "Feature", "properties": { "CITY_NAME": "SAN_LAZZARO_DI_SAVENA", "strokeColor": "#B770CC", "RGB": "183, 112, 204" }, "geometry": { "type": "LineString", "coordinates": [ [ 11.406776140881865, 44.470126699658444 ], [ 11.407257672954929, 44.470718060668212 ] ] } },
{ "type": "Feature", "properties": { "CITY_NAME": "SAN_LAZZARO_DI_SAVENA", "strokeColor": "#CACC70", "RGB": "202, 204, 112" }, "geometry": { "type": "LineString", "coordinates": [ [ 11.414340874821013, 44.473310904871504 ], [ 11.414968999324792, 44.473033459152774 ] ] } },
{ "type": "Feature", "properties": { "CITY_NAME": "SAN_LAZZARO_DI_SAVENA", "strokeColor": "#CACC70", "RGB": "202, 204, 112" }, "geometry": { "type": "LineString", "coordinates": [ [ 11.417185549592304, 44.472411456309686 ], [ 11.417363219704839, 44.472335899074693 ] ] } },
{ "type": "Feature", "properties": { "CITY_NAME": "SAN_LAZZARO_DI_SAVENA", "strokeColor": "#70CC81", "RGB": "112, 204, 129" }, "geometry": { "type": "LineString", "coordinates": [ [ 11.417185549592304, 44.472411456309686 ], [ 11.416992865564195, 44.472214956472619 ], [ 11.416333127946096, 44.471530348480265 ] ] } },
{ "type": "Feature", "properties": { "CITY_NAME": "SAN_LAZZARO_DI_SAVENA", "strokeColor": "#70CC81", "RGB": "112, 204, 129" }, "geometry": { "type": "LineString", "coordinates": [ [ 11.424290818047977, 44.46459628693259 ], [ 11.42551718679297, 44.464143947965027 ] ] } },
{ "type": "Feature", "properties": { "CITY_NAME": "SAN_LAZZARO_DI_SAVENA", "strokeColor": "#70ACCC", "RGB": "112, 172, 204" }, "geometry": { "type": "LineString", "coordinates": [ [ 11.424159763733323, 44.462836401393623 ], [ 11.42551718679297, 44.464143947965027 ] ] } },
{ "type": "Feature", "properties": { "CITY_NAME": "SAN_LAZZARO_DI_SAVENA", "strokeColor": "#70CC81", "RGB": "112, 204, 129" }, "geometry": { "type": "LineString", "coordinates": [ [ 11.43002478087794, 44.462435817054022 ], [ 11.430261282956193, 44.462356108191692 ], [ 11.430477050969074, 44.462294612369888 ], [ 11.430653063755425, 44.462265480826574 ], [ 11.430947233726188, 44.462223929026806 ] ] } },
{ "type": "Feature", "properties": { "CITY_NAME": "SAN_LAZZARO_DI_SAVENA", "strokeColor": "#CACC70", "RGB": "202, 204, 112" }, "geometry": { "type": "LineString", "coordinates": [ [ 11.412312069829204, 44.448202883785804 ], [ 11.411968287119134, 44.447847544498671 ] ] } },
{ "type": "Feature", "properties": { "CITY_NAME": "SAN_LAZZARO_DI_SAVENA", "strokeColor": "#B3B3B3", "RGB": "179, 179, 179" }, "geometry": { "type": "LineString", "coordinates": [ [ 11.416265760057744, 44.467425631780245 ], [ 11.416322145869701, 44.467372584096253 ], [ 11.416397343298058, 44.467332982389244 ], [ 11.416479634992317, 44.467312234965306 ], [ 11.416573980696711, 44.467308426386758 ], [ 11.416671194890089, 44.467322118395195 ] ] } },
{ "type": "Feature", "properties": { "CITY_NAME": "SAN_LAZZARO_DI_SAVENA", "strokeColor": "#70CC81", "RGB": "112, 204, 129" }, "geometry": { "type": "LineString", "coordinates": [ [ 11.413884754954807, 44.468502230874719 ], [ 11.414012230998745, 44.468633493080837 ], [ 11.414389828362426, 44.469243551645434 ], [ 11.414548575806506, 44.469489841636872 ], [ 11.414667151581552, 44.46968826265126 ], [ 11.414802216997861, 44.469888030799645 ] ] } },
{ "type": "Feature", "properties": { "CITY_NAME": "SAN_LAZZARO_DI_SAVENA", "strokeColor": "#70CC81", "RGB": "112, 204, 129" }, "geometry": { "type": "LineString", "coordinates": [ [ 11.414738540525518, 44.470071262906622 ], [ 11.414757628709163, 44.47008639941739 ], [ 11.414779994087848, 44.470099026891795 ], [ 11.414805000840035, 44.470108787870927 ], [ 11.414831941039829, 44.47011540564452 ], [ 11.414860050065011, 44.470118692027562 ], [ 11.414888530761113, 44.470118554051368 ], [ 11.414916574907682, 44.470114996210235 ], [ 11.4149433870114, 44.470108118157654 ], [ 11.414968208210416, 44.470098115100811 ], [ 11.414990332381988, 44.470085272057965 ] ] } },
{ "type": "Feature", "properties": { "CITY_NAME": "SAN_LAZZARO_DI_SAVENA", "strokeColor": "#70ACCC", "RGB": "112, 172, 204" }, "geometry": { "type": "LineString", "coordinates": [ [ 11.420626045058949, 44.481971774002929 ], [ 11.420578474282664, 44.481879953440121 ], [ 11.420363245915045, 44.481483801037648 ], [ 11.42033047961767, 44.481433275539764 ], [ 11.420264388603355, 44.481331366703884 ], [ 11.420206486885863, 44.48124208318486 ], [ 11.420145360492757, 44.481147827451309 ], [ 11.420111051305138, 44.481094921904202 ], [ 11.419745651616891, 44.480550687712537 ] ] } },
{ "type": "Feature", "properties": { "CITY_NAME": "SAN_LAZZARO_DI_SAVENA", "strokeColor": "#70ACCC", "RGB": "112, 172, 204" }, "geometry": { "type": "LineString", "coordinates": [ [ 11.429677593740919, 44.465128984197094 ], [ 11.430536274507961, 44.46623416605469 ], [ 11.430668892494408, 44.466261446054119 ], [ 11.430779996380492, 44.466284715137633 ], [ 11.430865570706272, 44.466310480440768 ] ] } },
{ "type": "Feature", "properties": { "CITY_NAME": "SAN_LAZZARO_DI_SAVENA", "strokeColor": "#CACC70", "RGB": "202, 204, 112" }, "geometry": { "type": "LineString", "coordinates": [ [ 11.429938204984529, 44.460157783274433 ], [ 11.429895357389581, 44.460099758823148 ], [ 11.429629562660686, 44.459660493471375 ], [ 11.429590991502494, 44.459609573673305 ], [ 11.429559485997462, 44.459567983236667 ] ] } },
{ "type": "Feature", "properties": { "CITY_NAME": "SAN_LAZZARO_DI_SAVENA", "strokeColor": "#70CC81", "RGB": "112, 204, 129" }, "geometry": { "type": "LineString", "coordinates": [ [ 11.449697110338466, 44.454928268407002 ], [ 11.449531636456635, 44.455082967140285 ], [ 11.449411036881196, 44.455251629983437 ] ] } },
{ "type": "Feature", "properties": { "CITY_NAME": "SAN_LAZZARO_DI_SAVENA", "strokeColor": "#B3B3B3", "RGB": "179, 179, 179" }, "geometry": { "type": "LineString", "coordinates": [ [ 11.443977736475681, 44.454997982193262 ], [ 11.443554345684815, 44.454760008873677 ] ] } },
{ "type": "Feature", "properties": { "CITY_NAME": "SAN_LAZZARO_DI_SAVENA", "strokeColor": "#B3B3B3", "RGB": "179, 179, 179" }, "geometry": { "type": "LineString", "coordinates": [ [ 11.444197271019789, 44.455121374639944 ], [ 11.444740956588632, 44.454588531323132 ] ] } },
{ "type": "Feature", "properties": { "CITY_NAME": "SAN_LAZZARO_DI_SAVENA", "strokeColor": "#CACC70", "RGB": "202, 204, 112" }, "geometry": { "type": "LineString", "coordinates": [ [ 11.413942007900879, 44.446796640100807 ], [ 11.413904524053315, 44.446887020702512 ], [ 11.413958301992896, 44.446980243734728 ], [ 11.414133614877908, 44.447240896953836 ], [ 11.413818212180619, 44.447356526568811 ] ] } },
{ "type": "Feature", "properties": { "CITY_NAME": "SAN_LAZZARO_DI_SAVENA", "strokeColor": "#70CC81", "RGB": "112, 204, 129" }, "geometry": { "type": "LineString", "coordinates": [ [ 11.412062882277915, 44.466215428968681 ], [ 11.412564234353344, 44.466803073027293 ] ] } },
{ "type": "Feature", "properties": { "CITY_NAME": "SAN_LAZZARO_DI_SAVENA", "strokeColor": "#B3B3B3", "RGB": "179, 179, 179" }, "geometry": { "type": "LineString", "coordinates": [ [ 11.380101245989293, 44.456319083238583 ], [ 11.380251494806588, 44.456229393775679 ], [ 11.380367278414051, 44.456152267557222 ], [ 11.38046402442597, 44.456080093546085 ], [ 11.380537723537525, 44.456000199572841 ], [ 11.380527404075607, 44.455918413411915 ], [ 11.380493065782913, 44.455848061819722 ], [ 11.380424449317868, 44.455794825108178 ], [ 11.380282104797928, 44.455777750737738 ], [ 11.380171876805887, 44.455776404839035 ], [ 11.380063877963421, 44.455786857118255 ], [ 11.379974286115266, 44.455776881175403 ], [ 11.379841797977923, 44.455744110834218 ], [ 11.379713292924475, 44.455680279252441 ] ] } },
{ "type": "Feature", "properties": { "CITY_NAME": "SAN_LAZZARO_DI_SAVENA", "strokeColor": "#CACC70", "RGB": "202, 204, 112" }, "geometry": { "type": "LineString", "coordinates": [ [ 11.427040422486947, 44.460087646003736 ], [ 11.427131855206655, 44.459955217095171 ], [ 11.427192526085602, 44.459823792405572 ], [ 11.427239245670615, 44.459693532186577 ], [ 11.427311014214927, 44.459361681098741 ], [ 11.427435482240497, 44.458870997796765 ], [ 11.427531205212832, 44.458592193728883 ], [ 11.427637856547463, 44.458445511894446 ], [ 11.427726758058302, 44.458351533391287 ], [ 11.427792723384369, 44.458272565660735 ] ] } },
{ "type": "Feature", "properties": { "CITY_NAME": "SAN_LAZZARO_DI_SAVENA", "strokeColor": "#B3B3B3", "RGB": "179, 179, 179" }, "geometry": { "type": "LineString", "coordinates": [ [ 11.423249733435801, 44.455511307261389 ], [ 11.423070838333144, 44.455578979296689 ], [ 11.422889351217757, 44.455586109395561 ], [ 11.422723377933439, 44.455548389261509 ] ] } },
{ "type": "Feature", "properties": { "CITY_NAME": "SAN_LAZZARO_DI_SAVENA", "strokeColor": "#B3B3B3", "RGB": "179, 179, 179" }, "geometry": { "type": "LineString", "coordinates": [ [ 11.379568724215817, 44.456684607769247 ], [ 11.379563955389386, 44.456860150420894 ], [ 11.379537341354389, 44.457307421052064 ], [ 11.379539995770292, 44.457773596547788 ], [ 11.379521242933636, 44.458423822331397 ] ] } },
{ "type": "Feature", "properties": { "CITY_NAME": "SAN_LAZZARO_DI_SAVENA", "strokeColor": "#70CC81", "RGB": "112, 204, 129" }, "geometry": { "type": "LineString", "coordinates": [ [ 11.434237548747433, 44.460887877707627 ], [ 11.434783853933764, 44.460688689440346 ], [ 11.435348565413479, 44.460505780512655 ], [ 11.435771853048069, 44.460344226741512 ], [ 11.435951883358522, 44.460275509507198 ] ] } },
{ "type": "Feature", "properties": { "CITY_NAME": "SAN_LAZZARO_DI_SAVENA", "strokeColor": "#CACC70", "RGB": "202, 204, 112" }, "geometry": { "type": "LineString", "coordinates": [ [ 11.397344087751975, 44.451534281856034 ], [ 11.398100874448927, 44.45153137679565 ] ] } },
{ "type": "Feature", "properties": { "CITY_NAME": "SAN_LAZZARO_DI_SAVENA", "strokeColor": "#B3B3B3", "RGB": "179, 179, 179" }, "geometry": { "type": "LineString", "coordinates": [ [ 11.448584199952823, 44.458917777199424 ], [ 11.448622606318061, 44.459057131311653 ], [ 11.44867537258901, 44.459441504988405 ], [ 11.448725068970193, 44.459679389077628 ], [ 11.448770103752954, 44.459805862229857 ], [ 11.448831410513407, 44.459907503668632 ], [ 11.448901810342255, 44.460030834455736 ], [ 11.449028132365266, 44.460200167043617 ], [ 11.449103891529905, 44.46030627504723 ] ] } },
{ "type": "Feature", "properties": { "CITY_NAME": "SAN_LAZZARO_DI_SAVENA", "strokeColor": "#CACC70", "RGB": "202, 204, 112" }, "geometry": { "type": "LineString", "coordinates": [ [ 11.420575361900632, 44.457856486669755 ], [ 11.420979994735141, 44.458040493448259 ], [ 11.421469606822326, 44.45826091410165 ], [ 11.421768219268598, 44.458401226624652 ], [ 11.422153720392082, 44.458608620595243 ] ] } },
{ "type": "Feature", "properties": { "CITY_NAME": "SAN_LAZZARO_DI_SAVENA", "strokeColor": "#CACC70", "RGB": "202, 204, 112" }, "geometry": { "type": "LineString", "coordinates": [ [ 11.397344087751975, 44.451534281856034 ], [ 11.397348114454262, 44.450985871135138 ], [ 11.397365725234179, 44.450590783455148 ], [ 11.397314960059683, 44.44997050746651 ] ] } },
{ "type": "Feature", "properties": { "CITY_NAME": "SAN_LAZZARO_DI_SAVENA", "strokeColor": "#CACC70", "RGB": "202, 204, 112" }, "geometry": { "type": "LineString", "coordinates": [ [ 11.446546823485745, 44.456207185164438 ], [ 11.446670274641452, 44.456263144471521 ], [ 11.446792672942159, 44.456296547637805 ], [ 11.446906373418038, 44.45633061335667 ] ] } },
{ "type": "Feature", "properties": { "CITY_NAME": "SAN_LAZZARO_DI_SAVENA", "strokeColor": "#70CC81", "RGB": "112, 204, 129" }, "geometry": { "type": "LineString", "coordinates": [ [ 11.444394394480346, 44.45671071859605 ], [ 11.444894622950759, 44.456551217574727 ], [ 11.445671145711373, 44.4563036452614 ], [ 11.446082856508536, 44.456172396957726 ] ] } },
{ "type": "Feature", "properties": { "CITY_NAME": "SAN_LAZZARO_DI_SAVENA", "strokeColor": "#70CC81", "RGB": "112, 204, 129" }, "geometry": { "type": "LineString", "coordinates": [ [ 11.446868729565319, 44.455906895357501 ], [ 11.446461501617724, 44.456035093964012 ] ] } },
{ "type": "Feature", "properties": { "CITY_NAME": "SAN_LAZZARO_DI_SAVENA", "strokeColor": "#B770CC", "RGB": "183, 112, 204" }, "geometry": { "type": "LineString", "coordinates": [ [ 11.408624530508654, 44.469906238589971 ], [ 11.408612443714357, 44.469892342423066 ], [ 11.40855584117557, 44.469832316290343 ] ] } },
{ "type": "Feature", "properties": { "CITY_NAME": "SAN_LAZZARO_DI_SAVENA", "strokeColor": "#B3B3B3", "RGB": "179, 179, 179" }, "geometry": { "type": "LineString", "coordinates": [ [ 11.443519071304712, 44.455790492097925 ], [ 11.443337308998062, 44.455642526544395 ] ] } },
{ "type": "Feature", "properties": { "CITY_NAME": "SAN_LAZZARO_DI_SAVENA", "strokeColor": "#CACC70", "RGB": "202, 204, 112" }, "geometry": { "type": "LineString", "coordinates": [ [ 11.414842925474627, 44.474954976097884 ], [ 11.415031721462396, 44.47485770514119 ], [ 11.415379832359834, 44.475229999297589 ], [ 11.415193196382509, 44.475322925482587 ] ] } },
{ "type": "Feature", "properties": { "CITY_NAME": "SAN_LAZZARO_DI_SAVENA", "strokeColor": "#70ACCC", "RGB": "112, 172, 204" }, "geometry": { "type": "LineString", "coordinates": [ [ 11.432399767358044, 44.455862994526008 ], [ 11.431811697164097, 44.455314915251485 ], [ 11.431431950011035, 44.454998097109794 ], [ 11.431189234381421, 44.454845495714558 ] ] } },
{ "type": "Feature", "properties": { "CITY_NAME": "SAN_LAZZARO_DI_SAVENA", "strokeColor": "#B3B3B3", "RGB": "179, 179, 179" }, "geometry": { "type": "LineString", "coordinates": [ [ 11.443337308998062, 44.455642526544395 ], [ 11.443448504931148, 44.455510703082226 ] ] } },
{ "type": "Feature", "properties": { "CITY_NAME": "SAN_LAZZARO_DI_SAVENA", "strokeColor": "#B3B3B3", "RGB": "179, 179, 179" }, "geometry": { "type": "LineString", "coordinates": [ [ 11.443448504931148, 44.455510703082226 ], [ 11.443012639457661, 44.455301456589119 ] ] } },
{ "type": "Feature", "properties": { "CITY_NAME": "SAN_LAZZARO_DI_SAVENA", "strokeColor": "#CACC70", "RGB": "202, 204, 112" }, "geometry": { "type": "LineString", "coordinates": [ [ 11.414427561092825, 44.462904328931309 ], [ 11.41441999502381, 44.462936982106875 ], [ 11.414395555934007, 44.462963618307782 ], [ 11.414356533349125, 44.462981320865097 ] ] } },
{ "type": "Feature", "properties": { "CITY_NAME": "SAN_LAZZARO_DI_SAVENA", "strokeColor": "#CACC70", "RGB": "202, 204, 112" }, "geometry": { "type": "LineString", "coordinates": [ [ 11.396879040814975, 44.445529927784754 ], [ 11.396969516810399, 44.44550245782515 ], [ 11.397054949510386, 44.445500600881019 ], [ 11.397126985526441, 44.445543670193949 ], [ 11.398169963526142, 44.446307087609263 ], [ 11.398529049944615, 44.446557872227444 ], [ 11.399021250746346, 44.446919115093614 ] ] } },
{ "type": "Feature", "properties": { "CITY_NAME": "SAN_LAZZARO_DI_SAVENA", "strokeColor": "#CACC70", "RGB": "202, 204, 112" }, "geometry": { "type": "LineString", "coordinates": [ [ 11.411170419766714, 44.471842993822619 ], [ 11.411040728624494, 44.471886516766396 ], [ 11.409690837314974, 44.472431645763926 ] ] } },
{ "type": "Feature", "properties": { "CITY_NAME": "SAN_LAZZARO_DI_SAVENA", "strokeColor": "#CACC70", "RGB": "202, 204, 112" }, "geometry": { "type": "LineString", "coordinates": [ [ 11.409690837314974, 44.472431645763926 ], [ 11.4099773719689, 44.47279608456747 ] ] } },
{ "type": "Feature", "properties": { "CITY_NAME": "SAN_LAZZARO_DI_SAVENA", "strokeColor": "#70ACCC", "RGB": "112, 172, 204" }, "geometry": { "type": "LineString", "coordinates": [ [ 11.415263349698314, 44.47832707849372 ], [ 11.415344154334143, 44.478742358223123 ], [ 11.415372207170448, 44.478832306452681 ], [ 11.415421024357874, 44.478880412364198 ], [ 11.415501779025613, 44.47890424483613 ], [ 11.41559128669523, 44.478901121905444 ], [ 11.415677027055908, 44.478876951336765 ], [ 11.415725640680884, 44.478834718573502 ], [ 11.415752699830094, 44.478764563962059 ], [ 11.415752653124722, 44.478095058945819 ], [ 11.415767647782834, 44.478022635313749 ], [ 11.415835590584519, 44.47792591393268 ] ] } },
{ "type": "Feature", "properties": { "CITY_NAME": "SAN_LAZZARO_DI_SAVENA", "strokeColor": "#70ACCC", "RGB": "112, 172, 204" }, "geometry": { "type": "LineString", "coordinates": [ [ 11.415835590584519, 44.47792591393268 ], [ 11.416620745506451, 44.477602843428748 ], [ 11.416765642236662, 44.477540545916412 ], [ 11.416835178137029, 44.477482418552384 ], [ 11.416889169159795, 44.477396292701187 ], [ 11.416894839439436, 44.477281722618407 ] ] } },
{ "type": "Feature", "properties": { "CITY_NAME": "SAN_LAZZARO_DI_SAVENA", "strokeColor": "#CACC70", "RGB": "202, 204, 112" }, "geometry": { "type": "LineString", "coordinates": [ [ 11.423619055980225, 44.459669680491338 ], [ 11.424094933611034, 44.460007837680109 ], [ 11.424117499198623, 44.460025590584223 ] ] } },
{ "type": "Feature", "properties": { "CITY_NAME": "SAN_LAZZARO_DI_SAVENA", "strokeColor": "#CACC70", "RGB": "202, 204, 112" }, "geometry": { "type": "LineString", "coordinates": [ [ 11.413138610545383, 44.47644702104013 ], [ 11.415350198645003, 44.475487765811785 ] ] } },
{ "type": "Feature", "properties": { "CITY_NAME": "SAN_LAZZARO_DI_SAVENA", "strokeColor": "#B770CC", "RGB": "183, 112, 204" }, "geometry": { "type": "LineString", "coordinates": [ [ 11.413884754954807, 44.468502230874719 ], [ 11.413713619299401, 44.468570596411823 ], [ 11.413258165023368, 44.468739813479814 ] ] } },
{ "type": "Feature", "properties": { "CITY_NAME": "SAN_LAZZARO_DI_SAVENA", "strokeColor": "#70CC81", "RGB": "112, 204, 129" }, "geometry": { "type": "LineString", "coordinates": [ [ 11.410078255767047, 44.46771367853605 ], [ 11.409989075752273, 44.467628439484628 ] ] } },
{ "type": "Feature", "properties": { "CITY_NAME": "SAN_LAZZARO_DI_SAVENA", "strokeColor": "#70CC81", "RGB": "112, 204, 129" }, "geometry": { "type": "LineString", "coordinates": [ [ 11.409989075752273, 44.467628439484628 ], [ 11.409566342564638, 44.467224558663311 ] ] } },
{ "type": "Feature", "properties": { "CITY_NAME": "SAN_LAZZARO_DI_SAVENA", "strokeColor": "#70CC81", "RGB": "112, 204, 129" }, "geometry": { "type": "LineString", "coordinates": [ [ 11.412564234353344, 44.466803073027293 ], [ 11.41260669764849, 44.466856852932587 ] ] } },
{ "type": "Feature", "properties": { "CITY_NAME": "SAN_LAZZARO_DI_SAVENA", "strokeColor": "#70CC81", "RGB": "112, 204, 129" }, "geometry": { "type": "LineString", "coordinates": [ [ 11.403432269122048, 44.462797695832847 ], [ 11.403427296634506, 44.4627475191012 ], [ 11.403431814178532, 44.462708130256502 ], [ 11.403431967349265, 44.462634265946448 ], [ 11.403435998147538, 44.462582316092245 ], [ 11.403455021649931, 44.462458978494254 ] ] } },
{ "type": "Feature", "properties": { "CITY_NAME": "SAN_LAZZARO_DI_SAVENA", "strokeColor": "#70ACCC", "RGB": "112, 172, 204" }, "geometry": { "type": "LineString", "coordinates": [ [ 11.429557341264895, 44.467829315429917 ], [ 11.429706575972382, 44.468038163982023 ], [ 11.431222781118489, 44.470010834757858 ] ] } },
{ "type": "Feature", "properties": { "CITY_NAME": "SAN_LAZZARO_DI_SAVENA", "strokeColor": "#B3B3B3", "RGB": "179, 179, 179" }, "geometry": { "type": "LineString", "coordinates": [ [ 11.416822613774356, 44.467968674251331 ], [ 11.417072891878229, 44.468314138343828 ], [ 11.417465988061322, 44.468846675579123 ] ] } },
{ "type": "Feature", "properties": { "CITY_NAME": "SAN_LAZZARO_DI_SAVENA", "strokeColor": "#70ACCC", "RGB": "112, 172, 204" }, "geometry": { "type": "LineString", "coordinates": [ [ 11.432151166893961, 44.469640751110695 ], [ 11.432845023842139, 44.469375744144457 ], [ 11.433029522198726, 44.46921778625218 ], [ 11.432949987185387, 44.46902750897484 ], [ 11.431453612432797, 44.467102923875743 ] ] } },
{ "type": "Feature", "properties": { "CITY_NAME": "SAN_LAZZARO_DI_SAVENA", "strokeColor": "#CACC70", "RGB": "202, 204, 112" }, "geometry": { "type": "LineString", "coordinates": [ [ 11.433872196588169, 44.460916903551592 ], [ 11.433922632087029, 44.460992003819548 ] ] } },
{ "type": "Feature", "properties": { "CITY_NAME": "SAN_LAZZARO_DI_SAVENA", "strokeColor": "#CACC70", "RGB": "202, 204, 112" }, "geometry": { "type": "LineString", "coordinates": [ [ 11.403897862773373, 44.461861835768197 ], [ 11.403808879417744, 44.462046485291431 ], [ 11.403735246363231, 44.462199281632785 ], [ 11.403618710377811, 44.462337407675648 ], [ 11.403511160667509, 44.462424764974273 ], [ 11.403455021649931, 44.462458978494254 ] ] } },
{ "type": "Feature", "properties": { "CITY_NAME": "SAN_LAZZARO_DI_SAVENA", "strokeColor": "#70CC81", "RGB": "112, 204, 129" }, "geometry": { "type": "LineString", "coordinates": [ [ 11.409621951712474, 44.460302695410313 ], [ 11.409237349688876, 44.460414389334254 ], [ 11.408885301353818, 44.460523349607747 ], [ 11.408843633045992, 44.460552947262713 ], [ 11.408820910269096, 44.460595857909951 ], [ 11.408817076794925, 44.460630456651664 ], [ 11.408823642275431, 44.46066483055445 ], [ 11.408838915950708, 44.460706708034266 ], [ 11.408864671557478, 44.460750437623503 ] ] } },
{ "type": "Feature", "properties": { "CITY_NAME": "SAN_LAZZARO_DI_SAVENA", "strokeColor": "#B770CC", "RGB": "183, 112, 204" }, "geometry": { "type": "LineString", "coordinates": [ [ 11.404327383936929, 44.470002731449995 ], [ 11.404246053866876, 44.469901823698507 ] ] } },
{ "type": "Feature", "properties": { "CITY_NAME": "SAN_LAZZARO_DI_SAVENA", "strokeColor": "#70CC81", "RGB": "112, 204, 129" }, "geometry": { "type": "LineString", "coordinates": [ [ 11.411027887958348, 44.459894730567186 ], [ 11.409621951712474, 44.460302695410313 ] ] } },
{ "type": "Feature", "properties": { "CITY_NAME": "SAN_LAZZARO_DI_SAVENA", "strokeColor": "#CACC70", "RGB": "202, 204, 112" }, "geometry": { "type": "LineString", "coordinates": [ [ 11.394315833972311, 44.458815661512638 ], [ 11.394303641191989, 44.458746249537185 ] ] } },
{ "type": "Feature", "properties": { "CITY_NAME": "SAN_LAZZARO_DI_SAVENA", "strokeColor": "#CACC70", "RGB": "202, 204, 112" }, "geometry": { "type": "LineString", "coordinates": [ [ 11.407362233843294, 44.451654201935661 ], [ 11.407386128614174, 44.451579312864837 ], [ 11.407422059889893, 44.451515183766169 ], [ 11.407500296482556, 44.45140718836921 ] ] } },
{ "type": "Feature", "properties": { "CITY_NAME": "SAN_LAZZARO_DI_SAVENA", "strokeColor": "#B3B3B3", "RGB": "179, 179, 179" }, "geometry": { "type": "LineString", "coordinates": [ [ 11.425282286330166, 44.462026594905375 ], [ 11.425370076136128, 44.461900556573688 ], [ 11.425425564707826, 44.461800835848621 ], [ 11.425468369309284, 44.461677838258282 ], [ 11.42551527099846, 44.461589505497102 ], [ 11.425611830710864, 44.461443061647955 ], [ 11.425734911540996, 44.461289620867461 ] ] } },
{ "type": "Feature", "properties": { "CITY_NAME": "SAN_LAZZARO_DI_SAVENA", "strokeColor": "#CACC70", "RGB": "202, 204, 112" }, "geometry": { "type": "LineString", "coordinates": [ [ 11.405344988964067, 44.459264506621381 ], [ 11.405456428297482, 44.458834881288631 ], [ 11.405615836978022, 44.458013057507749 ] ] } },
{ "type": "Feature", "properties": { "CITY_NAME": "SAN_LAZZARO_DI_SAVENA", "strokeColor": "#CACC70", "RGB": "202, 204, 112" }, "geometry": { "type": "LineString", "coordinates": [ [ 11.43098391312923, 44.426835728707921 ], [ 11.432371980111334, 44.426352039834327 ], [ 11.432504848708348, 44.426562071132281 ] ] } },
{ "type": "Feature", "properties": { "CITY_NAME": "SAN_LAZZARO_DI_SAVENA", "strokeColor": "#70CC81", "RGB": "112, 204, 129" }, "geometry": { "type": "LineString", "coordinates": [ [ 11.440025225622858, 44.4581823373655 ], [ 11.441601872519479, 44.457655142608196 ] ] } },
{ "type": "Feature", "properties": { "CITY_NAME": "SAN_LAZZARO_DI_SAVENA", "strokeColor": "#CACC70", "RGB": "202, 204, 112" }, "geometry": { "type": "LineString", "coordinates": [ [ 11.419809042548897, 44.475407500042756 ], [ 11.419838152606721, 44.47544416992114 ], [ 11.419874612633572, 44.475477299902998 ], [ 11.419917598289407, 44.475506141335522 ], [ 11.419966138308961, 44.475530041407552 ], [ 11.420019134052326, 44.475548459840766 ], [ 11.420075387663994, 44.475560980896972 ], [ 11.420133628790133, 44.475567320914834 ], [ 11.42019253882115, 44.475567336798818 ], [ 11.42025078488687, 44.475561027099147 ], [ 11.42030705274424, 44.475548536716289 ], [ 11.420360067689286, 44.475530145654041 ] ] } },
{ "type": "Feature", "properties": { "CITY_NAME": "SAN_LAZZARO_DI_SAVENA", "strokeColor": "#CACC70", "RGB": "202, 204, 112" }, "geometry": { "type": "LineString", "coordinates": [ [ 11.419929354384283, 44.475062577973304 ], [ 11.419884318514875, 44.475090631427634 ], [ 11.419845758395573, 44.475123257747228 ], [ 11.419814568160531, 44.475159700671369 ], [ 11.41979147222157, 44.475199113009502 ], [ 11.419777008646721, 44.475240580399635 ], [ 11.419771511058823, 44.475283139696749 ], [ 11.419775108381442, 44.475325803284697 ], [ 11.419787715642098, 44.475367579977053 ], [ 11.419809042548897, 44.475407500042756 ] ] } },
{ "type": "Feature", "properties": { "CITY_NAME": "SAN_LAZZARO_DI_SAVENA", "strokeColor": "#CACC70", "RGB": "202, 204, 112" }, "geometry": { "type": "LineString", "coordinates": [ [ 11.41875196579112, 44.475858358809425 ], [ 11.419292372531768, 44.475629464288929 ], [ 11.419809042548897, 44.475407500042756 ] ] } },
{ "type": "Feature", "properties": { "CITY_NAME": "SAN_LAZZARO_DI_SAVENA", "strokeColor": "#70CC81", "RGB": "112, 204, 129" }, "geometry": { "type": "LineString", "coordinates": [ [ 11.433922632087029, 44.460992003819548 ], [ 11.434237548747433, 44.460887877707627 ] ] } },
{ "type": "Feature", "properties": { "CITY_NAME": "SAN_LAZZARO_DI_SAVENA", "strokeColor": "#70ACCC", "RGB": "112, 172, 204" }, "geometry": { "type": "LineString", "coordinates": [ [ 11.430271768602191, 44.470404206065048 ], [ 11.428598263185602, 44.468203072118094 ] ] } },
{ "type": "Feature", "properties": { "CITY_NAME": "SAN_LAZZARO_DI_SAVENA", "strokeColor": "#70CC81", "RGB": "112, 204, 129" }, "geometry": { "type": "LineString", "coordinates": [ [ 11.405749690707299, 44.468908404640793 ], [ 11.404661859020614, 44.469334443496656 ] ] } },
{ "type": "Feature", "properties": { "CITY_NAME": "SAN_LAZZARO_DI_SAVENA", "strokeColor": "#CACC70", "RGB": "202, 204, 112" }, "geometry": { "type": "LineString", "coordinates": [ [ 11.402059484719063, 44.461246605153129 ], [ 11.401315336656252, 44.460292563941167 ], [ 11.401173912143166, 44.460115531431484 ], [ 11.401201122833774, 44.459897322458943 ], [ 11.401179528938192, 44.459500937466451 ], [ 11.400564638232682, 44.459206409631378 ], [ 11.400340965021821, 44.458702205601654 ] ] } },
{ "type": "Feature", "properties": { "CITY_NAME": "SAN_LAZZARO_DI_SAVENA", "strokeColor": "#B3B3B3", "RGB": "179, 179, 179" }, "geometry": { "type": "LineString", "coordinates": [ [ 11.418652345345738, 44.470690794212977 ], [ 11.418567307856971, 44.470401418368354 ], [ 11.418447476244115, 44.470150567157809 ], [ 11.418248687390708, 44.46988622092735 ], [ 11.418032688687275, 44.469608598140638 ] ] } },
{ "type": "Feature", "properties": { "CITY_NAME": "SAN_LAZZARO_DI_SAVENA", "strokeColor": "#B3B3B3", "RGB": "179, 179, 179" }, "geometry": { "type": "LineString", "coordinates": [ [ 11.419558058593612, 44.471815121032868 ], [ 11.419493436045425, 44.47165629931385 ], [ 11.419372005715809, 44.471444221222207 ], [ 11.419203640507043, 44.471219948879359 ], [ 11.419099143110094, 44.471117000411695 ], [ 11.418883191668039, 44.470988735125772 ] ] } },
{ "type": "Feature", "properties": { "CITY_NAME": "SAN_LAZZARO_DI_SAVENA", "strokeColor": "#B3B3B3", "RGB": "179, 179, 179" }, "geometry": { "type": "LineString", "coordinates": [ [ 11.418883191668039, 44.470988735125772 ], [ 11.418908783018436, 44.470965128159996 ], [ 11.418928551813966, 44.470938808751271 ], [ 11.418941948565514, 44.470910505154109 ], [ 11.418948602175774, 44.470881003059752 ], [ 11.418948328872055, 44.47085111839867 ], [ 11.418941136560328, 44.470821681043581 ], [ 11.418927223634252, 44.470793506026219 ], [ 11.418906975643681, 44.470767373802545 ], [ 11.418880954314984, 44.470744007978936 ], [ 11.418849881733163, 44.470724057642911 ], [ 11.41881461680156, 44.47070807535578 ], [ 11.418776137061233, 44.470696503134256 ], [ 11.418735510573192, 44.470689661343336 ], [ 11.418693861668956, 44.470687741320084 ], [ 11.418652345345738, 44.470690794212977 ] ] } },
{ "type": "Feature", "properties": { "CITY_NAME": "SAN_LAZZARO_DI_SAVENA", "strokeColor": "#70CC81", "RGB": "112, 204, 129" }, "geometry": { "type": "LineString", "coordinates": [ [ 11.42551718679297, 44.464143947965027 ], [ 11.425971003964078, 44.463983195325916 ] ] } },
{ "type": "Feature", "properties": { "CITY_NAME": "SAN_LAZZARO_DI_SAVENA", "strokeColor": "#70CC81", "RGB": "112, 204, 129" }, "geometry": { "type": "LineString", "coordinates": [ [ 11.422967545791405, 44.465101733330144 ], [ 11.42356499720144, 44.464865036447485 ], [ 11.42390583555304, 44.464738833589394 ] ] } },
{ "type": "Feature", "properties": { "CITY_NAME": "SAN_LAZZARO_DI_SAVENA", "strokeColor": "#CACC70", "RGB": "202, 204, 112" }, "geometry": { "type": "LineString", "coordinates": [ [ 11.414672339643658, 44.462635451183154 ], [ 11.414628245847277, 44.462695965921561 ], [ 11.414503508875384, 44.462791552812988 ], [ 11.41447065996581, 44.462823429984191 ], [ 11.414427561092825, 44.462904328931309 ] ] } },
{ "type": "Feature", "properties": { "CITY_NAME": "SAN_LAZZARO_DI_SAVENA", "strokeColor": "#70CC81", "RGB": "112, 204, 129" }, "geometry": { "type": "LineString", "coordinates": [ [ 11.41861255650446, 44.466719602487537 ], [ 11.419222114980228, 44.466484686651285 ], [ 11.42089198110215, 44.465850200486742 ] ] } },
{ "type": "Feature", "properties": { "CITY_NAME": "SAN_LAZZARO_DI_SAVENA", "strokeColor": "#CACC70", "RGB": "202, 204, 112" }, "geometry": { "type": "LineString", "coordinates": [ [ 11.436171442755702, 44.42731911003942 ], [ 11.436128468310132, 44.427377489344039 ], [ 11.436056972263653, 44.427426723814293 ], [ 11.435760035172752, 44.427602670284088 ], [ 11.435438390456174, 44.427773711810936 ], [ 11.435307742389298, 44.427828493064005 ], [ 11.435071285044408, 44.427865430169668 ], [ 11.434960179934697, 44.427924084805596 ] ] } },
{ "type": "Feature", "properties": { "CITY_NAME": "SAN_LAZZARO_DI_SAVENA", "strokeColor": "#70ACCC", "RGB": "112, 172, 204" }, "geometry": { "type": "LineString", "coordinates": [ [ 11.430865570706272, 44.466310480440768 ], [ 11.430810122637798, 44.466212992597832 ], [ 11.430110575584864, 44.465304209339152 ] ] } },
{ "type": "Feature", "properties": { "CITY_NAME": "SAN_LAZZARO_DI_SAVENA", "strokeColor": "#B3B3B3", "RGB": "179, 179, 179" }, "geometry": { "type": "LineString", "coordinates": [ [ 11.418645060303914, 44.460222273397136 ], [ 11.41854542052573, 44.46030536218872 ] ] } },
{ "type": "Feature", "properties": { "CITY_NAME": "SAN_LAZZARO_DI_SAVENA", "strokeColor": "#B3B3B3", "RGB": "179, 179, 179" }, "geometry": { "type": "LineString", "coordinates": [ [ 11.456598316935967, 44.452326580523938 ], [ 11.456696856456583, 44.452290145424634 ], [ 11.457349851164265, 44.452074442010918 ], [ 11.457859949720227, 44.451907315536857 ] ] } },
{ "type": "Feature", "properties": { "CITY_NAME": "SAN_LAZZARO_DI_SAVENA", "strokeColor": "#CACC70", "RGB": "202, 204, 112" }, "geometry": { "type": "LineString", "coordinates": [ [ 11.415961261121414, 44.449802545649518 ], [ 11.415618100411006, 44.449396081053024 ] ] } },
{ "type": "Feature", "properties": { "CITY_NAME": "SAN_LAZZARO_DI_SAVENA", "strokeColor": "#70CC81", "RGB": "112, 204, 129" }, "geometry": { "type": "LineString", "coordinates": [ [ 11.448647634406361, 44.455187781500413 ], [ 11.448782157146402, 44.455102790040712 ], [ 11.448982054698412, 44.455039881028149 ] ] } },
{ "type": "Feature", "properties": { "CITY_NAME": "SAN_LAZZARO_DI_SAVENA", "strokeColor": "#B3B3B3", "RGB": "179, 179, 179" }, "geometry": { "type": "LineString", "coordinates": [ [ 11.423220921081496, 44.45507147173317 ], [ 11.423024877453161, 44.455028980688176 ], [ 11.422819143197188, 44.455050892712563 ], [ 11.422638159114411, 44.455127597532467 ] ] } },
{ "type": "Feature", "properties": { "CITY_NAME": "SAN_LAZZARO_DI_SAVENA", "strokeColor": "#B3B3B3", "RGB": "179, 179, 179" }, "geometry": { "type": "LineString", "coordinates": [ [ 11.4145208179741, 44.450827698358985 ], [ 11.414660334069978, 44.450829721220458 ], [ 11.414792066200727, 44.450843346419191 ], [ 11.415026214603685, 44.450873779624345 ], [ 11.415227371267175, 44.450911120406033 ], [ 11.415511310361934, 44.450977482849332 ] ] } },
{ "type": "Feature", "properties": { "CITY_NAME": "SAN_LAZZARO_DI_SAVENA", "strokeColor": "#B3B3B3", "RGB": "179, 179, 179" }, "geometry": { "type": "LineString", "coordinates": [ [ 11.399377695682949, 44.459454357364052 ], [ 11.399310856747364, 44.459289527889062 ], [ 11.399190097200938, 44.459095103896999 ], [ 11.399116854831783, 44.459018812850353 ], [ 11.399049007059416, 44.458970425448776 ], [ 11.398935114600507, 44.458927041527431 ], [ 11.398833762553998, 44.45888023314388 ], [ 11.398725960740315, 44.458814607876064 ], [ 11.398605299205611, 44.458735733476566 ], [ 11.398541259690482, 44.458660834944652 ], [ 11.398373562894934, 44.458362549916714 ], [ 11.397947915787915, 44.457497807043275 ], [ 11.397674105708289, 44.456886179066977 ], [ 11.397562111919996, 44.456117516603626 ], [ 11.397539540566873, 44.455995650354183 ] ] } },
{ "type": "Feature", "properties": { "CITY_NAME": "SAN_LAZZARO_DI_SAVENA", "strokeColor": "#B3B3B3", "RGB": "179, 179, 179" }, "geometry": { "type": "LineString", "coordinates": [ [ 11.397539540566873, 44.455995650354183 ], [ 11.397374344059914, 44.455103676059686 ] ] } },
{ "type": "Feature", "properties": { "CITY_NAME": "SAN_LAZZARO_DI_SAVENA", "strokeColor": "#B3B3B3", "RGB": "179, 179, 179" }, "geometry": { "type": "LineString", "coordinates": [ [ 11.37801581216992, 44.453990311308779 ], [ 11.379028608373128, 44.453944774589672 ], [ 11.379472456896755, 44.453927031520877 ] ] } },
{ "type": "Feature", "properties": { "CITY_NAME": "SAN_LAZZARO_DI_SAVENA", "strokeColor": "#CACC70", "RGB": "202, 204, 112" }, "geometry": { "type": "LineString", "coordinates": [ [ 11.418983557965021, 44.460459192430491 ], [ 11.419437387890335, 44.460963245868939 ] ] } },
{ "type": "Feature", "properties": { "CITY_NAME": "SAN_LAZZARO_DI_SAVENA", "strokeColor": "#70CC81", "RGB": "112, 204, 129" }, "geometry": { "type": "LineString", "coordinates": [ [ 11.419437387890335, 44.460963245868939 ], [ 11.420996397698913, 44.4601853792418 ], [ 11.421159787723662, 44.460109841571814 ], [ 11.42196144948891, 44.461019361597621 ], [ 11.422530704990999, 44.460753584824992 ], [ 11.422901225021539, 44.461135139172328 ] ] } },
{ "type": "Feature", "properties": { "CITY_NAME": "SAN_LAZZARO_DI_SAVENA", "strokeColor": "#CACC70", "RGB": "202, 204, 112" }, "geometry": { "type": "LineString", "coordinates": [ [ 11.397333872241093, 44.452940961564508 ], [ 11.397388699112298, 44.452942587443033 ], [ 11.397441771669515, 44.452933627033211 ], [ 11.397490778400325, 44.452917301412441 ], [ 11.397540120194241, 44.452890770551491 ], [ 11.397617191284715, 44.4528613030717 ], [ 11.397680487413853, 44.452844676340682 ], [ 11.397743974772942, 44.452832752134 ], [ 11.397804888951086, 44.452831471738442 ], [ 11.397866010458864, 44.452835286046174 ], [ 11.397926700606963, 44.452846952475596 ], [ 11.397995538753733, 44.452873745882378 ], [ 11.398072200145116, 44.452907825479279 ], [ 11.398272107606648, 44.453010697653028 ], [ 11.398392999683475, 44.453077186317664 ], [ 11.398447853563892, 44.453111723841104 ], [ 11.39851365333158, 44.453156229531672 ], [ 11.398558301124332, 44.453198827238467 ], [ 11.398603990899639, 44.453266895785234 ], [ 11.398623374596291, 44.453317475794485 ], [ 11.398632885720298, 44.453365910859496 ], [ 11.398627757442304, 44.453424458298798 ], [ 11.398587746948854, 44.453476680625741 ], [ 11.398534532957386, 44.453500547496255 ], [ 11.398485524873324, 44.453516875393404 ], [ 11.398452491509886, 44.453574048364551 ], [ 11.398375898077367, 44.453707051033263 ], [ 11.398343251721951, 44.453792063678755 ], [ 11.398324588123836, 44.453850896376082 ], [ 11.398294059150723, 44.453969202162263 ], [ 11.398286326104117, 44.454056044658302 ], [ 11.398288758730056, 44.454188955201566 ], [ 11.398259873129462, 44.454273887906012 ], [ 11.398197310337247, 44.454400320836278 ], [ 11.398091138037007, 44.454601405013975 ], [ 11.398025887780415, 44.454735738293508 ], [ 11.397960904217218, 44.454821431024811 ], [ 11.397868732520672, 44.454904949026137 ], [ 11.397781438013594, 44.454960516673182 ], [ 11.397652447622663, 44.45502716001355 ], [ 11.397507739485583, 44.455077659410243 ], [ 11.397374344059914, 44.455103676059686 ] ] } },
{ "type": "Feature", "properties": { "CITY_NAME": "SAN_LAZZARO_DI_SAVENA", "strokeColor": "#CACC70", "RGB": "202, 204, 112" }, "geometry": { "type": "LineString", "coordinates": [ [ 11.360591404728734, 44.44555908532319 ], [ 11.361697384793567, 44.446395935420746 ] ] } },
{ "type": "Feature", "properties": { "CITY_NAME": "SAN_LAZZARO_DI_SAVENA", "strokeColor": "#CACC70", "RGB": "202, 204, 112" }, "geometry": { "type": "LineString", "coordinates": [ [ 11.398684753168771, 44.449207811426348 ], [ 11.398376287560263, 44.449229038162571 ], [ 11.397492532686503, 44.449323508268883 ], [ 11.397387258017295, 44.44934153417033 ], [ 11.397312440666729, 44.449363653937311 ], [ 11.397265515185955, 44.449400974942705 ], [ 11.397255365372688, 44.449448572570915 ], [ 11.397258821097319, 44.449532210117148 ], [ 11.397286265357289, 44.449683253480188 ], [ 11.397314960059683, 44.44997050746651 ] ] } },
{ "type": "Feature", "properties": { "CITY_NAME": "SAN_LAZZARO_DI_SAVENA", "strokeColor": "#B770CC", "RGB": "183, 112, 204" }, "geometry": { "type": "LineString", "coordinates": [ [ 11.409025396871687, 44.470367190808666 ], [ 11.408624530508654, 44.469906238589971 ] ] } },
{ "type": "Feature", "properties": { "CITY_NAME": "SAN_LAZZARO_DI_SAVENA", "strokeColor": "#B770CC", "RGB": "183, 112, 204" }, "geometry": { "type": "LineString", "coordinates": [ [ 11.408624530508654, 44.469906238589971 ], [ 11.408072741829102, 44.470143317149351 ], [ 11.408431528083929, 44.470598646645357 ] ] } },
{ "type": "Feature", "properties": { "CITY_NAME": "SAN_LAZZARO_DI_SAVENA", "strokeColor": "#70ACCC", "RGB": "112, 172, 204" }, "geometry": { "type": "LineString", "coordinates": [ [ 11.454781004828227, 44.452993641574118 ], [ 11.456243433528318, 44.452457798186622 ], [ 11.456378781446299, 44.452407753386922 ] ] } },
{ "type": "Feature", "properties": { "CITY_NAME": "SAN_LAZZARO_DI_SAVENA", "strokeColor": "#CACC70", "RGB": "202, 204, 112" }, "geometry": { "type": "LineString", "coordinates": [ [ 11.43347410431236, 44.46075314643916 ], [ 11.433073535841658, 44.460164061614925 ] ] } },
{ "type": "Feature", "properties": { "CITY_NAME": "SAN_LAZZARO_DI_SAVENA", "strokeColor": "#70CC81", "RGB": "112, 204, 129" }, "geometry": { "type": "LineString", "coordinates": [ [ 11.448571544382466, 44.45529950766079 ], [ 11.448593010359275, 44.455438996568589 ], [ 11.448681917226187, 44.455571439155953 ] ] } },
{ "type": "Feature", "properties": { "CITY_NAME": "SAN_LAZZARO_DI_SAVENA", "strokeColor": "#CACC70", "RGB": "202, 204, 112" }, "geometry": { "type": "LineString", "coordinates": [ [ 11.405567412160577, 44.459640738615725 ], [ 11.405502275238806, 44.459589090302863 ], [ 11.405457460075827, 44.459543950247657 ], [ 11.405434118355029, 44.459497370997674 ], [ 11.405414623181361, 44.459445897886219 ], [ 11.405382056205466, 44.459369725140554 ], [ 11.405344988964067, 44.459264506621381 ] ] } },
{ "type": "Feature", "properties": { "CITY_NAME": "SAN_LAZZARO_DI_SAVENA", "strokeColor": "#70CC81", "RGB": "112, 204, 129" }, "geometry": { "type": "LineString", "coordinates": [ [ 11.444069158568952, 44.45682186640893 ], [ 11.444394394480346, 44.45671071859605 ] ] } },
{ "type": "Feature", "properties": { "CITY_NAME": "SAN_LAZZARO_DI_SAVENA", "strokeColor": "#CACC70", "RGB": "202, 204, 112" }, "geometry": { "type": "LineString", "coordinates": [ [ 11.400231738338888, 44.464259292128098 ], [ 11.400428156141748, 44.464225715306668 ], [ 11.400717782340536, 44.464044850486381 ], [ 11.401041509620978, 44.463790428383348 ], [ 11.40156961464483, 44.463425285832137 ], [ 11.402104536313754, 44.463156187654732 ], [ 11.402275714273754, 44.46305131047712 ] ] } },
{ "type": "Feature", "properties": { "CITY_NAME": "SAN_LAZZARO_DI_SAVENA", "strokeColor": "#70CC81", "RGB": "112, 204, 129" }, "geometry": { "type": "LineString", "coordinates": [ [ 11.411170419766714, 44.471842993822619 ], [ 11.411454600285943, 44.472077827644014 ], [ 11.411763504607499, 44.472275367249786 ], [ 11.412179006694361, 44.472502725276001 ], [ 11.412766246049999, 44.472849166465366 ], [ 11.412933878441926, 44.472953617502895 ] ] } },
{ "type": "Feature", "properties": { "CITY_NAME": "SAN_LAZZARO_DI_SAVENA", "strokeColor": "#CACC70", "RGB": "202, 204, 112" }, "geometry": { "type": "LineString", "coordinates": [ [ 11.443352042265582, 44.45784988527123 ], [ 11.443931034092898, 44.457640318880031 ], [ 11.444422549959047, 44.458333757108889 ] ] } },
{ "type": "Feature", "properties": { "CITY_NAME": "SAN_LAZZARO_DI_SAVENA", "strokeColor": "#CACC70", "RGB": "202, 204, 112" }, "geometry": { "type": "LineString", "coordinates": [ [ 11.413366250629123, 44.472941879918288 ], [ 11.413839414764311, 44.472737647782395 ] ] } },
{ "type": "Feature", "properties": { "CITY_NAME": "SAN_LAZZARO_DI_SAVENA", "strokeColor": "#70ACCC", "RGB": "112, 172, 204" }, "geometry": { "type": "LineString", "coordinates": [ [ 11.431072618418918, 44.456598278530613 ], [ 11.430162206874144, 44.455795990847058 ] ] } },
{ "type": "Feature", "properties": { "CITY_NAME": "SAN_LAZZARO_DI_SAVENA", "strokeColor": "#B3B3B3", "RGB": "179, 179, 179" }, "geometry": { "type": "LineString", "coordinates": [ [ 11.447037357887137, 44.444532011979895 ], [ 11.447118916904662, 44.444471038836589 ], [ 11.447171511524328, 44.444388158379979 ], [ 11.447189503232163, 44.444291676726372 ] ] } },
{ "type": "Feature", "properties": { "CITY_NAME": "SAN_LAZZARO_DI_SAVENA", "strokeColor": "#CACC70", "RGB": "202, 204, 112" }, "geometry": { "type": "LineString", "coordinates": [ [ 11.434237548747433, 44.460887877707627 ], [ 11.434189462946152, 44.460808045211188 ], [ 11.433872196588169, 44.460916903551592 ] ] } },
{ "type": "Feature", "properties": { "CITY_NAME": "SAN_LAZZARO_DI_SAVENA", "strokeColor": "#B770CC", "RGB": "183, 112, 204" }, "geometry": { "type": "LineString", "coordinates": [ [ 11.409025396871687, 44.470367190808666 ], [ 11.409593278315672, 44.470145826803495 ] ] } },
{ "type": "Feature", "properties": { "CITY_NAME": "SAN_LAZZARO_DI_SAVENA", "strokeColor": "#B770CC", "RGB": "183, 112, 204" }, "geometry": { "type": "LineString", "coordinates": [ [ 11.413258165023368, 44.468739813479814 ], [ 11.413253901471517, 44.468741420554629 ], [ 11.411704557706022, 44.469325287980169 ] ] } },
{ "type": "Feature", "properties": { "CITY_NAME": "SAN_LAZZARO_DI_SAVENA", "strokeColor": "#70CC81", "RGB": "112, 204, 129" }, "geometry": { "type": "LineString", "coordinates": [ [ 11.408312425047365, 44.468450250703818 ], [ 11.409226732277048, 44.468102353161129 ], [ 11.409689624055689, 44.467915013359153 ], [ 11.410078255767047, 44.46771367853605 ] ] } },
{ "type": "Feature", "properties": { "CITY_NAME": "SAN_LAZZARO_DI_SAVENA", "strokeColor": "#70CC81", "RGB": "112, 204, 129" }, "geometry": { "type": "LineString", "coordinates": [ [ 11.41260669764849, 44.466856852932587 ], [ 11.413487772745686, 44.467901365163883 ], [ 11.41357312085221, 44.467999641748932 ] ] } },
{ "type": "Feature", "properties": { "CITY_NAME": "SAN_LAZZARO_DI_SAVENA", "strokeColor": "#70ACCC", "RGB": "112, 172, 204" }, "geometry": { "type": "LineString", "coordinates": [ [ 11.430271768602191, 44.470404206065048 ], [ 11.430708989009322, 44.470222303309647 ] ] } },
{ "type": "Feature", "properties": { "CITY_NAME": "SAN_LAZZARO_DI_SAVENA", "strokeColor": "#70CC81", "RGB": "112, 204, 129" }, "geometry": { "type": "LineString", "coordinates": [ [ 11.406665593820378, 44.464724440042048 ], [ 11.406496087420654, 44.464543446492421 ], [ 11.406139357329209, 44.464162548469098 ] ] } },
{ "type": "Feature", "properties": { "CITY_NAME": "SAN_LAZZARO_DI_SAVENA", "strokeColor": "#70CC81", "RGB": "112, 204, 129" }, "geometry": { "type": "LineString", "coordinates": [ [ 11.403432269122048, 44.462797695832847 ], [ 11.40339152742264, 44.462760891171733 ], [ 11.403338517991788, 44.462719646312117 ], [ 11.403282853475927, 44.462687889369555 ], [ 11.403230330881852, 44.462659205466437 ], [ 11.403137017191584, 44.462625335923327 ] ] } },
{ "type": "Feature", "properties": { "CITY_NAME": "SAN_LAZZARO_DI_SAVENA", "strokeColor": "#70ACCC", "RGB": "112, 172, 204" }, "geometry": { "type": "LineString", "coordinates": [ [ 11.432151166893961, 44.469640751110695 ], [ 11.431908370025647, 44.469325190874862 ], [ 11.430492174881493, 44.467469087353109 ] ] } },
{ "type": "Feature", "properties": { "CITY_NAME": "SAN_LAZZARO_DI_SAVENA", "strokeColor": "#70ACCC", "RGB": "112, 172, 204" }, "geometry": { "type": "LineString", "coordinates": [ [ 11.431453612432797, 44.467102923875743 ], [ 11.431056139028941, 44.466581059306257 ] ] } },
{ "type": "Feature", "properties": { "CITY_NAME": "SAN_LAZZARO_DI_SAVENA", "strokeColor": "#B3B3B3", "RGB": "179, 179, 179" }, "geometry": { "type": "LineString", "coordinates": [ [ 11.402059484719063, 44.461246605153129 ], [ 11.402863603921608, 44.460924020103008 ], [ 11.402896645781293, 44.460806633504767 ], [ 11.402529935258547, 44.460049379557731 ] ] } },
{ "type": "Feature", "properties": { "CITY_NAME": "SAN_LAZZARO_DI_SAVENA", "strokeColor": "#CACC70", "RGB": "202, 204, 112" }, "geometry": { "type": "LineString", "coordinates": [ [ 11.40488581360604, 44.460138897430916 ], [ 11.405079049578989, 44.460007571537936 ], [ 11.405197942401383, 44.459892096216159 ], [ 11.405302177950926, 44.459780474845644 ], [ 11.405396179422889, 44.459698157402521 ], [ 11.405470422393666, 44.459669585077464 ], [ 11.405567412160577, 44.459640738615725 ] ] } },
{ "type": "Feature", "properties": { "CITY_NAME": "SAN_LAZZARO_DI_SAVENA", "strokeColor": "#CACC70", "RGB": "202, 204, 112" }, "geometry": { "type": "LineString", "coordinates": [ [ 11.41861255650446, 44.466719602487537 ], [ 11.418534919257093, 44.46660652984562 ], [ 11.418022019965264, 44.466100908498582 ], [ 11.417456270337853, 44.465580660288261 ], [ 11.417048937248707, 44.465149984490431 ] ] } },
{ "type": "Feature", "properties": { "CITY_NAME": "SAN_LAZZARO_DI_SAVENA", "strokeColor": "#CACC70", "RGB": "202, 204, 112" }, "geometry": { "type": "LineString", "coordinates": [ [ 11.421952734182389, 44.463621252345767 ], [ 11.423576192155179, 44.462841345004875 ], [ 11.422775616730707, 44.461967245158569 ] ] } },
{ "type": "Feature", "properties": { "CITY_NAME": "SAN_LAZZARO_DI_SAVENA", "strokeColor": "#CACC70", "RGB": "202, 204, 112" }, "geometry": { "type": "LineString", "coordinates": [ [ 11.408182383677687, 44.451110284867042 ], [ 11.409398595827712, 44.451047298773112 ] ] } },
{ "type": "Feature", "properties": { "CITY_NAME": "SAN_LAZZARO_DI_SAVENA", "strokeColor": "#CACC70", "RGB": "202, 204, 112" }, "geometry": { "type": "LineString", "coordinates": [ [ 11.43634877795243, 44.426185151967189 ], [ 11.436284958338748, 44.426687234872936 ], [ 11.43619975193424, 44.427246033563563 ], [ 11.436171442755702, 44.42731911003942 ] ] } },
{ "type": "Feature", "properties": { "CITY_NAME": "SAN_LAZZARO_DI_SAVENA", "strokeColor": "#CACC70", "RGB": "202, 204, 112" }, "geometry": { "type": "LineString", "coordinates": [ [ 11.437254761818922, 44.425331174340954 ], [ 11.437204446901495, 44.425354712939132 ], [ 11.437109478566414, 44.425383589150869 ], [ 11.436999062568077, 44.42538338337112 ], [ 11.436838178792611, 44.425345743248933 ], [ 11.436727446002791, 44.425335254825306 ], [ 11.436629288892764, 44.425329671692985 ], [ 11.436508668759744, 44.42533391990159 ] ] } },
{ "type": "Feature", "properties": { "CITY_NAME": "SAN_LAZZARO_DI_SAVENA", "strokeColor": "#CACC70", "RGB": "202, 204, 112" }, "geometry": { "type": "LineString", "coordinates": [ [ 11.438421407710974, 44.424727012879792 ], [ 11.438292402182242, 44.424785235709628 ], [ 11.438048365748172, 44.424895385790556 ] ] } },
{ "type": "Feature", "properties": { "CITY_NAME": "SAN_LAZZARO_DI_SAVENA", "strokeColor": "#B3B3B3", "RGB": "179, 179, 179" }, "geometry": { "type": "LineString", "coordinates": [ [ 11.446456321448435, 44.444426227266611 ], [ 11.446516386417271, 44.444494310669974 ], [ 11.446591542622986, 44.444554139269378 ], [ 11.446718429547236, 44.444589304532713 ] ] } },
{ "type": "Feature", "properties": { "CITY_NAME": "SAN_LAZZARO_DI_SAVENA", "strokeColor": "#B3B3B3", "RGB": "179, 179, 179" }, "geometry": { "type": "LineString", "coordinates": [ [ 11.402463006093056, 44.462958410390677 ], [ 11.402302615904278, 44.462762200515172 ], [ 11.402195445795515, 44.462637274932241 ], [ 11.402108701917689, 44.462528395111583 ], [ 11.401762869094831, 44.462107044637136 ], [ 11.401432527763735, 44.461663983265247 ], [ 11.40137159073479, 44.461527990528886 ] ] } },
{ "type": "Feature", "properties": { "CITY_NAME": "SAN_LAZZARO_DI_SAVENA", "strokeColor": "#CACC70", "RGB": "202, 204, 112" }, "geometry": { "type": "LineString", "coordinates": [ [ 11.397274298145, 44.466050877177402 ], [ 11.397496274932427, 44.465947708689818 ], [ 11.39811237598532, 44.465557817895181 ], [ 11.398914697121198, 44.465014258270422 ], [ 11.399430519961614, 44.464709225074429 ], [ 11.399666956233085, 44.464569441762428 ], [ 11.39990339861607, 44.46445574741346 ], [ 11.40018952358729, 44.464317891928317 ], [ 11.400231738338888, 44.464259292128098 ] ] } },
{ "type": "Feature", "properties": { "CITY_NAME": "SAN_LAZZARO_DI_SAVENA", "strokeColor": "#CACC70", "RGB": "202, 204, 112" }, "geometry": { "type": "LineString", "coordinates": [ [ 11.420360067689286, 44.475530145654041 ], [ 11.420409999124718, 44.475505481218327 ], [ 11.42045401363332, 44.475475592878873 ], [ 11.420491057050562, 44.475441197996041 ], [ 11.420520240594842, 44.47540312115563 ], [ 11.420540863954226, 44.475362274772728 ], [ 11.420552433310219, 44.475319638903379 ], [ 11.42055467156313, 44.47527623491942 ], [ 11.420547524974246, 44.475233103761241 ], [ 11.420531164596984, 44.475191279799731 ], [ 11.420505982720277, 44.475151765704624 ], [ 11.420472583068285, 44.475115508345816 ], [ 11.420431767343537, 44.475083377473084 ], [ 11.420384512939934, 44.475056143683005 ], [ 11.420331952024229, 44.475034459057568 ], [ 11.42027534711017, 44.475018844179239 ], [ 11.420216053996421, 44.475009673612945 ], [ 11.420155493684891, 44.475007165699012 ], [ 11.420095119720788, 44.475011383246084 ], [ 11.420036378768218, 44.475022222663512 ], [ 11.419980678359565, 44.475039424547994 ], [ 11.419929354384283, 44.475062577973304 ] ] } },
{ "type": "Feature", "properties": { "CITY_NAME": "SAN_LAZZARO_DI_SAVENA", "strokeColor": "#CACC70", "RGB": "202, 204, 112" }, "geometry": { "type": "LineString", "coordinates": [ [ 11.402942379304575, 44.462707869496221 ], [ 11.402822604565289, 44.462594461306793 ], [ 11.402758734508437, 44.462531558516922 ], [ 11.402675543619834, 44.462467312247519 ], [ 11.402507697656077, 44.462350055900608 ], [ 11.402444041785188, 44.462268187106901 ], [ 11.402409622714652, 44.462160519945414 ], [ 11.402280490490744, 44.461794091420877 ], [ 11.402158671176799, 44.461495532641031 ], [ 11.402030591332814, 44.461339010162945 ], [ 11.401929842038401, 44.461299612730585 ] ] } },
{ "type": "Feature", "properties": { "CITY_NAME": "SAN_LAZZARO_DI_SAVENA", "strokeColor": "#70ACCC", "RGB": "112, 172, 204" }, "geometry": { "type": "LineString", "coordinates": [ [ 11.427607241826403, 44.468586996012398 ], [ 11.429306769291584, 44.470769442266125 ] ] } },
{ "type": "Feature", "properties": { "CITY_NAME": "SAN_LAZZARO_DI_SAVENA", "strokeColor": "#70ACCC", "RGB": "112, 172, 204" }, "geometry": { "type": "LineString", "coordinates": [ [ 11.429147369943683, 44.467317490687819 ], [ 11.429557341264895, 44.467829315429917 ] ] } },
{ "type": "Feature", "properties": { "CITY_NAME": "SAN_LAZZARO_DI_SAVENA", "strokeColor": "#70CC81", "RGB": "112, 204, 129" }, "geometry": { "type": "LineString", "coordinates": [ [ 11.406124427203128, 44.469303871989453 ], [ 11.407526444192474, 44.468750047838789 ] ] } },
{ "type": "Feature", "properties": { "CITY_NAME": "SAN_LAZZARO_DI_SAVENA", "strokeColor": "#B770CC", "RGB": "183, 112, 204" }, "geometry": { "type": "LineString", "coordinates": [ [ 11.407257672954929, 44.470718060668212 ], [ 11.407323422586391, 44.470799509797878 ] ] } },
{ "type": "Feature", "properties": { "CITY_NAME": "SAN_LAZZARO_DI_SAVENA", "strokeColor": "#B3B3B3", "RGB": "179, 179, 179" }, "geometry": { "type": "LineString", "coordinates": [ [ 11.4145208179741, 44.450827698358985 ], [ 11.41452433173801, 44.450799124402252 ], [ 11.414521402914023, 44.450770516567687 ], [ 11.41451210601579, 44.450742615095642 ], [ 11.414496682010649, 44.450716143200687 ], [ 11.414475531187151, 44.450691786516735 ], [ 11.414449199818305, 44.450670174473814 ], [ 11.414418369596222, 44.450651867918246 ], [ 11.414383840491871, 44.450637339669818 ] ] } },
{ "type": "Feature", "properties": { "CITY_NAME": "SAN_LAZZARO_DI_SAVENA", "strokeColor": "#B3B3B3", "RGB": "179, 179, 179" }, "geometry": { "type": "LineString", "coordinates": [ [ 11.414029298167872, 44.450824021781763 ], [ 11.414038743022155, 44.450852834831643 ], [ 11.4140547136384, 44.450880131573228 ], [ 11.414076768037777, 44.450905159727895 ], [ 11.414104299599328, 44.450927228115205 ], [ 11.414136550617759, 44.450945730673503 ], [ 11.414172628998392, 44.450960155110131 ], [ 11.414211543126093, 44.45097010557128 ], [ 11.414252218375887, 44.450975306794646 ], [ 11.414293535304903, 44.450975615905527 ], [ 11.414334353623767, 44.450971024611064 ], [ 11.414373549869829, 44.450961658403237 ], [ 11.414410041267249, 44.450947776054214 ], [ 11.414442823066263, 44.45092976072398 ], [ 11.414470993176408, 44.450908107735309 ], [ 11.414493773180466, 44.450883416026635 ], [ 11.414510534996245, 44.450856364180709 ], [ 11.4145208179741, 44.450827698358985 ] ] } },
{ "type": "Feature", "properties": { "CITY_NAME": "SAN_LAZZARO_DI_SAVENA", "strokeColor": "#70CC81", "RGB": "112, 204, 129" }, "geometry": { "type": "LineString", "coordinates": [ [ 11.412564234353344, 44.466803073027293 ], [ 11.413068028260188, 44.466624606657028 ], [ 11.415443577445039, 44.4657436612816 ] ] } },
{ "type": "Feature", "properties": { "CITY_NAME": "SAN_LAZZARO_DI_SAVENA", "strokeColor": "#CACC70", "RGB": "202, 204, 112" }, "geometry": { "type": "LineString", "coordinates": [ [ 11.418416047264627, 44.471888158895133 ], [ 11.418498554558422, 44.472025168900437 ], [ 11.418503217551631, 44.472218852067584 ], [ 11.418428912658507, 44.47244729916244 ], [ 11.418317956834386, 44.472615854121145 ], [ 11.41804150335445, 44.47292478948755 ], [ 11.417977203846434, 44.47296081424151 ], [ 11.417921485710789, 44.472938631810138 ], [ 11.417363219704839, 44.472335899074693 ] ] } },
{ "type": "Feature", "properties": { "CITY_NAME": "SAN_LAZZARO_DI_SAVENA", "strokeColor": "#CACC70", "RGB": "202, 204, 112" }, "geometry": { "type": "LineString", "coordinates": [ [ 11.412733360560921, 44.44751250124903 ], [ 11.41281657989204, 44.44741032147477 ], [ 11.412870871606691, 44.447301194477255 ], [ 11.412883568240675, 44.447170269924932 ], [ 11.412871761209271, 44.446993433106293 ], [ 11.413423526126351, 44.446812241214488 ] ] } },
{ "type": "Feature", "properties": { "CITY_NAME": "SAN_LAZZARO_DI_SAVENA", "strokeColor": "#B3B3B3", "RGB": "179, 179, 179" }, "geometry": { "type": "LineString", "coordinates": [ [ 11.414672339643658, 44.462635451183154 ], [ 11.414602716556315, 44.462668701351681 ], [ 11.414502784759282, 44.462747079896054 ], [ 11.414396653748835, 44.462799022747475 ], [ 11.414324209421254, 44.462818189305338 ] ] } },
{ "type": "Feature", "properties": { "CITY_NAME": "SAN_LAZZARO_DI_SAVENA", "strokeColor": "#B3B3B3", "RGB": "179, 179, 179" }, "geometry": { "type": "LineString", "coordinates": [ [ 11.415686802125348, 44.461901762548145 ], [ 11.415543410856273, 44.461994475596967 ], [ 11.415415719709596, 44.462077344089415 ], [ 11.415061921715861, 44.462326419556 ], [ 11.414809356180797, 44.462500971406904 ], [ 11.414672339643658, 44.462635451183154 ] ] } },
{ "type": "Feature", "properties": { "CITY_NAME": "SAN_LAZZARO_DI_SAVENA", "strokeColor": "#70CC81", "RGB": "112, 204, 129" }, "geometry": { "type": "LineString", "coordinates": [ [ 11.422355363080523, 44.465402734759024 ], [ 11.422480743914344, 44.465307181471594 ], [ 11.422585297728034, 44.465248572946017 ], [ 11.422967545791405, 44.465101733330144 ] ] } },
{ "type": "Feature", "properties": { "CITY_NAME": "SAN_LAZZARO_DI_SAVENA", "strokeColor": "#70CC81", "RGB": "112, 204, 129" }, "geometry": { "type": "LineString", "coordinates": [ [ 11.417104600102125, 44.467311215341631 ], [ 11.417747622470085, 44.467054896405088 ], [ 11.41861255650446, 44.466719602487537 ] ] } },
{ "type": "Feature", "properties": { "CITY_NAME": "SAN_LAZZARO_DI_SAVENA", "strokeColor": "#B3B3B3", "RGB": "179, 179, 179" }, "geometry": { "type": "LineString", "coordinates": [ [ 11.427597098861783, 44.483369033389351 ], [ 11.42734931135349, 44.483354154972304 ], [ 11.42709785325501, 44.483336366103025 ], [ 11.426774833184957, 44.483335630245463 ], [ 11.426457482442608, 44.483353824239636 ], [ 11.425854059663321, 44.483346748355757 ], [ 11.425715084580361, 44.483345097776755 ], [ 11.425317827075901, 44.483326711205073 ], [ 11.425027611052961, 44.48333475223729 ], [ 11.424770119207786, 44.483347250490574 ], [ 11.424503198358204, 44.48336681830731 ], [ 11.42422627387651, 44.483379651551338 ], [ 11.424112559886639, 44.48338492298609 ], [ 11.42380176797235, 44.483370383631794 ], [ 11.423377087901109, 44.483332226719639 ], [ 11.422984908810818, 44.483314957559379 ], [ 11.422578181670067, 44.483322527856792 ], [ 11.422315063797459, 44.48334497169332 ], [ 11.422089031023702, 44.483377131360243 ], [ 11.421820740965941, 44.483434337469099 ], [ 11.421623582819716, 44.483470478523373 ], [ 11.421443488717296, 44.483499138914105 ] ] } },
{ "type": "Feature", "properties": { "CITY_NAME": "SAN_LAZZARO_DI_SAVENA", "strokeColor": "#70ACCC", "RGB": "112, 172, 204" }, "geometry": { "type": "LineString", "coordinates": [ [ 11.431056139028941, 44.466581059306257 ], [ 11.43206657856094, 44.466178521682217 ], [ 11.432257006095961, 44.466093071710063 ], [ 11.432400255320351, 44.4659678755215 ], [ 11.432473867305964, 44.465811552040769 ], [ 11.432479455640136, 44.465664798429287 ], [ 11.432450549017641, 44.465510621712063 ], [ 11.431892984269105, 44.463233205569658 ], [ 11.431842248014817, 44.463103913295342 ], [ 11.43151395659091, 44.46256867558408 ], [ 11.431374721627522, 44.46237036625876 ] ] } },
{ "type": "Feature", "properties": { "CITY_NAME": "SAN_LAZZARO_DI_SAVENA", "strokeColor": "#B3B3B3", "RGB": "179, 179, 179" }, "geometry": { "type": "LineString", "coordinates": [ [ 11.431477272387287, 44.462048233452968 ], [ 11.431754936351762, 44.46188494578 ], [ 11.431978390662737, 44.46174649735979 ], [ 11.432330496168005, 44.461576537602966 ], [ 11.433295456168368, 44.461209773769106 ], [ 11.433922632087029, 44.460992003819548 ] ] } },
{ "type": "Feature", "properties": { "CITY_NAME": "SAN_LAZZARO_DI_SAVENA", "strokeColor": "#CACC70", "RGB": "202, 204, 112" }, "geometry": { "type": "LineString", "coordinates": [ [ 11.413714143259593, 44.44644060748778 ], [ 11.413942007900879, 44.446796640100807 ] ] } },
{ "type": "Feature", "properties": { "CITY_NAME": "SAN_LAZZARO_DI_SAVENA", "strokeColor": "#B3B3B3", "RGB": "179, 179, 179" }, "geometry": { "type": "LineString", "coordinates": [ [ 11.418974285590995, 44.459803952270278 ], [ 11.418859088695944, 44.459970711865431 ] ] } },
{ "type": "Feature", "properties": { "CITY_NAME": "SAN_LAZZARO_DI_SAVENA", "strokeColor": "#70CC81", "RGB": "112, 204, 129" }, "geometry": { "type": "LineString", "coordinates": [ [ 11.411272153247058, 44.465325248222697 ], [ 11.412019477469952, 44.465042789696795 ] ] } },
{ "type": "Feature", "properties": { "CITY_NAME": "SAN_LAZZARO_DI_SAVENA", "strokeColor": "#B3B3B3", "RGB": "179, 179, 179" }, "geometry": { "type": "LineString", "coordinates": [ [ 11.422723377933439, 44.455548389261509 ], [ 11.422598087476715, 44.455413653853284 ], [ 11.42256983504199, 44.455276971500162 ], [ 11.422638159114411, 44.455127597532467 ] ] } },
{ "type": "Feature", "properties": { "CITY_NAME": "SAN_LAZZARO_DI_SAVENA", "strokeColor": "#CACC70", "RGB": "202, 204, 112" }, "geometry": { "type": "LineString", "coordinates": [ [ 11.393962588003374, 44.456430797712258 ], [ 11.394217650958044, 44.456762387928059 ], [ 11.394389983871333, 44.456995815214952 ], [ 11.394483827042276, 44.457107317706537 ], [ 11.394619748739762, 44.457288417199891 ], [ 11.394696127386773, 44.457402870522074 ], [ 11.394753296870098, 44.457499636893004 ], [ 11.394788766403678, 44.457572585592132 ] ] } },
{ "type": "Feature", "properties": { "CITY_NAME": "SAN_LAZZARO_DI_SAVENA", "strokeColor": "#CACC70", "RGB": "202, 204, 112" }, "geometry": { "type": "LineString", "coordinates": [ [ 11.409665441218566, 44.451033318063104 ], [ 11.411717798548921, 44.450938192919736 ] ] } },
{ "type": "Feature", "properties": { "CITY_NAME": "SAN_LAZZARO_DI_SAVENA", "strokeColor": "#CACC70", "RGB": "202, 204, 112" }, "geometry": { "type": "LineString", "coordinates": [ [ 11.446546823485745, 44.456207185164438 ], [ 11.446452828192564, 44.45618674355913 ], [ 11.446331923167541, 44.456167291797051 ], [ 11.446202666404389, 44.456165183280341 ], [ 11.446082856508536, 44.456172396957726 ] ] } },
{ "type": "Feature", "properties": { "CITY_NAME": "SAN_LAZZARO_DI_SAVENA", "strokeColor": "#CACC70", "RGB": "202, 204, 112" }, "geometry": { "type": "LineString", "coordinates": [ [ 11.387104577951511, 44.456535956763616 ], [ 11.386946974131895, 44.456537414026307 ], [ 11.386764307358723, 44.456561302996633 ], [ 11.386658680366573, 44.456587212656409 ], [ 11.386519112791861, 44.456638431475703 ], [ 11.386296528828606, 44.456755166474387 ], [ 11.386055688430421, 44.456895972154328 ], [ 11.385859168936213, 44.457008503721973 ], [ 11.385431433336022, 44.457283495651161 ], [ 11.385367339897924, 44.457341323763771 ], [ 11.385289343102723, 44.457444080987955 ], [ 11.385180079631022, 44.457594868691586 ], [ 11.38508018689897, 44.45776094681937 ], [ 11.38498627428387, 44.457902304737104 ], [ 11.384906481857895, 44.457961377948621 ], [ 11.384777083662547, 44.458005101744689 ], [ 11.384611168283961, 44.458054149856437 ], [ 11.38438003187458, 44.458133725858865 ], [ 11.384019152020626, 44.45829165744216 ], [ 11.383649095869254, 44.458447528835755 ], [ 11.383474056253489, 44.458504448656619 ], [ 11.383258407205615, 44.458555755759946 ], [ 11.383004410741844, 44.458596063237117 ], [ 11.382857372209644, 44.458638965654337 ], [ 11.382751006419623, 44.45869111896598 ], [ 11.382681903872683, 44.45876174472032 ], [ 11.382648310973229, 44.45883687600071 ], [ 11.382649371579193, 44.459020640678979 ], [ 11.382658160251081, 44.459332973496871 ] ] } },
{ "type": "Feature", "properties": { "CITY_NAME": "SAN_LAZZARO_DI_SAVENA", "strokeColor": "#CACC70", "RGB": "202, 204, 112" }, "geometry": { "type": "LineString", "coordinates": [ [ 11.402942379304575, 44.462707869496221 ], [ 11.402463006093056, 44.462958410390677 ] ] } },
{ "type": "Feature", "properties": { "CITY_NAME": "SAN_LAZZARO_DI_SAVENA", "strokeColor": "#B3B3B3", "RGB": "179, 179, 179" }, "geometry": { "type": "LineString", "coordinates": [ [ 11.443977736475681, 44.454997982193262 ], [ 11.444487225642535, 44.45446144292994 ] ] } },
{ "type": "Feature", "properties": { "CITY_NAME": "SAN_LAZZARO_DI_SAVENA", "strokeColor": "#CACC70", "RGB": "202, 204, 112" }, "geometry": { "type": "LineString", "coordinates": [ [ 11.415961261121414, 44.449802545649518 ], [ 11.416705513107422, 44.449462722888605 ], [ 11.417653549515633, 44.449052521721228 ] ] } },
{ "type": "Feature", "properties": { "CITY_NAME": "SAN_LAZZARO_DI_SAVENA", "strokeColor": "#B3B3B3", "RGB": "179, 179, 179" }, "geometry": { "type": "LineString", "coordinates": [ [ 11.447189503232163, 44.444291676726372 ], [ 11.447168208910387, 44.444213250331288 ], [ 11.447127568386769, 44.444151014891098 ], [ 11.447043117783245, 44.444090433406132 ] ] } },
{ "type": "Feature", "properties": { "CITY_NAME": "SAN_LAZZARO_DI_SAVENA", "strokeColor": "#70ACCC", "RGB": "112, 172, 204" }, "geometry": { "type": "LineString", "coordinates": [ [ 11.420540845230084, 44.482320155240195 ], [ 11.420594018248849, 44.482270882743443 ], [ 11.420655498262795, 44.482237568508303 ] ] } },
{ "type": "Feature", "properties": { "CITY_NAME": "SAN_LAZZARO_DI_SAVENA", "strokeColor": "#CACC70", "RGB": "202, 204, 112" }, "geometry": { "type": "LineString", "coordinates": [ [ 11.398001342879152, 44.447683236313075 ], [ 11.398179012883432, 44.447692244428403 ], [ 11.398632857100077, 44.447649334413207 ], [ 11.39873354781421, 44.447644052391752 ], [ 11.398785816319924, 44.447650933088198 ], [ 11.398829776072938, 44.447678703433915 ], [ 11.398871932285179, 44.44773679023821 ], [ 11.398935253080849, 44.447862960340217 ], [ 11.399068198765557, 44.448119948344278 ], [ 11.399059914213439, 44.448658754783317 ] ] } },
{ "type": "Feature", "properties": { "CITY_NAME": "SAN_LAZZARO_DI_SAVENA", "strokeColor": "#CACC70", "RGB": "202, 204, 112" }, "geometry": { "type": "LineString", "coordinates": [ [ 11.419072343079318, 44.448539891259152 ], [ 11.419012165650635, 44.448573133957971 ], [ 11.418937202659334, 44.44861122546606 ], [ 11.418846492085263, 44.448649891882205 ], [ 11.418752177672136, 44.448679931740038 ], [ 11.418632614852976, 44.44871630867835 ], [ 11.418347742209081, 44.44879341634153 ], [ 11.418031820191029, 44.448893662380158 ] ] } },
{ "type": "Feature", "properties": { "CITY_NAME": "SAN_LAZZARO_DI_SAVENA", "strokeColor": "#CACC70", "RGB": "202, 204, 112" }, "geometry": { "type": "LineString", "coordinates": [ [ 11.415690552071611, 44.446683799181059 ], [ 11.416039398330843, 44.44700171589178 ], [ 11.416451563299878, 44.447395889393917 ], [ 11.417065739367992, 44.447964122792904 ], [ 11.417529608109549, 44.448397036905142 ] ] } },
{ "type": "Feature", "properties": { "CITY_NAME": "SAN_LAZZARO_DI_SAVENA", "strokeColor": "#70ACCC", "RGB": "112, 172, 204" }, "geometry": { "type": "LineString", "coordinates": [ [ 11.429605323445976, 44.473282533268495 ], [ 11.429350258462263, 44.472986819431412 ], [ 11.428543528387696, 44.471999948580638 ], [ 11.428172975139049, 44.471545362334787 ], [ 11.427954153705951, 44.47127263309293 ] ] } },
{ "type": "Feature", "properties": { "CITY_NAME": "SAN_LAZZARO_DI_SAVENA", "strokeColor": "#70CC81", "RGB": "112, 204, 129" }, "geometry": { "type": "LineString", "coordinates": [ [ 11.441601872519479, 44.457655142608196 ], [ 11.442547608050198, 44.457345708950719 ] ] } },
{ "type": "Feature", "properties": { "CITY_NAME": "SAN_LAZZARO_DI_SAVENA", "strokeColor": "#B3B3B3", "RGB": "179, 179, 179" }, "geometry": { "type": "LineString", "coordinates": [ [ 11.447043117783245, 44.444090433406132 ], [ 11.446916204887165, 44.444055316771575 ], [ 11.446802851703284, 44.444046107921096 ], [ 11.44666567100499, 44.444069130461806 ] ] } },
{ "type": "Feature", "properties": { "CITY_NAME": "SAN_LAZZARO_DI_SAVENA", "strokeColor": "#B3B3B3", "RGB": "179, 179, 179" }, "geometry": { "type": "LineString", "coordinates": [ [ 11.446542046590464, 44.444129151216153 ], [ 11.446457803841861, 44.444221316186955 ], [ 11.44643404998823, 44.444323657699279 ], [ 11.446456321448435, 44.444426227266611 ] ] } },
{ "type": "Feature", "properties": { "CITY_NAME": "SAN_LAZZARO_DI_SAVENA", "strokeColor": "#CACC70", "RGB": "202, 204, 112" }, "geometry": { "type": "LineString", "coordinates": [ [ 11.410995681376333, 44.4741047223321 ], [ 11.412000035186322, 44.473684337553223 ] ] } },
{ "type": "Feature", "properties": { "CITY_NAME": "SAN_LAZZARO_DI_SAVENA", "strokeColor": "#70CC81", "RGB": "112, 204, 129" }, "geometry": { "type": "LineString", "coordinates": [ [ 11.41679578691884, 44.473432633353866 ], [ 11.416869691122105, 44.473533069025237 ] ] } },
{ "type": "Feature", "properties": { "CITY_NAME": "SAN_LAZZARO_DI_SAVENA", "strokeColor": "#70CC81", "RGB": "112, 204, 129" }, "geometry": { "type": "LineString", "coordinates": [ [ 11.414358162611471, 44.474415902196377 ], [ 11.415750974572477, 44.47384377605399 ] ] } },
{ "type": "Feature", "properties": { "CITY_NAME": "SAN_LAZZARO_DI_SAVENA", "strokeColor": "#CACC70", "RGB": "202, 204, 112" }, "geometry": { "type": "LineString", "coordinates": [ [ 11.410348948451103, 44.470977929490346 ], [ 11.412806849480122, 44.470007908592116 ], [ 11.412866217583952, 44.47000987034945 ], [ 11.412921445871634, 44.470021749530659 ], [ 11.413415632668583, 44.470624933603723 ] ] } },
{ "type": "Feature", "properties": { "CITY_NAME": "SAN_LAZZARO_DI_SAVENA", "strokeColor": "#70ACCC", "RGB": "112, 172, 204" }, "geometry": { "type": "LineString", "coordinates": [ [ 11.420947954762999, 44.482197209600216 ], [ 11.420801168943592, 44.482117009027924 ], [ 11.420626045058949, 44.481971774002929 ] ] } },
{ "type": "Feature", "properties": { "CITY_NAME": "SAN_LAZZARO_DI_SAVENA", "strokeColor": "#CACC70", "RGB": "202, 204, 112" }, "geometry": { "type": "LineString", "coordinates": [ [ 11.425839182989128, 44.458631859189254 ], [ 11.424546759199647, 44.459269816514471 ], [ 11.424489920686744, 44.459213394362656 ] ] } },
{ "type": "Feature", "properties": { "CITY_NAME": "SAN_LAZZARO_DI_SAVENA", "strokeColor": "#CACC70", "RGB": "202, 204, 112" }, "geometry": { "type": "LineString", "coordinates": [ [ 11.423619055980225, 44.459669680491338 ], [ 11.423732813187911, 44.459610173267315 ] ] } },
{ "type": "Feature", "properties": { "CITY_NAME": "SAN_LAZZARO_DI_SAVENA", "strokeColor": "#CACC70", "RGB": "202, 204, 112" }, "geometry": { "type": "LineString", "coordinates": [ [ 11.425749393672689, 44.458189739084112 ], [ 11.425231328896118, 44.457667603561241 ], [ 11.424841285190888, 44.457240224845336 ] ] } },
{ "type": "Feature", "properties": { "CITY_NAME": "SAN_LAZZARO_DI_SAVENA", "strokeColor": "#70CC81", "RGB": "112, 204, 129" }, "geometry": { "type": "LineString", "coordinates": [ [ 11.409593278315672, 44.470145826803495 ], [ 11.409888273188503, 44.470502237102608 ], [ 11.410232950068526, 44.470866448087349 ] ] } },
{ "type": "Feature", "properties": { "CITY_NAME": "SAN_LAZZARO_DI_SAVENA", "strokeColor": "#B770CC", "RGB": "183, 112, 204" }, "geometry": { "type": "LineString", "coordinates": [ [ 11.413978095181458, 44.468465973291863 ], [ 11.413915908845377, 44.46848971384145 ], [ 11.413884754954807, 44.468502230874719 ] ] } },
{ "type": "Feature", "properties": { "CITY_NAME": "SAN_LAZZARO_DI_SAVENA", "strokeColor": "#B770CC", "RGB": "183, 112, 204" }, "geometry": { "type": "LineString", "coordinates": [ [ 11.410272456183794, 44.467899247036179 ], [ 11.410123502945421, 44.467756913442585 ] ] } },
{ "type": "Feature", "properties": { "CITY_NAME": "SAN_LAZZARO_DI_SAVENA", "strokeColor": "#70ACCC", "RGB": "112, 172, 204" }, "geometry": { "type": "LineString", "coordinates": [ [ 11.430708989009322, 44.470222303309647 ], [ 11.431222781118489, 44.470010834757858 ] ] } },
{ "type": "Feature", "properties": { "CITY_NAME": "SAN_LAZZARO_DI_SAVENA", "strokeColor": "#CACC70", "RGB": "202, 204, 112" }, "geometry": { "type": "LineString", "coordinates": [ [ 11.403455021649931, 44.462458978494254 ], [ 11.40333132088444, 44.462534368198163 ], [ 11.403137017191584, 44.462625335923327 ] ] } },
{ "type": "Feature", "properties": { "CITY_NAME": "SAN_LAZZARO_DI_SAVENA", "strokeColor": "#70CC81", "RGB": "112, 204, 129" }, "geometry": { "type": "LineString", "coordinates": [ [ 11.408917502320289, 44.460953100677237 ], [ 11.408863192090271, 44.460844452600192 ], [ 11.408864671557478, 44.460750437623503 ] ] } },
{ "type": "Feature", "properties": { "CITY_NAME": "SAN_LAZZARO_DI_SAVENA", "strokeColor": "#CACC70", "RGB": "202, 204, 112" }, "geometry": { "type": "LineString", "coordinates": [ [ 11.394788766403678, 44.457572585592132 ], [ 11.394831312980585, 44.457863079215407 ], [ 11.394806071498293, 44.457973318359123 ], [ 11.394682282996634, 44.458198385428958 ], [ 11.394634249508293, 44.458279945850656 ] ] } },
{ "type": "Feature", "properties": { "CITY_NAME": "SAN_LAZZARO_DI_SAVENA", "strokeColor": "#CACC70", "RGB": "202, 204, 112" }, "geometry": { "type": "LineString", "coordinates": [ [ 11.409690837314974, 44.472431645763926 ], [ 11.406712930721698, 44.473648890463984 ], [ 11.406707697736429, 44.473651029080273 ] ] } },
{ "type": "Feature", "properties": { "CITY_NAME": "SAN_LAZZARO_DI_SAVENA", "strokeColor": "#CACC70", "RGB": "202, 204, 112" }, "geometry": { "type": "LineString", "coordinates": [ [ 11.43292556536284, 44.42718726530115 ], [ 11.431475667528733, 44.427710238512461 ] ] } },
{ "type": "Feature", "properties": { "CITY_NAME": "SAN_LAZZARO_DI_SAVENA", "strokeColor": "#CACC70", "RGB": "202, 204, 112" }, "geometry": { "type": "LineString", "coordinates": [ [ 11.432504848708348, 44.426562071132281 ], [ 11.43292556536284, 44.42718726530115 ] ] } },
{ "type": "Feature", "properties": { "CITY_NAME": "SAN_LAZZARO_DI_SAVENA", "strokeColor": "#CACC70", "RGB": "202, 204, 112" }, "geometry": { "type": "LineString", "coordinates": [ [ 11.413952072995874, 44.473968737360529 ], [ 11.415300992561468, 44.473400669671655 ] ] } },
{ "type": "Feature", "properties": { "CITY_NAME": "SAN_LAZZARO_DI_SAVENA", "strokeColor": "#70CC81", "RGB": "112, 204, 129" }, "geometry": { "type": "LineString", "coordinates": [ [ 11.43002478087794, 44.462435817054022 ], [ 11.429239822066997, 44.461469016517292 ] ] } },
{ "type": "Feature", "properties": { "CITY_NAME": "SAN_LAZZARO_DI_SAVENA", "strokeColor": "#CACC70", "RGB": "202, 204, 112" }, "geometry": { "type": "LineString", "coordinates": [ [ 11.407501982151501, 44.45119199979154 ], [ 11.407478396787008, 44.451203013184511 ], [ 11.407457648870068, 44.451216645014817 ], [ 11.407440300180117, 44.451232527832268 ], [ 11.407426818204458, 44.451250232256584 ], [ 11.407417567865513, 44.451269279755394 ], [ 11.407412799480682, 44.451289155501676 ], [ 11.407412641781994, 44.451309322024677 ], [ 11.407417098776776, 44.451329234580605 ], [ 11.407426049045871, 44.451348354671332 ], [ 11.407439252724204, 44.451366167002327 ], [ 11.407456351870021, 44.451382188477481 ], [ 11.407476885017131, 44.451395985897882 ], [ 11.407500296482556, 44.45140718836921 ] ] } },
{ "type": "Feature", "properties": { "CITY_NAME": "SAN_LAZZARO_DI_SAVENA", "strokeColor": "#B770CC", "RGB": "183, 112, 204" }, "geometry": { "type": "LineString", "coordinates": [ [ 11.406421482447261, 44.471382272172818 ], [ 11.407194961226613, 44.471079199349141 ], [ 11.407463230491198, 44.470972712645882 ] ] } },
{ "type": "Feature", "properties": { "CITY_NAME": "SAN_LAZZARO_DI_SAVENA", "strokeColor": "#70CC81", "RGB": "112, 204, 129" }, "geometry": { "type": "LineString", "coordinates": [ [ 11.403618581951777, 44.470339673643991 ], [ 11.403624739835649, 44.470396830281011 ], [ 11.403615490709184, 44.470757515581184 ] ] } },
{ "type": "Feature", "properties": { "CITY_NAME": "SAN_LAZZARO_DI_SAVENA", "strokeColor": "#B3B3B3", "RGB": "179, 179, 179" }, "geometry": { "type": "LineString", "coordinates": [ [ 11.414160640397645, 44.450639659250093 ], [ 11.414127960802123, 44.450654236933723 ], [ 11.414098811162644, 44.450672250082974 ], [ 11.414073888855032, 44.45069326803096 ], [ 11.414053790271886, 44.450716788424835 ], [ 11.414038996161494, 44.45074224743864 ], [ 11.414029859700447, 44.450769035329458 ], [ 11.414026602137296, 44.450796512734179 ], [ 11.414029298167872, 44.450824021781763 ] ] } },
{ "type": "Feature", "properties": { "CITY_NAME": "SAN_LAZZARO_DI_SAVENA", "strokeColor": "#CACC70", "RGB": "202, 204, 112" }, "geometry": { "type": "LineString", "coordinates": [ [ 11.418416047264627, 44.471888158895133 ], [ 11.419075760685102, 44.471601448990455 ] ] } },
{ "type": "Feature", "properties": { "CITY_NAME": "SAN_LAZZARO_DI_SAVENA", "strokeColor": "#70CC81", "RGB": "112, 204, 129" }, "geometry": { "type": "LineString", "coordinates": [ [ 11.41679578691884, 44.473432633353866 ], [ 11.417424086875823, 44.473186685821204 ], [ 11.417535610459293, 44.473123282729887 ], [ 11.417609696828873, 44.47305416443907 ], [ 11.417631908057597, 44.472973474525197 ], [ 11.417622045113649, 44.472898310017051 ], [ 11.417551895870801, 44.472794431927191 ], [ 11.417185549592304, 44.472411456309686 ] ] } },
{ "type": "Feature", "properties": { "CITY_NAME": "SAN_LAZZARO_DI_SAVENA", "strokeColor": "#B3B3B3", "RGB": "179, 179, 179" }, "geometry": { "type": "LineString", "coordinates": [ [ 11.418859891389339, 44.473431275306652 ], [ 11.419037310130342, 44.47324625455046 ], [ 11.419190348851174, 44.473080701581104 ], [ 11.419347983008494, 44.472894883373975 ], [ 11.419440628449683, 44.472751680634062 ], [ 11.419455317444143, 44.472715430004236 ], [ 11.419503922382336, 44.472595468203032 ], [ 11.41955776609367, 44.472418267513788 ], [ 11.419580819835208, 44.472212505983684 ], [ 11.419580252915186, 44.472007349547496 ], [ 11.419558058593612, 44.471815121032868 ] ] } },
{ "type": "Feature", "properties": { "CITY_NAME": "SAN_LAZZARO_DI_SAVENA", "strokeColor": "#CACC70", "RGB": "202, 204, 112" }, "geometry": { "type": "LineString", "coordinates": [ [ 11.419437387890335, 44.460963245868939 ], [ 11.419901640813892, 44.461459734865223 ] ] } },
{ "type": "Feature", "properties": { "CITY_NAME": "SAN_LAZZARO_DI_SAVENA", "strokeColor": "#70ACCC", "RGB": "112, 172, 204" }, "geometry": { "type": "LineString", "coordinates": [ [ 11.426213637807225, 44.468844100075501 ], [ 11.426303779976493, 44.469030911178201 ], [ 11.427954153705951, 44.47127263309293 ] ] } },
{ "type": "Feature", "properties": { "CITY_NAME": "SAN_LAZZARO_DI_SAVENA", "strokeColor": "#B770CC", "RGB": "183, 112, 204" }, "geometry": { "type": "LineString", "coordinates": [ [ 11.41589186254061, 44.467776760171958 ], [ 11.415682704018064, 44.467837570851366 ], [ 11.414312843777717, 44.468348126600809 ], [ 11.413978095181458, 44.468465973291863 ] ] } },
{ "type": "Feature", "properties": { "CITY_NAME": "SAN_LAZZARO_DI_SAVENA", "strokeColor": "#CACC70", "RGB": "202, 204, 112" }, "geometry": { "type": "LineString", "coordinates": [ [ 11.44021792636156, 44.482272063139504 ], [ 11.439435284069786, 44.482106388122347 ], [ 11.439070601124365, 44.482017784015724 ] ] } },
{ "type": "Feature", "properties": { "CITY_NAME": "SAN_LAZZARO_DI_SAVENA", "strokeColor": "#CACC70", "RGB": "202, 204, 112" }, "geometry": { "type": "LineString", "coordinates": [ [ 11.420643986871021, 44.462226638874846 ], [ 11.42114374634011, 44.462762155025416 ] ] } },
{ "type": "Feature", "properties": { "CITY_NAME": "SAN_LAZZARO_DI_SAVENA", "strokeColor": "#B3B3B3", "RGB": "179, 179, 179" }, "geometry": { "type": "LineString", "coordinates": [ [ 11.418859088695944, 44.459970711865431 ], [ 11.41882668848136, 44.460017616069543 ], [ 11.418725063797412, 44.46013257854348 ], [ 11.418645060303914, 44.460222273397136 ] ] } },
{ "type": "Feature", "properties": { "CITY_NAME": "SAN_LAZZARO_DI_SAVENA", "strokeColor": "#CACC70", "RGB": "202, 204, 112" }, "geometry": { "type": "LineString", "coordinates": [ [ 11.429559485997462, 44.459567983236667 ], [ 11.429405569611815, 44.459364795673807 ], [ 11.429259765616548, 44.459187631079352 ], [ 11.428957504695742, 44.458897659059886 ], [ 11.428730792191738, 44.458726978640271 ], [ 11.428337413302293, 44.458475452813516 ], [ 11.428040996719494, 44.458341104749955 ], [ 11.427792723384369, 44.458272565660735 ] ] } },
{ "type": "Feature", "properties": { "CITY_NAME": "SAN_LAZZARO_DI_SAVENA", "strokeColor": "#70CC81", "RGB": "112, 204, 129" }, "geometry": { "type": "LineString", "coordinates": [ [ 11.448136845353101, 44.45549543767455 ], [ 11.448391287804801, 44.455385636463909 ], [ 11.448571544382466, 44.45529950766079 ] ] } },
{ "type": "Feature", "properties": { "CITY_NAME": "SAN_LAZZARO_DI_SAVENA", "strokeColor": "#B3B3B3", "RGB": "179, 179, 179" }, "geometry": { "type": "LineString", "coordinates": [ [ 11.443684515927448, 44.455624002080448 ], [ 11.444197271019789, 44.455121374639944 ] ] } },
{ "type": "Feature", "properties": { "CITY_NAME": "SAN_LAZZARO_DI_SAVENA", "strokeColor": "#70CC81", "RGB": "112, 204, 129" }, "geometry": { "type": "LineString", "coordinates": [ [ 11.40755503321768, 44.465633313964332 ], [ 11.40742981326145, 44.465536615537445 ], [ 11.407089444493044, 44.465187750699108 ] ] } },
{ "type": "Feature", "properties": { "CITY_NAME": "SAN_LAZZARO_DI_SAVENA", "strokeColor": "#CACC70", "RGB": "202, 204, 112" }, "geometry": { "type": "LineString", "coordinates": [ [ 11.403897862773373, 44.461861835768197 ], [ 11.40400172229373, 44.46159460514378 ] ] } },
{ "type": "Feature", "properties": { "CITY_NAME": "SAN_LAZZARO_DI_SAVENA", "strokeColor": "#CACC70", "RGB": "202, 204, 112" }, "geometry": { "type": "LineString", "coordinates": [ [ 11.402463006093056, 44.462958410390677 ], [ 11.402275714273754, 44.46305131047712 ] ] } },
{ "type": "Feature", "properties": { "CITY_NAME": "SAN_LAZZARO_DI_SAVENA", "strokeColor": "#CACC70", "RGB": "202, 204, 112" }, "geometry": { "type": "LineString", "coordinates": [ [ 11.459567323106389, 44.461627402770354 ], [ 11.459796988112645, 44.461548821585581 ], [ 11.460560751755972, 44.461240266424156 ], [ 11.46094313684096, 44.461094758571605 ], [ 11.461257265024635, 44.460968286194706 ], [ 11.461605300919791, 44.460827058371066 ], [ 11.46177902070613, 44.460749368134472 ], [ 11.461933482095437, 44.46067917534991 ], [ 11.462082632647734, 44.460605556177349 ], [ 11.462302898231423, 44.460467085629283 ], [ 11.462475433816696, 44.460343383206357 ], [ 11.462671477163042, 44.460216057557872 ], [ 11.462811088490373, 44.460142644129988 ], [ 11.463013218369564, 44.460043232416311 ], [ 11.463796606026598, 44.459730691380685 ] ] } },
{ "type": "Feature", "properties": { "CITY_NAME": "SAN_LAZZARO_DI_SAVENA", "strokeColor": "#CACC70", "RGB": "202, 204, 112" }, "geometry": { "type": "LineString", "coordinates": [ [ 11.418983557965021, 44.460459192430491 ], [ 11.418885740011019, 44.460423683812117 ] ] } },
{ "type": "Feature", "properties": { "CITY_NAME": "SAN_LAZZARO_DI_SAVENA", "strokeColor": "#B3B3B3", "RGB": "179, 179, 179" }, "geometry": { "type": "LineString", "coordinates": [ [ 11.41854542052573, 44.46030536218872 ], [ 11.418885740011019, 44.460423683812117 ] ] } },
{ "type": "Feature", "properties": { "CITY_NAME": "SAN_LAZZARO_DI_SAVENA", "strokeColor": "#CACC70", "RGB": "202, 204, 112" }, "geometry": { "type": "LineString", "coordinates": [ [ 11.397333872241093, 44.452940961564508 ], [ 11.397341479944384, 44.451877727686501 ], [ 11.397344087751975, 44.451534281856034 ] ] } },
{ "type": "Feature", "properties": { "CITY_NAME": "SAN_LAZZARO_DI_SAVENA", "strokeColor": "#B3B3B3", "RGB": "179, 179, 179" }, "geometry": { "type": "LineString", "coordinates": [ [ 11.411717798548921, 44.450938192919736 ], [ 11.412857395581623, 44.450867439333862 ], [ 11.413462848597732, 44.450829810915074 ] ] } },
{ "type": "Feature", "properties": { "CITY_NAME": "SAN_LAZZARO_DI_SAVENA", "strokeColor": "#B770CC", "RGB": "183, 112, 204" }, "geometry": { "type": "LineString", "coordinates": [ [ 11.41034179287934, 44.467970180190491 ], [ 11.410272456183794, 44.467899247036179 ] ] } },
{ "type": "Feature", "properties": { "CITY_NAME": "SAN_LAZZARO_DI_SAVENA", "strokeColor": "#70CC81", "RGB": "112, 204, 129" }, "geometry": { "type": "LineString", "coordinates": [ [ 11.41034179287934, 44.467970180190491 ], [ 11.40994642601755, 44.468156225821218 ], [ 11.409739831190073, 44.467959847908467 ] ] } },
{ "type": "Feature", "properties": { "CITY_NAME": "SAN_LAZZARO_DI_SAVENA", "strokeColor": "#B770CC", "RGB": "183, 112, 204" }, "geometry": { "type": "LineString", "coordinates": [ [ 11.410940681807558, 44.468582877639406 ], [ 11.410498939957474, 44.468130944362386 ] ] } },
{ "type": "Feature", "properties": { "CITY_NAME": "SAN_LAZZARO_DI_SAVENA", "strokeColor": "#70CC81", "RGB": "112, 204, 129" }, "geometry": { "type": "LineString", "coordinates": [ [ 11.414358162611471, 44.474415902196377 ], [ 11.41444665446881, 44.474538810171772 ] ] } },
{ "type": "Feature", "properties": { "CITY_NAME": "SAN_LAZZARO_DI_SAVENA", "strokeColor": "#70CC81", "RGB": "112, 204, 129" }, "geometry": { "type": "LineString", "coordinates": [ [ 11.413636229185146, 44.473629982601373 ], [ 11.413952072995874, 44.473968737360529 ] ] } },
{ "type": "Feature", "properties": { "CITY_NAME": "SAN_LAZZARO_DI_SAVENA", "strokeColor": "#CACC70", "RGB": "202, 204, 112" }, "geometry": { "type": "LineString", "coordinates": [ [ 11.414968999324792, 44.473033459152774 ], [ 11.415300992561468, 44.473400669671655 ] ] } },
{ "type": "Feature", "properties": { "CITY_NAME": "SAN_LAZZARO_DI_SAVENA", "strokeColor": "#70ACCC", "RGB": "112, 172, 204" }, "geometry": { "type": "LineString", "coordinates": [ [ 11.420893041829357, 44.482753082335208 ], [ 11.421004717338679, 44.48273476487887 ], [ 11.421117899129298, 44.482688943960468 ] ] } },
{ "type": "Feature", "properties": { "CITY_NAME": "SAN_LAZZARO_DI_SAVENA", "strokeColor": "#CACC70", "RGB": "202, 204, 112" }, "geometry": { "type": "LineString", "coordinates": [ [ 11.424117499198623, 44.460025590584223 ], [ 11.424964231274187, 44.459465821368219 ], [ 11.425041324720793, 44.45944479196897 ], [ 11.425101755981233, 44.459466511639512 ], [ 11.425937746836462, 44.46010372573469 ], [ 11.426030214418832, 44.460124843293471 ], [ 11.426098142915929, 44.460103983654491 ], [ 11.426392133026459, 44.459898782506997 ], [ 11.426431503116577, 44.459852262759327 ], [ 11.42654495257611, 44.459248766969452 ], [ 11.426455291908491, 44.459185033873112 ] ] } },
{ "type": "Feature", "properties": { "CITY_NAME": "SAN_LAZZARO_DI_SAVENA", "strokeColor": "#CACC70", "RGB": "202, 204, 112" }, "geometry": { "type": "LineString", "coordinates": [ [ 11.415158047506496, 44.446208969314398 ], [ 11.415247024601488, 44.446278986340261 ], [ 11.415484606437516, 44.446500011072025 ], [ 11.415690552071611, 44.446683799181059 ] ] } },
{ "type": "Feature", "properties": { "CITY_NAME": "SAN_LAZZARO_DI_SAVENA", "strokeColor": "#B3B3B3", "RGB": "179, 179, 179" }, "geometry": { "type": "LineString", "coordinates": [ [ 11.446718429547236, 44.444589304532713 ], [ 11.446598282246322, 44.444610800555409 ], [ 11.44649845004424, 44.444644474651319 ], [ 11.446412404436547, 44.44469204225009 ], [ 11.446244784745177, 44.444769948510782 ] ] } },
{ "type": "Feature", "properties": { "CITY_NAME": "SAN_LAZZARO_DI_SAVENA", "strokeColor": "#B3B3B3", "RGB": "179, 179, 179" }, "geometry": { "type": "LineString", "coordinates": [ [ 11.422341458705604, 44.446817839214475 ], [ 11.42226559865253, 44.446845315337264 ], [ 11.422136866213865, 44.446895427795397 ], [ 11.42195548190861, 44.446984611445778 ], [ 11.421773633640106, 44.447073802849481 ], [ 11.421649105893863, 44.447147032548685 ], [ 11.421553822058883, 44.447198370323449 ], [ 11.421440444912514, 44.447272087963661 ], [ 11.42124194605468, 44.447407321894396 ], [ 11.421141039159579, 44.447490929706206 ], [ 11.421037151007813, 44.447569764440892 ], [ 11.420947103616884, 44.447624374738311 ], [ 11.420853786919908, 44.447667208628957 ], [ 11.420725272292795, 44.447722633628047 ], [ 11.420372481023795, 44.447873226617148 ], [ 11.42010062608689, 44.447995752825143 ], [ 11.419788142618922, 44.448134126317974 ], [ 11.419590337452783, 44.448230181193395 ], [ 11.4194396272466, 44.448309765634946 ], [ 11.419311947761134, 44.448385476781304 ], [ 11.419175430028323, 44.448471769531913 ], [ 11.419072343079318, 44.448539891259152 ] ] } },
{ "type": "Feature", "properties": { "CITY_NAME": "SAN_LAZZARO_DI_SAVENA", "strokeColor": "#CACC70", "RGB": "202, 204, 112" }, "geometry": { "type": "LineString", "coordinates": [ [ 11.443352042265582, 44.45784988527123 ], [ 11.443201090836588, 44.457261034617581 ], [ 11.444085654669184, 44.456935217212887 ], [ 11.444069158568952, 44.45682186640893 ] ] } },
{ "type": "Feature", "properties": { "CITY_NAME": "SAN_LAZZARO_DI_SAVENA", "strokeColor": "#CACC70", "RGB": "202, 204, 112" }, "geometry": { "type": "LineString", "coordinates": [ [ 11.405567412160577, 44.459640738615725 ], [ 11.405984817682654, 44.459604571962586 ] ] } },
{ "type": "Feature", "properties": { "CITY_NAME": "SAN_LAZZARO_DI_SAVENA", "strokeColor": "#CACC70", "RGB": "202, 204, 112" }, "geometry": { "type": "LineString", "coordinates": [ [ 11.40868523286494, 44.458283636242861 ], [ 11.408650984754937, 44.458230821191279 ], [ 11.408602503373906, 44.458166287947698 ], [ 11.408556706946202, 44.45813011211353 ], [ 11.408488492604114, 44.458106439463037 ], [ 11.408383035917554, 44.458083176206557 ], [ 11.408308195087114, 44.458063602607403 ], [ 11.408217697491725, 44.458023185991863 ], [ 11.408117748005335, 44.457973334990228 ] ] } },
{ "type": "Feature", "properties": { "CITY_NAME": "SAN_LAZZARO_DI_SAVENA", "strokeColor": "#70CC81", "RGB": "112, 204, 129" }, "geometry": { "type": "LineString", "coordinates": [ [ 11.409184572085623, 44.461309608362207 ], [ 11.410743127931649, 44.460869767879963 ] ] } },
{ "type": "Feature", "properties": { "CITY_NAME": "SAN_LAZZARO_DI_SAVENA", "strokeColor": "#70ACCC", "RGB": "112, 172, 204" }, "geometry": { "type": "LineString", "coordinates": [ [ 11.420531061635966, 44.482610961827959 ], [ 11.420584425334308, 44.482663277728072 ], [ 11.420663154547151, 44.482710494992958 ], [ 11.420765767501472, 44.482742725039543 ], [ 11.420893041829357, 44.482753082335208 ] ] } },
{ "type": "Feature", "properties": { "CITY_NAME": "SAN_LAZZARO_DI_SAVENA", "strokeColor": "#70ACCC", "RGB": "112, 172, 204" }, "geometry": { "type": "LineString", "coordinates": [ [ 11.421312277361496, 44.483260645602122 ], [ 11.42113099795163, 44.482944147041039 ] ] } },
{ "type": "Feature", "properties": { "CITY_NAME": "SAN_LAZZARO_DI_SAVENA", "strokeColor": "#CACC70", "RGB": "202, 204, 112" }, "geometry": { "type": "LineString", "coordinates": [ [ 11.427399182536966, 44.458161229742039 ], [ 11.427102596476811, 44.458072344272118 ], [ 11.426893126860719, 44.457988185953603 ], [ 11.426531819381834, 44.457817392620136 ] ] } },
{ "type": "Feature", "properties": { "CITY_NAME": "SAN_LAZZARO_DI_SAVENA", "strokeColor": "#70CC81", "RGB": "112, 204, 129" }, "geometry": { "type": "LineString", "coordinates": [ [ 11.41444665446881, 44.474538810171772 ], [ 11.414763097636955, 44.474871222926197 ], [ 11.414842925474627, 44.474954976097884 ] ] } },
{ "type": "Feature", "properties": { "CITY_NAME": "SAN_LAZZARO_DI_SAVENA", "strokeColor": "#70CC81", "RGB": "112, 204, 129" }, "geometry": { "type": "LineString", "coordinates": [ [ 11.41357312085221, 44.467999641748932 ], [ 11.413978095181458, 44.468465973291863 ] ] } },
{ "type": "Feature", "properties": { "CITY_NAME": "SAN_LAZZARO_DI_SAVENA", "strokeColor": "#CACC70", "RGB": "202, 204, 112" }, "geometry": { "type": "LineString", "coordinates": [ [ 11.423732813187911, 44.459610173267315 ], [ 11.424489920686744, 44.459213394362656 ] ] } },
{ "type": "Feature", "properties": { "CITY_NAME": "SAN_LAZZARO_DI_SAVENA", "strokeColor": "#70CC81", "RGB": "112, 204, 129" }, "geometry": { "type": "LineString", "coordinates": [ [ 11.403706177351108, 44.462684382287826 ], [ 11.404376126037526, 44.462348137887908 ] ] } },
{ "type": "Feature", "properties": { "CITY_NAME": "SAN_LAZZARO_DI_SAVENA", "strokeColor": "#70CC81", "RGB": "112, 204, 129" }, "geometry": { "type": "LineString", "coordinates": [ [ 11.412062882277915, 44.466215428968681 ], [ 11.412806989719391, 44.465917150872251 ] ] } },
{ "type": "Feature", "properties": { "CITY_NAME": "SAN_LAZZARO_DI_SAVENA", "strokeColor": "#70ACCC", "RGB": "112, 172, 204" }, "geometry": { "type": "LineString", "coordinates": [ [ 11.429306769291584, 44.470769442266125 ], [ 11.430271768602191, 44.470404206065048 ] ] } },
{ "type": "Feature", "properties": { "CITY_NAME": "SAN_LAZZARO_DI_SAVENA", "strokeColor": "#CACC70", "RGB": "202, 204, 112" }, "geometry": { "type": "LineString", "coordinates": [ [ 11.433738082860382, 44.460859913590937 ], [ 11.433686869913755, 44.460859728889034 ], [ 11.433648870471385, 44.460869725299602 ], [ 11.433618493890824, 44.460887408565156 ], [ 11.433607232556581, 44.460925615386046 ], [ 11.433588344520732, 44.460956134518185 ], [ 11.433554629245599, 44.460981742827528 ], [ 11.433221115725061, 44.461101603021881 ], [ 11.433168126874566, 44.461102761321513 ], [ 11.433119620308132, 44.461078957028342 ], [ 11.433092673947979, 44.461045520399743 ], [ 11.433094701956543, 44.461004905979415 ], [ 11.433129827834151, 44.460968801296318 ], [ 11.433492406801593, 44.460844365096236 ], [ 11.433511819553068, 44.460826923698541 ], [ 11.433510924437304, 44.460804691912273 ], [ 11.43347410431236, 44.46075314643916 ] ] } },
{ "type": "Feature", "properties": { "CITY_NAME": "SAN_LAZZARO_DI_SAVENA", "strokeColor": "#CACC70", "RGB": "202, 204, 112" }, "geometry": { "type": "LineString", "coordinates": [ [ 11.403137017191584, 44.462625335923327 ], [ 11.402942379304575, 44.462707869496221 ] ] } },
{ "type": "Feature", "properties": { "CITY_NAME": "SAN_LAZZARO_DI_SAVENA", "strokeColor": "#70CC81", "RGB": "112, 204, 129" }, "geometry": { "type": "LineString", "coordinates": [ [ 11.409004616294936, 44.4628115355926 ], [ 11.409500775375802, 44.46239961007695 ], [ 11.409539366141463, 44.462352603968348 ], [ 11.40955432761713, 44.462315886970707 ], [ 11.409560191274311, 44.462261902333132 ], [ 11.409538518198515, 44.462190427991949 ], [ 11.409222791065993, 44.461563708214953 ] ] } },
{ "type": "Feature", "properties": { "CITY_NAME": "SAN_LAZZARO_DI_SAVENA", "strokeColor": "#CACC70", "RGB": "202, 204, 112" }, "geometry": { "type": "LineString", "coordinates": [ [ 11.404197209106693, 44.461113751640383 ], [ 11.404253144483668, 44.460982844889166 ], [ 11.404340813519457, 44.460810369912828 ], [ 11.404517087304338, 44.460548877743612 ], [ 11.404683510099414, 44.4603467769453 ], [ 11.40488581360604, 44.460138897430916 ] ] } },
{ "type": "Feature", "properties": { "CITY_NAME": "SAN_LAZZARO_DI_SAVENA", "strokeColor": "#B3B3B3", "RGB": "179, 179, 179" }, "geometry": { "type": "LineString", "coordinates": [ [ 11.446718429547236, 44.444589304532713 ], [ 11.44684572315195, 44.444593073245208 ], [ 11.446951049681793, 44.444573278367599 ], [ 11.447037357887137, 44.444532011979895 ] ] } },
{ "type": "Feature", "properties": { "CITY_NAME": "SAN_LAZZARO_DI_SAVENA", "strokeColor": "#70CC81", "RGB": "112, 204, 129" }, "geometry": { "type": "LineString", "coordinates": [ [ 11.416363827755392, 44.47649475802109 ], [ 11.416186583856119, 44.476358911012447 ], [ 11.415473848921497, 44.475609402382958 ], [ 11.415350198645003, 44.475487765811785 ] ] } },
{ "type": "Feature", "properties": { "CITY_NAME": "SAN_LAZZARO_DI_SAVENA", "strokeColor": "#B3B3B3", "RGB": "179, 179, 179" }, "geometry": { "type": "LineString", "coordinates": [ [ 11.421232102808936, 44.482579002810148 ], [ 11.42144328117686, 44.482506082024763 ], [ 11.421646052705976, 44.482468829208607 ] ] } },
{ "type": "Feature", "properties": { "CITY_NAME": "SAN_LAZZARO_DI_SAVENA", "strokeColor": "#CACC70", "RGB": "202, 204, 112" }, "geometry": { "type": "LineString", "coordinates": [ [ 11.414160640397645, 44.450639659250093 ], [ 11.41408296450104, 44.450489792144133 ], [ 11.41386245448429, 44.450224660733767 ], [ 11.413724972274686, 44.450059356333377 ], [ 11.413565850232903, 44.449869839385009 ], [ 11.413242755269756, 44.449598874149672 ], [ 11.413224025748487, 44.449539828404831 ], [ 11.413236034047783, 44.449492263899231 ], [ 11.413272096764359, 44.449463599645803 ], [ 11.413473120447692, 44.449370789855635 ], [ 11.413504232271752, 44.449334952472789 ], [ 11.413507085441013, 44.449291220367229 ], [ 11.413465947602523, 44.449218059662648 ] ] } },
{ "type": "Feature", "properties": { "CITY_NAME": "SAN_LAZZARO_DI_SAVENA", "strokeColor": "#CACC70", "RGB": "202, 204, 112" }, "geometry": { "type": "LineString", "coordinates": [ [ 11.415089707055769, 44.47699714988061 ], [ 11.41530987809894, 44.476911331277435 ], [ 11.416185308967503, 44.476621412374712 ], [ 11.41634086196505, 44.476600818541591 ] ] } },
{ "type": "Feature", "properties": { "CITY_NAME": "SAN_LAZZARO_DI_SAVENA", "strokeColor": "#B3B3B3", "RGB": "179, 179, 179" }, "geometry": { "type": "LineString", "coordinates": [ [ 11.416363827755392, 44.47649475802109 ], [ 11.416349907750543, 44.476510478635042 ], [ 11.416339769477117, 44.476527619928987 ], [ 11.416333689257032, 44.476545717822404 ], [ 11.41633183049059, 44.476564283617044 ], [ 11.416334242956781, 44.476582817515428 ], [ 11.41634086196505, 44.476600818541591 ] ] } },
{ "type": "Feature", "properties": { "CITY_NAME": "SAN_LAZZARO_DI_SAVENA", "strokeColor": "#B3B3B3", "RGB": "179, 179, 179" }, "geometry": { "type": "LineString", "coordinates": [ [ 11.425282286330166, 44.462026594905375 ], [ 11.4257204070062, 44.462449396824304 ], [ 11.426940183098965, 44.463626692866072 ] ] } },
{ "type": "Feature", "properties": { "CITY_NAME": "SAN_LAZZARO_DI_SAVENA", "strokeColor": "#B3B3B3", "RGB": "179, 179, 179" }, "geometry": { "type": "LineString", "coordinates": [ [ 11.407323422586391, 44.470799509797878 ], [ 11.407558661993047, 44.470704563964809 ], [ 11.40748646491091, 44.470618925195424 ], [ 11.407257672954929, 44.470718060668212 ] ] } },
{ "type": "Feature", "properties": { "CITY_NAME": "SAN_LAZZARO_DI_SAVENA", "strokeColor": "#CACC70", "RGB": "202, 204, 112" }, "geometry": { "type": "LineString", "coordinates": [ [ 11.417363219704839, 44.472335899074693 ], [ 11.418416047264627, 44.471888158895133 ] ] } },
{ "type": "Feature", "properties": { "CITY_NAME": "SAN_LAZZARO_DI_SAVENA", "strokeColor": "#B3B3B3", "RGB": "179, 179, 179" }, "geometry": { "type": "LineString", "coordinates": [ [ 11.416643426651197, 44.476590907841228 ], [ 11.416647751755505, 44.476572298830206 ], [ 11.416647703213803, 44.476553434011571 ], [ 11.416643282511874, 44.476534836404831 ], [ 11.41663461406422, 44.476517021925247 ], [ 11.416621937081523, 44.476500485151909 ], [ 11.416605602389057, 44.476485683190511 ], [ 11.416586063261036, 44.476473026865001 ] ] } },
{ "type": "Feature", "properties": { "CITY_NAME": "SAN_LAZZARO_DI_SAVENA", "strokeColor": "#CACC70", "RGB": "202, 204, 112" }, "geometry": { "type": "LineString", "coordinates": [ [ 11.40137159073479, 44.461527990528886 ], [ 11.400946080846365, 44.461001806297212 ], [ 11.400709775720395, 44.460720193960867 ], [ 11.400500431326293, 44.460475226508528 ], [ 11.400393247877068, 44.460391689019104 ], [ 11.399928133418001, 44.460159861493487 ], [ 11.399603850752282, 44.459990046349134 ], [ 11.399491404132279, 44.459910717535458 ], [ 11.399429556802595, 44.459858731026209 ], [ 11.39937583192075, 44.459796794208074 ], [ 11.399370325989018, 44.45974537712236 ], [ 11.39938704629183, 44.45961085598374 ], [ 11.399387468945397, 44.45949534074191 ], [ 11.399377695682949, 44.459454357364052 ] ] } },
{ "type": "Feature", "properties": { "CITY_NAME": "SAN_LAZZARO_DI_SAVENA", "strokeColor": "#70CC81", "RGB": "112, 204, 129" }, "geometry": { "type": "LineString", "coordinates": [ [ 11.428350199024587, 44.463072769197467 ], [ 11.429511186098297, 44.462624427547887 ], [ 11.43002478087794, 44.462435817054022 ] ] } },
{ "type": "Feature", "properties": { "CITY_NAME": "SAN_LAZZARO_DI_SAVENA", "strokeColor": "#CACC70", "RGB": "202, 204, 112" }, "geometry": { "type": "LineString", "coordinates": [ [ 11.439070601124365, 44.482017784015724 ], [ 11.437694369014583, 44.481670015147081 ], [ 11.436802613958832, 44.481454334466328 ] ] } },
{ "type": "Feature", "properties": { "CITY_NAME": "SAN_LAZZARO_DI_SAVENA", "strokeColor": "#CACC70", "RGB": "202, 204, 112" }, "geometry": { "type": "LineString", "coordinates": [ [ 11.42114374634011, 44.462762155025416 ], [ 11.421672355391337, 44.463333018755293 ], [ 11.421952734182389, 44.463621252345767 ] ] } },
{ "type": "Feature", "properties": { "CITY_NAME": "SAN_LAZZARO_DI_SAVENA", "strokeColor": "#B3B3B3", "RGB": "179, 179, 179" }, "geometry": { "type": "LineString", "coordinates": [ [ 11.449103891529905, 44.46030627504723 ], [ 11.449215554975302, 44.46040239755915 ], [ 11.449341070299353, 44.460518420105579 ], [ 11.449423088758964, 44.460578785433981 ], [ 11.449633743135829, 44.460717632572361 ], [ 11.449874747345703, 44.460851048467305 ], [ 11.45004568388533, 44.460917468668022 ], [ 11.45022175051764, 44.460982020283581 ], [ 11.450501115342657, 44.461060615548675 ], [ 11.45070863379374, 44.461139876684172 ] ] } },
{ "type": "Feature", "properties": { "CITY_NAME": "SAN_LAZZARO_DI_SAVENA", "strokeColor": "#B3B3B3", "RGB": "179, 179, 179" }, "geometry": { "type": "LineString", "coordinates": [ [ 11.418645060303914, 44.460222273397136 ], [ 11.418813645366495, 44.460295599867621 ], [ 11.418909697747331, 44.460377163752874 ], [ 11.418983557965021, 44.460459192430491 ] ] } },
{ "type": "Feature", "properties": { "CITY_NAME": "SAN_LAZZARO_DI_SAVENA", "strokeColor": "#CACC70", "RGB": "202, 204, 112" }, "geometry": { "type": "LineString", "coordinates": [ [ 11.3600364283755, 44.44596100674184 ], [ 11.360591404728734, 44.44555908532319 ] ] } },
{ "type": "Feature", "properties": { "CITY_NAME": "SAN_LAZZARO_DI_SAVENA", "strokeColor": "#B3B3B3", "RGB": "179, 179, 179" }, "geometry": { "type": "LineString", "coordinates": [ [ 11.406083547314115, 44.457697410701449 ], [ 11.406093882426774, 44.457676525533415 ], [ 11.406099245413062, 44.457654702662808 ], [ 11.406099490131227, 44.457632545645716 ], [ 11.406094607737112, 44.457610665046573 ], [ 11.406084734957023, 44.457589665660009 ], [ 11.406070144482714, 44.457570126907676 ], [ 11.40605123680726, 44.457552587705955 ], [ 11.406028535939516, 44.457537533952866 ], [ 11.40600266849685, 44.4575253791634 ], [ 11.405974348449975, 44.457516460289717 ], [ 11.405944356400909, 44.457511022854 ], [ 11.405913521853522, 44.457509217721181 ] ] } },
{ "type": "Feature", "properties": { "CITY_NAME": "SAN_LAZZARO_DI_SAVENA", "strokeColor": "#CACC70", "RGB": "202, 204, 112" }, "geometry": { "type": "LineString", "coordinates": [ [ 11.411968287119134, 44.447847544498671 ], [ 11.412104303783259, 44.447792685651798 ], [ 11.412343181641656, 44.447670294719309 ], [ 11.412633215606281, 44.447569687903218 ], [ 11.412733360560921, 44.44751250124903 ] ] } },
{ "type": "Feature", "properties": { "CITY_NAME": "SAN_LAZZARO_DI_SAVENA", "strokeColor": "#CACC70", "RGB": "202, 204, 112" }, "geometry": { "type": "LineString", "coordinates": [ [ 11.413942007900879, 44.446796640100807 ], [ 11.414246927911265, 44.446705140144765 ], [ 11.414455309078837, 44.446575988685645 ], [ 11.414643665949137, 44.446444550620903 ], [ 11.415158047506496, 44.446208969314398 ] ] } },
{ "type": "Feature", "properties": { "CITY_NAME": "SAN_LAZZARO_DI_SAVENA", "strokeColor": "#B770CC", "RGB": "183, 112, 204" }, "geometry": { "type": "LineString", "coordinates": [ [ 11.402677765569237, 44.472793682268829 ], [ 11.402895439743089, 44.472711597898254 ], [ 11.403006984301767, 44.472669533032544 ], [ 11.403293710620156, 44.472561401844949 ], [ 11.404044033225958, 44.472286219365976 ], [ 11.40522213100293, 44.471835482827437 ] ] } },
{ "type": "Feature", "properties": { "CITY_NAME": "SAN_LAZZARO_DI_SAVENA", "strokeColor": "#70CC81", "RGB": "112, 204, 129" }, "geometry": { "type": "LineString", "coordinates": [ [ 11.410232950068526, 44.470866448087349 ], [ 11.410348948451103, 44.470977929490346 ] ] } },
{ "type": "Feature", "properties": { "CITY_NAME": "SAN_LAZZARO_DI_SAVENA", "strokeColor": "#B3B3B3", "RGB": "179, 179, 179" }, "geometry": { "type": "LineString", "coordinates": [ [ 11.378823973670444, 44.459187112167406 ], [ 11.378335811722366, 44.458909232164885 ], [ 11.378046700339414, 44.458739668943686 ] ] } },
{ "type": "Feature", "properties": { "CITY_NAME": "SAN_LAZZARO_DI_SAVENA", "strokeColor": "#CACC70", "RGB": "202, 204, 112" }, "geometry": { "type": "LineString", "coordinates": [ [ 11.394303641191989, 44.458746249537185 ], [ 11.394334209434813, 44.458660718125799 ], [ 11.39437898006357, 44.458586955027279 ], [ 11.394476636194463, 44.458472383718025 ], [ 11.394634249508293, 44.458279945850656 ] ] } },
{ "type": "Feature", "properties": { "CITY_NAME": "SAN_LAZZARO_DI_SAVENA", "strokeColor": "#CACC70", "RGB": "202, 204, 112" }, "geometry": { "type": "LineString", "coordinates": [ [ 11.405615836978022, 44.458013057507749 ], [ 11.405677450969272, 44.457902232224264 ], [ 11.405748304099268, 44.457822415290018 ], [ 11.405816853009505, 44.457757099687441 ] ] } },
{ "type": "Feature", "properties": { "CITY_NAME": "SAN_LAZZARO_DI_SAVENA", "strokeColor": "#CACC70", "RGB": "202, 204, 112" }, "geometry": { "type": "LineString", "coordinates": [ [ 11.393308391258399, 44.45527993704026 ], [ 11.393443566632824, 44.455519858813027 ], [ 11.393609108374063, 44.455837161369551 ], [ 11.39381875507202, 44.456200797184877 ] ] } },
{ "type": "Feature", "properties": { "CITY_NAME": "SAN_LAZZARO_DI_SAVENA", "strokeColor": "#B770CC", "RGB": "183, 112, 204" }, "geometry": { "type": "LineString", "coordinates": [ [ 11.408431528083929, 44.470598646645357 ], [ 11.409025396871687, 44.470367190808666 ] ] } },
{ "type": "Feature", "properties": { "CITY_NAME": "SAN_LAZZARO_DI_SAVENA", "strokeColor": "#B3B3B3", "RGB": "179, 179, 179" }, "geometry": { "type": "LineString", "coordinates": [ [ 11.423220921081496, 44.45507147173317 ], [ 11.423351438640765, 44.455211587997752 ], [ 11.423353799769053, 44.455382729102922 ], [ 11.423249733435801, 44.455511307261389 ] ] } },
{ "type": "Feature", "properties": { "CITY_NAME": "SAN_LAZZARO_DI_SAVENA", "strokeColor": "#CACC70", "RGB": "202, 204, 112" }, "geometry": { "type": "LineString", "coordinates": [ [ 11.414383840491871, 44.450637339669818 ], [ 11.414436852996882, 44.450563101730097 ], [ 11.414496765365023, 44.450495177211934 ], [ 11.414569223040042, 44.450437129668735 ], [ 11.414695106955429, 44.450351783998293 ], [ 11.415184352544244, 44.450136881375158 ], [ 11.415453296180509, 44.450011599885528 ], [ 11.415689469418327, 44.449929328131297 ] ] } },
{ "type": "Feature", "properties": { "CITY_NAME": "SAN_LAZZARO_DI_SAVENA", "strokeColor": "#CACC70", "RGB": "202, 204, 112" }, "geometry": { "type": "LineString", "coordinates": [ [ 11.418430294465796, 44.460401367351189 ], [ 11.418555231340163, 44.460398110875751 ], [ 11.418751693046882, 44.460399179649038 ], [ 11.418885740011019, 44.460423683812117 ] ] } },
{ "type": "Feature", "properties": { "CITY_NAME": "SAN_LAZZARO_DI_SAVENA", "strokeColor": "#CACC70", "RGB": "202, 204, 112" }, "geometry": { "type": "LineString", "coordinates": [ [ 11.397374344059914, 44.455103676059686 ], [ 11.397342901377579, 44.454933888710933 ], [ 11.39732493409136, 44.454498906962627 ], [ 11.397337183468142, 44.454019112895899 ], [ 11.397332205340994, 44.453319117017259 ] ] } },
{ "type": "Feature", "properties": { "CITY_NAME": "SAN_LAZZARO_DI_SAVENA", "strokeColor": "#CACC70", "RGB": "202, 204, 112" }, "geometry": { "type": "LineString", "coordinates": [ [ 11.397332205340994, 44.453319117017259 ], [ 11.397415271168281, 44.453315810563964 ], [ 11.397521577363927, 44.453301808758802 ], [ 11.397622794504118, 44.453292229604635 ], [ 11.39781995210727, 44.45327278935023 ], [ 11.397979506203013, 44.453254139586583 ], [ 11.398075442836783, 44.453244278441709 ] ] } },
{ "type": "Feature", "properties": { "CITY_NAME": "SAN_LAZZARO_DI_SAVENA", "strokeColor": "#B3B3B3", "RGB": "179, 179, 179" }, "geometry": { "type": "LineString", "coordinates": [ [ 11.407741274973448, 44.451252365943553 ], [ 11.407867623896987, 44.451196573647941 ], [ 11.408019090178929, 44.451152090734169 ], [ 11.408182383677687, 44.451110284867042 ] ] } },
{ "type": "Feature", "properties": { "CITY_NAME": "SAN_LAZZARO_DI_SAVENA", "strokeColor": "#CACC70", "RGB": "202, 204, 112" }, "geometry": { "type": "LineString", "coordinates": [ [ 11.40488581360604, 44.460138897430916 ], [ 11.405017490958926, 44.459995421285399 ], [ 11.405182183922856, 44.459739444887347 ], [ 11.405269323172103, 44.459554089477173 ], [ 11.405344988964067, 44.459264506621381 ] ] } },
{ "type": "Feature", "properties": { "CITY_NAME": "SAN_LAZZARO_DI_SAVENA", "strokeColor": "#CACC70", "RGB": "202, 204, 112" }, "geometry": { "type": "LineString", "coordinates": [ [ 11.40137159073479, 44.461527990528886 ], [ 11.401929842038401, 44.461299612730585 ] ] } },
{ "type": "Feature", "properties": { "CITY_NAME": "SAN_LAZZARO_DI_SAVENA", "strokeColor": "#B3B3B3", "RGB": "179, 179, 179" }, "geometry": { "type": "LineString", "coordinates": [ [ 11.443519071304712, 44.455790492097925 ], [ 11.443684515927448, 44.455624002080448 ] ] } },
{ "type": "Feature", "properties": { "CITY_NAME": "SAN_LAZZARO_DI_SAVENA", "strokeColor": "#70ACCC", "RGB": "112, 172, 204" }, "geometry": { "type": "LineString", "coordinates": [ [ 11.454122154353344, 44.453250003976692 ], [ 11.454303606508436, 44.453184451901734 ], [ 11.454781004828227, 44.452993641574118 ] ] } },
{ "type": "Feature", "properties": { "CITY_NAME": "SAN_LAZZARO_DI_SAVENA", "strokeColor": "#CACC70", "RGB": "202, 204, 112" }, "geometry": { "type": "LineString", "coordinates": [ [ 11.414340874821013, 44.473310904871504 ], [ 11.413839414764311, 44.472737647782395 ] ] } },
{ "type": "Feature", "properties": { "CITY_NAME": "SAN_LAZZARO_DI_SAVENA", "strokeColor": "#CACC70", "RGB": "202, 204, 112" }, "geometry": { "type": "LineString", "coordinates": [ [ 11.433738082860382, 44.460859913590937 ], [ 11.43347410431236, 44.46075314643916 ] ] } },
{ "type": "Feature", "properties": { "CITY_NAME": "SAN_LAZZARO_DI_SAVENA", "strokeColor": "#B770CC", "RGB": "183, 112, 204" }, "geometry": { "type": "LineString", "coordinates": [ [ 11.404246053866876, 44.469901823698507 ], [ 11.404024287822386, 44.469883005575618 ], [ 11.403644537580806, 44.46940315733044 ], [ 11.40363889651049, 44.469370002465467 ], [ 11.403666716967029, 44.469338548511374 ], [ 11.40371378782744, 44.469318175623229 ], [ 11.403757247180401, 44.469318326393278 ], [ 11.403786364774817, 44.469331532250884 ] ] } },
{ "type": "Feature", "properties": { "CITY_NAME": "SAN_LAZZARO_DI_SAVENA", "strokeColor": "#70ACCC", "RGB": "112, 172, 204" }, "geometry": { "type": "LineString", "coordinates": [ [ 11.420655498262795, 44.482237568508303 ], [ 11.420750019772772, 44.482204337668449 ], [ 11.420842308810244, 44.482194044083471 ], [ 11.420947954762999, 44.482197209600216 ] ] } },
{ "type": "Feature", "properties": { "CITY_NAME": "SAN_LAZZARO_DI_SAVENA", "strokeColor": "#B770CC", "RGB": "183, 112, 204" }, "geometry": { "type": "LineString", "coordinates": [ [ 11.404246053866876, 44.469901823698507 ], [ 11.403808938407581, 44.469353795689841 ], [ 11.403786364774817, 44.469331532250884 ] ] } },
{ "type": "Feature", "properties": { "CITY_NAME": "SAN_LAZZARO_DI_SAVENA", "strokeColor": "#CACC70", "RGB": "202, 204, 112" }, "geometry": { "type": "LineString", "coordinates": [ [ 11.396987188192956, 44.447986940644022 ], [ 11.397096900864158, 44.447979821341441 ], [ 11.397425379471615, 44.447942540177898 ], [ 11.397613350610216, 44.447906659937274 ], [ 11.397730311564057, 44.447853168238787 ], [ 11.397879335567847, 44.447762336968609 ], [ 11.398001342879152, 44.447683236313075 ] ] } },
{ "type": "Feature", "properties": { "CITY_NAME": "SAN_LAZZARO_DI_SAVENA", "strokeColor": "#B3B3B3", "RGB": "179, 179, 179" }, "geometry": { "type": "LineString", "coordinates": [ [ 11.414250644117672, 44.462828128435923 ], [ 11.414284320965423, 44.462820440954523 ], [ 11.414324209421254, 44.462818189305338 ] ] } },
{ "type": "Feature", "properties": { "CITY_NAME": "SAN_LAZZARO_DI_SAVENA", "strokeColor": "#70CC81", "RGB": "112, 204, 129" }, "geometry": { "type": "LineString", "coordinates": [ [ 11.412933878441926, 44.472953617502895 ], [ 11.41304660947282, 44.473023863939098 ], [ 11.413213327033342, 44.473170167200344 ], [ 11.413636229185146, 44.473629982601373 ] ] } },
{ "type": "Feature", "properties": { "CITY_NAME": "SAN_LAZZARO_DI_SAVENA", "strokeColor": "#70ACCC", "RGB": "112, 172, 204" }, "geometry": { "type": "LineString", "coordinates": [ [ 11.420531061635966, 44.482610961827959 ], [ 11.42049071007037, 44.482538540881791 ], [ 11.42048001475151, 44.482461695590352 ], [ 11.420502106319583, 44.482378835439512 ], [ 11.420540845230084, 44.482320155240195 ] ] } },
{ "type": "Feature", "properties": { "CITY_NAME": "SAN_LAZZARO_DI_SAVENA", "strokeColor": "#70CC81", "RGB": "112, 204, 129" }, "geometry": { "type": "LineString", "coordinates": [ [ 11.404376126037526, 44.462348137887908 ], [ 11.403897862773373, 44.461861835768197 ] ] } },
{ "type": "Feature", "properties": { "CITY_NAME": "SAN_LAZZARO_DI_SAVENA", "strokeColor": "#CACC70", "RGB": "202, 204, 112" }, "geometry": { "type": "LineString", "coordinates": [ [ 11.422153720392082, 44.458608620595243 ], [ 11.422325454688844, 44.458780109871491 ], [ 11.422869744802991, 44.459149836688809 ], [ 11.423619055980225, 44.459669680491338 ] ] } },
{ "type": "Feature", "properties": { "CITY_NAME": "SAN_LAZZARO_DI_SAVENA", "strokeColor": "#CACC70", "RGB": "202, 204, 112" }, "geometry": { "type": "LineString", "coordinates": [ [ 11.433872196588169, 44.460916903551592 ], [ 11.433738082860382, 44.460859913590937 ] ] } },
{ "type": "Feature", "properties": { "CITY_NAME": "SAN_LAZZARO_DI_SAVENA", "strokeColor": "#70CC81", "RGB": "112, 204, 129" }, "geometry": { "type": "LineString", "coordinates": [ [ 11.408094441442351, 44.465990928072955 ], [ 11.407927339133252, 44.465915587466881 ], [ 11.407750035515452, 44.465805829630511 ], [ 11.407615089051657, 44.465693558584576 ], [ 11.40755503321768, 44.465633313964332 ] ] } },
{ "type": "Feature", "properties": { "CITY_NAME": "SAN_LAZZARO_DI_SAVENA", "strokeColor": "#70ACCC", "RGB": "112, 172, 204" }, "geometry": { "type": "LineString", "coordinates": [ [ 11.431222781118489, 44.470010834757858 ], [ 11.432151166893961, 44.469640751110695 ] ] } },
{ "type": "Feature", "properties": { "CITY_NAME": "SAN_LAZZARO_DI_SAVENA", "strokeColor": "#70CC81", "RGB": "112, 204, 129" }, "geometry": { "type": "LineString", "coordinates": [ [ 11.407089444493044, 44.465187750699108 ], [ 11.406971348944495, 44.465064415836657 ], [ 11.406665593820378, 44.464724440042048 ] ] } },
{ "type": "Feature", "properties": { "CITY_NAME": "SAN_LAZZARO_DI_SAVENA", "strokeColor": "#70CC81", "RGB": "112, 204, 129" }, "geometry": { "type": "LineString", "coordinates": [ [ 11.408991573597433, 44.462893948922364 ], [ 11.409004616294936, 44.4628115355926 ] ] } },
{ "type": "Feature", "properties": { "CITY_NAME": "SAN_LAZZARO_DI_SAVENA", "strokeColor": "#70ACCC", "RGB": "112, 172, 204" }, "geometry": { "type": "LineString", "coordinates": [ [ 11.431056139028941, 44.466581059306257 ], [ 11.430865570706272, 44.466310480440768 ] ] } },
{ "type": "Feature", "properties": { "CITY_NAME": "SAN_LAZZARO_DI_SAVENA", "strokeColor": "#70CC81", "RGB": "112, 204, 129" }, "geometry": { "type": "LineString", "coordinates": [ [ 11.405307983320554, 44.46329563614669 ], [ 11.404523215674349, 44.462492676307981 ], [ 11.404376126037526, 44.462348137887908 ] ] } },
{ "type": "Feature", "properties": { "CITY_NAME": "SAN_LAZZARO_DI_SAVENA", "strokeColor": "#70CC81", "RGB": "112, 204, 129" }, "geometry": { "type": "LineString", "coordinates": [ [ 11.408864671557478, 44.460750437623503 ], [ 11.408920424852463, 44.460793307311313 ], [ 11.409184572085623, 44.461309608362207 ] ] } },
{ "type": "Feature", "properties": { "CITY_NAME": "SAN_LAZZARO_DI_SAVENA", "strokeColor": "#CACC70", "RGB": "202, 204, 112" }, "geometry": { "type": "LineString", "coordinates": [ [ 11.417048937248707, 44.465149984490431 ], [ 11.41669415965349, 44.464799352234934 ], [ 11.416211265785842, 44.464310081571931 ] ] } },
{ "type": "Feature", "properties": { "CITY_NAME": "SAN_LAZZARO_DI_SAVENA", "strokeColor": "#CACC70", "RGB": "202, 204, 112" }, "geometry": { "type": "LineString", "coordinates": [ [ 11.361043060016454, 44.446750247614624 ], [ 11.3600364283755, 44.44596100674184 ] ] } },
{ "type": "Feature", "properties": { "CITY_NAME": "SAN_LAZZARO_DI_SAVENA", "strokeColor": "#B3B3B3", "RGB": "179, 179, 179" }, "geometry": { "type": "LineString", "coordinates": [ [ 11.419929354384283, 44.475062577973304 ], [ 11.419674822077585, 44.474857643174765 ], [ 11.419347710392508, 44.474552422175648 ], [ 11.418967999152397, 44.474144801156491 ], [ 11.418899652465161, 44.474022027069303 ], [ 11.418847529827916, 44.473889351090442 ], [ 11.418829677549233, 44.473700995223282 ], [ 11.418836791255924, 44.473552721965916 ], [ 11.418859891389339, 44.473431275306652 ] ] } },
{ "type": "Feature", "properties": { "CITY_NAME": "SAN_LAZZARO_DI_SAVENA", "strokeColor": "#70CC81", "RGB": "112, 204, 129" }, "geometry": { "type": "LineString", "coordinates": [ [ 11.405307983320554, 44.46329563614669 ], [ 11.405168790190791, 44.463359259257558 ], [ 11.405040272567398, 44.463396794559571 ], [ 11.404908096605121, 44.463418660310666 ], [ 11.40475766677022, 44.463437782041112 ], [ 11.404633856102635, 44.463442130406648 ], [ 11.404519046148865, 44.463444702784436 ], [ 11.404403982689189, 44.463440980354441 ], [ 11.404315475383743, 44.463420915086552 ], [ 11.40426290763385, 44.463392170496142 ], [ 11.404184771935306, 44.463329352912382 ], [ 11.404097028091046, 44.463251127087332 ], [ 11.404019112685654, 44.463191583502422 ], [ 11.403948033814773, 44.463152315630509 ], [ 11.403864503767437, 44.463103896779209 ], [ 11.40377215263514, 44.463061961849206 ], [ 11.403688866887338, 44.463019823352077 ], [ 11.403636223707597, 44.46298800026311 ], [ 11.403567677751679, 44.462936102160505 ], [ 11.403432269122048, 44.462797695832847 ] ] } },
{ "type": "Feature", "properties": { "CITY_NAME": "SAN_LAZZARO_DI_SAVENA", "strokeColor": "#CACC70", "RGB": "202, 204, 112" }, "geometry": { "type": "LineString", "coordinates": [ [ 11.405913521853522, 44.457509217721181 ], [ 11.405846082802581, 44.457277487277878 ], [ 11.405826540265936, 44.457179570672956 ], [ 11.40582849079024, 44.457050823526707 ], [ 11.405972736507268, 44.456294888341631 ], [ 11.406189307038987, 44.455354031370746 ] ] } },
{ "type": "Feature", "properties": { "CITY_NAME": "SAN_LAZZARO_DI_SAVENA", "strokeColor": "#B3B3B3", "RGB": "179, 179, 179" }, "geometry": { "type": "LineString", "coordinates": [ [ 11.41634086196505, 44.476600818541591 ], [ 11.4163518716343, 44.476618269293496 ], [ 11.416366829722124, 44.476634142932191 ], [ 11.4163853076306, 44.476647986695561 ], [ 11.416406777230335, 44.476659403943941 ], [ 11.416430626567191, 44.476668069132231 ], [ 11.416456173978679, 44.476673734713437 ], [ 11.416482688528951, 44.476676238808608 ], [ 11.416509414101538, 44.476675510098453 ] ] } },
{ "type": "Feature", "properties": { "CITY_NAME": "SAN_LAZZARO_DI_SAVENA", "strokeColor": "#CACC70", "RGB": "202, 204, 112" }, "geometry": { "type": "LineString", "coordinates": [ [ 11.423421852801148, 44.456977304762034 ], [ 11.424038607502073, 44.457608039257579 ] ] } },
{ "type": "Feature", "properties": { "CITY_NAME": "SAN_LAZZARO_DI_SAVENA", "strokeColor": "#B770CC", "RGB": "183, 112, 204" }, "geometry": { "type": "LineString", "coordinates": [ [ 11.407323422586391, 44.470799509797878 ], [ 11.407463230491198, 44.470972712645882 ] ] } },
{ "type": "Feature", "properties": { "CITY_NAME": "SAN_LAZZARO_DI_SAVENA", "strokeColor": "#70CC81", "RGB": "112, 204, 129" }, "geometry": { "type": "LineString", "coordinates": [ [ 11.415750974572477, 44.47384377605399 ], [ 11.41679578691884, 44.473432633353866 ] ] } },
{ "type": "Feature", "properties": { "CITY_NAME": "SAN_LAZZARO_DI_SAVENA", "strokeColor": "#CACC70", "RGB": "202, 204, 112" }, "geometry": { "type": "LineString", "coordinates": [ [ 11.414968999324792, 44.473033459152774 ], [ 11.415318762083242, 44.472873380304364 ], [ 11.414839497579711, 44.472312071636686 ] ] } },
{ "type": "Feature", "properties": { "CITY_NAME": "SAN_LAZZARO_DI_SAVENA", "strokeColor": "#70CC81", "RGB": "112, 204, 129" }, "geometry": { "type": "LineString", "coordinates": [ [ 11.425971003964078, 44.463983195325916 ], [ 11.426940183098965, 44.463626692866072 ] ] } },
{ "type": "Feature", "properties": { "CITY_NAME": "SAN_LAZZARO_DI_SAVENA", "strokeColor": "#CACC70", "RGB": "202, 204, 112" }, "geometry": { "type": "LineString", "coordinates": [ [ 11.419901640813892, 44.461459734865223 ], [ 11.420643986871021, 44.462226638874846 ] ] } },
{ "type": "Feature", "properties": { "CITY_NAME": "SAN_LAZZARO_DI_SAVENA", "strokeColor": "#70CC81", "RGB": "112, 204, 129" }, "geometry": { "type": "LineString", "coordinates": [ [ 11.42390583555304, 44.464738833589394 ], [ 11.424290818047977, 44.46459628693259 ] ] } },
{ "type": "Feature", "properties": { "CITY_NAME": "SAN_LAZZARO_DI_SAVENA", "strokeColor": "#B3B3B3", "RGB": "179, 179, 179" }, "geometry": { "type": "LineString", "coordinates": [ [ 11.42089198110215, 44.465850200486742 ], [ 11.421543251407245, 44.465614416411491 ], [ 11.421667771042264, 44.465580813061294 ], [ 11.421764934119501, 44.465566660336059 ], [ 11.422007914333442, 44.465543443202854 ] ] } },
{ "type": "Feature", "properties": { "CITY_NAME": "SAN_LAZZARO_DI_SAVENA", "strokeColor": "#B3B3B3", "RGB": "179, 179, 179" }, "geometry": { "type": "LineString", "coordinates": [ [ 11.431477272387287, 44.462048233452968 ], [ 11.431444106088019, 44.462022110313889 ], [ 11.43140540310508, 44.462000239997806 ], [ 11.431362212544879, 44.461983215032284 ], [ 11.431315706311153, 44.461971497493188 ], [ 11.43126714585372, 44.461965405309449 ], [ 11.431217847811332, 44.461965102191982 ], [ 11.431169148846937, 44.461970598383019 ], [ 11.431122368891071, 44.461981743336572 ], [ 11.431078777606638, 44.461998235435104 ] ] } },
{ "type": "Feature", "properties": { "CITY_NAME": "SAN_LAZZARO_DI_SAVENA", "strokeColor": "#B3B3B3", "RGB": "179, 179, 179" }, "geometry": { "type": "LineString", "coordinates": [ [ 11.431374721627522, 44.46237036625876 ], [ 11.431415573037363, 44.462352550505834 ], [ 11.43145194249211, 44.46233030369055 ], [ 11.431482899394929, 44.462304192098237 ], [ 11.431507655642118, 44.462274883409648 ], [ 11.431525578579048, 44.462243125718395 ], [ 11.431536210347501, 44.462209729113098 ], [ 11.431539279622164, 44.46217554562115 ], [ 11.431534709541451, 44.462141448333583 ], [ 11.431522614222773, 44.462108308072395 ], [ 11.431503304069313, 44.462076969870836 ], [ 11.431477272387287, 44.462048233452968 ] ] } },
{ "type": "Feature", "properties": { "CITY_NAME": "SAN_LAZZARO_DI_SAVENA", "strokeColor": "#CACC70", "RGB": "202, 204, 112" }, "geometry": { "type": "LineString", "coordinates": [ [ 11.413465947602523, 44.449218059662648 ], [ 11.412859429711046, 44.448689538464222 ], [ 11.412542572265902, 44.448411804403676 ], [ 11.412312069829204, 44.448202883785804 ] ] } },
{ "type": "Feature", "properties": { "CITY_NAME": "SAN_LAZZARO_DI_SAVENA", "strokeColor": "#70CC81", "RGB": "112, 204, 129" }, "geometry": { "type": "LineString", "coordinates": [ [ 11.414842925474627, 44.474954976097884 ], [ 11.415002919843202, 44.475122842410535 ], [ 11.415193196382509, 44.475322925482587 ] ] } },
{ "type": "Feature", "properties": { "CITY_NAME": "SAN_LAZZARO_DI_SAVENA", "strokeColor": "#CACC70", "RGB": "202, 204, 112" }, "geometry": { "type": "LineString", "coordinates": [ [ 11.438048365748172, 44.424895385790556 ], [ 11.437293739579003, 44.425312940880154 ], [ 11.437254761818922, 44.425331174340954 ] ] } },
{ "type": "Feature", "properties": { "CITY_NAME": "SAN_LAZZARO_DI_SAVENA", "strokeColor": "#70ACCC", "RGB": "112, 172, 204" }, "geometry": { "type": "LineString", "coordinates": [ [ 11.421217777661374, 44.48234045172417 ], [ 11.421141441038667, 44.482274109402894 ], [ 11.421056387543937, 44.482228549838055 ], [ 11.420947954762999, 44.482197209600216 ] ] } },
{ "type": "Feature", "properties": { "CITY_NAME": "SAN_LAZZARO_DI_SAVENA", "strokeColor": "#B3B3B3", "RGB": "179, 179, 179" }, "geometry": { "type": "LineString", "coordinates": [ [ 11.443684515927448, 44.455624002080448 ], [ 11.443448504931148, 44.455510703082226 ] ] } },
{ "type": "Feature", "properties": { "CITY_NAME": "SAN_LAZZARO_DI_SAVENA", "strokeColor": "#B3B3B3", "RGB": "179, 179, 179" }, "geometry": { "type": "LineString", "coordinates": [ [ 11.444197271019789, 44.455121374639944 ], [ 11.443977736475681, 44.454997982193262 ] ] } },
{ "type": "Feature", "properties": { "CITY_NAME": "SAN_LAZZARO_DI_SAVENA", "strokeColor": "#B3B3B3", "RGB": "179, 179, 179" }, "geometry": { "type": "LineString", "coordinates": [ [ 11.407741274973448, 44.451252365943553 ], [ 11.407728058733793, 44.451234249623269 ], [ 11.407710827768652, 44.451217957288833 ], [ 11.407690058099904, 44.451203939833036 ], [ 11.407666328826073, 44.451192587457619 ], [ 11.407640296379029, 44.451184214911734 ], [ 11.407612684219595, 44.451179055407913 ], [ 11.407584259790925, 44.451177250305015 ], [ 11.407555811989846, 44.451178851384057 ], [ 11.407528129524238, 44.45118381410277 ], [ 11.407501982151501, 44.45119199979154 ] ] } },
{ "type": "Feature", "properties": { "CITY_NAME": "SAN_LAZZARO_DI_SAVENA", "strokeColor": "#70CC81", "RGB": "112, 204, 129" }, "geometry": { "type": "LineString", "coordinates": [ [ 11.411629329971253, 44.465833543645545 ], [ 11.411245372319192, 44.465404870380709 ], [ 11.41039537603397, 44.464470553141894 ], [ 11.410076809756163, 44.464107193619952 ] ] } },
{ "type": "Feature", "properties": { "CITY_NAME": "SAN_LAZZARO_DI_SAVENA", "strokeColor": "#B3B3B3", "RGB": "179, 179, 179" }, "geometry": { "type": "LineString", "coordinates": [ [ 11.378046700339414, 44.458739668943686 ], [ 11.377952700337914, 44.458670772829542 ], [ 11.37784739177456, 44.458624171334804 ], [ 11.377599736880581, 44.458561431046824 ] ] } },
{ "type": "Feature", "properties": { "CITY_NAME": "SAN_LAZZARO_DI_SAVENA", "strokeColor": "#CACC70", "RGB": "202, 204, 112" }, "geometry": { "type": "LineString", "coordinates": [ [ 11.388771091554991, 44.452293884981607 ], [ 11.388621099820275, 44.452619275582315 ], [ 11.388470427405498, 44.452997850666648 ], [ 11.388319495137578, 44.453327227079342 ], [ 11.388126514672877, 44.453654749746406 ], [ 11.388033163934461, 44.453852617017304 ], [ 11.387976357262939, 44.454003245461017 ], [ 11.38795222773518, 44.454097606262934 ], [ 11.387966314720373, 44.45418569851946 ], [ 11.387981593058544, 44.454260098955956 ], [ 11.388056498022323, 44.454424369470289 ], [ 11.38809526954631, 44.454560239026939 ], [ 11.38812210706574, 44.454746474977682 ], [ 11.388130094883374, 44.454985045938734 ], [ 11.388143337110378, 44.455351970000393 ], [ 11.388138467670972, 44.455869344081975 ], [ 11.388151093894926, 44.456090375370707 ], [ 11.38813609894539, 44.456235490061019 ], [ 11.38810796877951, 44.456359025655985 ], [ 11.388072737119813, 44.45647998020717 ], [ 11.387994567571262, 44.456535359368054 ], [ 11.387901590063365, 44.456571016484787 ], [ 11.387756283277309, 44.456567706414774 ], [ 11.38747421749731, 44.456556351615731 ], [ 11.387177759667042, 44.456535279861008 ], [ 11.387104577951511, 44.456535956763616 ] ] } },
{ "type": "Feature", "properties": { "CITY_NAME": "SAN_LAZZARO_DI_SAVENA", "strokeColor": "#B3B3B3", "RGB": "179, 179, 179" }, "geometry": { "type": "LineString", "coordinates": [ [ 11.418859088695944, 44.459970711865431 ], [ 11.418875654406612, 44.460174259380878 ], [ 11.418901522670998, 44.460343891352672 ], [ 11.418983557965021, 44.460459192430491 ] ] } },
{ "type": "Feature", "properties": { "CITY_NAME": "SAN_LAZZARO_DI_SAVENA", "strokeColor": "#70CC81", "RGB": "112, 204, 129" }, "geometry": { "type": "LineString", "coordinates": [ [ 11.437701318304173, 44.459319010573303 ], [ 11.438241318253819, 44.459003387959896 ], [ 11.438315156445052, 44.458950440016643 ] ] } },
{ "type": "Feature", "properties": { "CITY_NAME": "SAN_LAZZARO_DI_SAVENA", "strokeColor": "#B3B3B3", "RGB": "179, 179, 179" }, "geometry": { "type": "LineString", "coordinates": [ [ 11.420575361900632, 44.457856486669755 ], [ 11.420256363946502, 44.458276118021317 ], [ 11.419843167033052, 44.458721094574962 ], [ 11.419639803339834, 44.45894346870201 ] ] } },
{ "type": "Feature", "properties": { "CITY_NAME": "SAN_LAZZARO_DI_SAVENA", "strokeColor": "#CACC70", "RGB": "202, 204, 112" }, "geometry": { "type": "LineString", "coordinates": [ [ 11.397314960059683, 44.44997050746651 ], [ 11.397274074967747, 44.449901474113844 ], [ 11.397185871329526, 44.449819629787775 ], [ 11.39713721184075, 44.449741687687229 ], [ 11.397102579666974, 44.449636600643281 ], [ 11.397094240543437, 44.449434613446144 ], [ 11.397067311107605, 44.44905708347757 ] ] } },
{ "type": "Feature", "properties": { "CITY_NAME": "SAN_LAZZARO_DI_SAVENA", "strokeColor": "#70CC81", "RGB": "112, 204, 129" }, "geometry": { "type": "LineString", "coordinates": [ [ 11.438315156445052, 44.458950440016643 ], [ 11.438465470984802, 44.458845965860007 ], [ 11.438667952996701, 44.45870525601174 ], [ 11.439020628216777, 44.458534752931037 ], [ 11.439625550535455, 44.458306225992288 ], [ 11.440025225622858, 44.4581823373655 ] ] } },
{ "type": "Feature", "properties": { "CITY_NAME": "SAN_LAZZARO_DI_SAVENA", "strokeColor": "#CACC70", "RGB": "202, 204, 112" }, "geometry": { "type": "LineString", "coordinates": [ [ 11.446767195696388, 44.45623119904883 ], [ 11.446906373418038, 44.45633061335667 ] ] } },
{ "type": "Feature", "properties": { "CITY_NAME": "SAN_LAZZARO_DI_SAVENA", "strokeColor": "#B3B3B3", "RGB": "179, 179, 179" }, "geometry": { "type": "LineString", "coordinates": [ [ 11.444740956588632, 44.454588531323132 ], [ 11.444892185322697, 44.454440316827252 ], [ 11.445022244805493, 44.454176562149115 ] ] } },
{ "type": "Feature", "properties": { "CITY_NAME": "SAN_LAZZARO_DI_SAVENA", "strokeColor": "#B3B3B3", "RGB": "179, 179, 179" }, "geometry": { "type": "LineString", "coordinates": [ [ 11.445022244805493, 44.454176562149115 ], [ 11.445091214514921, 44.454026412805234 ], [ 11.445298359035183, 44.453806871390356 ], [ 11.445446290016305, 44.453670844322367 ], [ 11.445467819128249, 44.453608659304749 ], [ 11.445491190563212, 44.453544934076092 ], [ 11.44544106996185, 44.453395754905216 ], [ 11.445352704120848, 44.453231580099811 ] ] } },
{ "type": "Feature", "properties": { "CITY_NAME": "SAN_LAZZARO_DI_SAVENA", "strokeColor": "#B3B3B3", "RGB": "179, 179, 179" }, "geometry": { "type": "LineString", "coordinates": [ [ 11.456378781446299, 44.452407753386922 ], [ 11.456598316935967, 44.452326580523938 ] ] } },
{ "type": "Feature", "properties": { "CITY_NAME": "SAN_LAZZARO_DI_SAVENA", "strokeColor": "#CACC70", "RGB": "202, 204, 112" }, "geometry": { "type": "LineString", "coordinates": [ [ 11.401929842038401, 44.461299612730585 ], [ 11.402059484719063, 44.461246605153129 ] ] } },
{ "type": "Feature", "properties": { "CITY_NAME": "SAN_LAZZARO_DI_SAVENA", "strokeColor": "#CACC70", "RGB": "202, 204, 112" }, "geometry": { "type": "LineString", "coordinates": [ [ 11.396616335475374, 44.466713928187943 ], [ 11.396637798317842, 44.466687903849476 ], [ 11.396787453487338, 44.466506448745939 ], [ 11.397197412727566, 44.466160698726654 ], [ 11.397274298145, 44.466050877177402 ] ] } },
{ "type": "Feature", "properties": { "CITY_NAME": "SAN_LAZZARO_DI_SAVENA", "strokeColor": "#CACC70", "RGB": "202, 204, 112" }, "geometry": { "type": "LineString", "coordinates": [ [ 11.40868523286494, 44.458283636242861 ], [ 11.408873543056554, 44.45824913202361 ], [ 11.408947663816486, 44.458251069902225 ], [ 11.409037300370196, 44.458270322734371 ], [ 11.409172616293048, 44.458320357397739 ], [ 11.409273551071463, 44.458374658278615 ], [ 11.409388131948097, 44.458400429814823 ], [ 11.409481195628297, 44.458424422764011 ] ] } },
{ "type": "Feature", "properties": { "CITY_NAME": "SAN_LAZZARO_DI_SAVENA", "strokeColor": "#70CC81", "RGB": "112, 204, 129" }, "geometry": { "type": "LineString", "coordinates": [ [ 11.409480958687578, 44.46188873724126 ], [ 11.409648471414643, 44.462220523656619 ], [ 11.409665326669213, 44.462277407404045 ] ] } },
{ "type": "Feature", "properties": { "CITY_NAME": "SAN_LAZZARO_DI_SAVENA", "strokeColor": "#CACC70", "RGB": "202, 204, 112" }, "geometry": { "type": "LineString", "coordinates": [ [ 11.415300992561468, 44.473400669671655 ], [ 11.415634713963181, 44.473779549614328 ] ] } },
{ "type": "Feature", "properties": { "CITY_NAME": "SAN_LAZZARO_DI_SAVENA", "strokeColor": "#B3B3B3", "RGB": "179, 179, 179" }, "geometry": { "type": "LineString", "coordinates": [ [ 11.443337308998062, 44.455642526544395 ], [ 11.442646573624012, 44.455991156274401 ] ] } },
{ "type": "Feature", "properties": { "CITY_NAME": "SAN_LAZZARO_DI_SAVENA", "strokeColor": "#70ACCC", "RGB": "112, 172, 204" }, "geometry": { "type": "LineString", "coordinates": [ [ 11.420655498262795, 44.482237568508303 ], [ 11.420646942776122, 44.482115309294066 ], [ 11.420626045058949, 44.481971774002929 ] ] } },
{ "type": "Feature", "properties": { "CITY_NAME": "SAN_LAZZARO_DI_SAVENA", "strokeColor": "#70ACCC", "RGB": "112, 172, 204" }, "geometry": { "type": "LineString", "coordinates": [ [ 11.42113099795163, 44.482944147041039 ], [ 11.421028080226261, 44.482836040956045 ], [ 11.420893041829357, 44.482753082335208 ] ] } },
{ "type": "Feature", "properties": { "CITY_NAME": "SAN_LAZZARO_DI_SAVENA", "strokeColor": "#CACC70", "RGB": "202, 204, 112" }, "geometry": { "type": "LineString", "coordinates": [ [ 11.396879040814975, 44.445529927784754 ], [ 11.396774974438395, 44.445450897278839 ], [ 11.39651580261434, 44.445166447180405 ] ] } },
{ "type": "Feature", "properties": { "CITY_NAME": "SAN_LAZZARO_DI_SAVENA", "strokeColor": "#CACC70", "RGB": "202, 204, 112" }, "geometry": { "type": "LineString", "coordinates": [ [ 11.396987188192956, 44.447986940644022 ], [ 11.396951731606825, 44.447868182324868 ], [ 11.396795832254426, 44.447422137610033 ], [ 11.39666967567916, 44.44710607670261 ], [ 11.396608367325443, 44.447027695000244 ], [ 11.396326487987857, 44.44664006577176 ], [ 11.396203445977605, 44.446472177313389 ], [ 11.39611848805743, 44.446338538410039 ], [ 11.396057225882855, 44.446186861329082 ], [ 11.395953137227933, 44.445959616461188 ], [ 11.395693862626787, 44.44567199864138 ], [ 11.395442962634535, 44.445438406690947 ], [ 11.395084175200553, 44.445105205733654 ] ] } },
{ "type": "Feature", "properties": { "CITY_NAME": "SAN_LAZZARO_DI_SAVENA", "strokeColor": "#70CC81", "RGB": "112, 204, 129" }, "geometry": { "type": "LineString", "coordinates": [ [ 11.410348948451103, 44.470977929490346 ], [ 11.410638090261521, 44.4712882285028 ], [ 11.411170419766714, 44.471842993822619 ] ] } },
{ "type": "Feature", "properties": { "CITY_NAME": "SAN_LAZZARO_DI_SAVENA", "strokeColor": "#70ACCC", "RGB": "112, 172, 204" }, "geometry": { "type": "LineString", "coordinates": [ [ 11.421232102808936, 44.482579002810148 ], [ 11.421260674156374, 44.482498291730067 ], [ 11.421255198796747, 44.482419041929845 ], [ 11.421217777661374, 44.48234045172417 ] ] } },
{ "type": "Feature", "properties": { "CITY_NAME": "SAN_LAZZARO_DI_SAVENA", "strokeColor": "#70ACCC", "RGB": "112, 172, 204" }, "geometry": { "type": "LineString", "coordinates": [ [ 11.421117899129298, 44.482688943960468 ], [ 11.421185964248536, 44.482634892744514 ], [ 11.421232102808936, 44.482579002810148 ] ] } },
{ "type": "Feature", "properties": { "CITY_NAME": "SAN_LAZZARO_DI_SAVENA", "strokeColor": "#B770CC", "RGB": "183, 112, 204" }, "geometry": { "type": "LineString", "coordinates": [ [ 11.411704557706022, 44.469325287980169 ], [ 11.410940681807558, 44.468582877639406 ] ] } },
{ "type": "Feature", "properties": { "CITY_NAME": "SAN_LAZZARO_DI_SAVENA", "strokeColor": "#CACC70", "RGB": "202, 204, 112" }, "geometry": { "type": "LineString", "coordinates": [ [ 11.4099773719689, 44.47279608456747 ], [ 11.40970401727798, 44.472913294083106 ], [ 11.410367652376152, 44.473765790816969 ], [ 11.410636024332108, 44.473662070918721 ] ] } },
{ "type": "Feature", "properties": { "CITY_NAME": "SAN_LAZZARO_DI_SAVENA", "strokeColor": "#70ACCC", "RGB": "112, 172, 204" }, "geometry": { "type": "LineString", "coordinates": [ [ 11.417658331221405, 44.478251412077476 ], [ 11.417229260818701, 44.477719257262095 ], [ 11.417178273405479, 44.477657100905191 ], [ 11.417152774100165, 44.477623329259345 ] ] } },
{ "type": "Feature", "properties": { "CITY_NAME": "SAN_LAZZARO_DI_SAVENA", "strokeColor": "#70CC81", "RGB": "112, 204, 129" }, "geometry": { "type": "LineString", "coordinates": [ [ 11.409566342564638, 44.467224558663311 ], [ 11.409337649314157, 44.467005648379811 ], [ 11.409243082409903, 44.466910613256871 ] ] } },
{ "type": "Feature", "properties": { "CITY_NAME": "SAN_LAZZARO_DI_SAVENA", "strokeColor": "#70CC81", "RGB": "112, 204, 129" }, "geometry": { "type": "LineString", "coordinates": [ [ 11.413675037683946, 44.466468609319264 ], [ 11.41260669764849, 44.466856852932587 ] ] } },
{ "type": "Feature", "properties": { "CITY_NAME": "SAN_LAZZARO_DI_SAVENA", "strokeColor": "#70CC81", "RGB": "112, 204, 129" }, "geometry": { "type": "LineString", "coordinates": [ [ 11.410076809756163, 44.464107193619952 ], [ 11.40988752384901, 44.463891742068164 ] ] } },
{ "type": "Feature", "properties": { "CITY_NAME": "SAN_LAZZARO_DI_SAVENA", "strokeColor": "#CACC70", "RGB": "202, 204, 112" }, "geometry": { "type": "LineString", "coordinates": [ [ 11.40400172229373, 44.46159460514378 ], [ 11.404062905163849, 44.461437179697853 ], [ 11.404185560921208, 44.461146465817436 ], [ 11.404197209106693, 44.461113751640383 ] ] } },
{ "type": "Feature", "properties": { "CITY_NAME": "SAN_LAZZARO_DI_SAVENA", "strokeColor": "#70CC81", "RGB": "112, 204, 129" }, "geometry": { "type": "LineString", "coordinates": [ [ 11.409222791065993, 44.461563708214953 ], [ 11.408917502320289, 44.460953100677237 ] ] } },
{ "type": "Feature", "properties": { "CITY_NAME": "SAN_LAZZARO_DI_SAVENA", "strokeColor": "#CACC70", "RGB": "202, 204, 112" }, "geometry": { "type": "LineString", "coordinates": [ [ 11.394351780544513, 44.458885759099473 ], [ 11.394315833972311, 44.458815661512638 ] ] } },
{ "type": "Feature", "properties": { "CITY_NAME": "SAN_LAZZARO_DI_SAVENA", "strokeColor": "#70ACCC", "RGB": "112, 172, 204" }, "geometry": { "type": "LineString", "coordinates": [ [ 11.429677593740919, 44.465128984197094 ], [ 11.430110575584864, 44.465304209339152 ] ] } },
{ "type": "Feature", "properties": { "CITY_NAME": "SAN_LAZZARO_DI_SAVENA", "strokeColor": "#70ACCC", "RGB": "112, 172, 204" }, "geometry": { "type": "LineString", "coordinates": [ [ 11.430110575584864, 44.465304209339152 ], [ 11.429995051209428, 44.465025149756869 ], [ 11.429739567414417, 44.464662689151808 ], [ 11.429607648526019, 44.464579155660211 ], [ 11.42940708891555, 44.4646501092924 ], [ 11.429402748284943, 44.464770194795534 ], [ 11.429677593740919, 44.465128984197094 ] ] } },
{ "type": "Feature", "properties": { "CITY_NAME": "SAN_LAZZARO_DI_SAVENA", "strokeColor": "#CACC70", "RGB": "202, 204, 112" }, "geometry": { "type": "LineString", "coordinates": [ [ 11.416211265785842, 44.464310081571931 ], [ 11.415784387874604, 44.463863161821585 ] ] } },
{ "type": "Feature", "properties": { "CITY_NAME": "SAN_LAZZARO_DI_SAVENA", "strokeColor": "#CACC70", "RGB": "202, 204, 112" }, "geometry": { "type": "LineString", "coordinates": [ [ 11.459567323106389, 44.461627402770354 ], [ 11.458629165316152, 44.461998907910505 ], [ 11.458386279181363, 44.462088868999679 ] ] } },
{ "type": "Feature", "properties": { "CITY_NAME": "SAN_LAZZARO_DI_SAVENA", "strokeColor": "#CACC70", "RGB": "202, 204, 112" }, "geometry": { "type": "LineString", "coordinates": [ [ 11.362944833490907, 44.44548988446352 ], [ 11.361697384793567, 44.446395935420746 ] ] } },
{ "type": "Feature", "properties": { "CITY_NAME": "SAN_LAZZARO_DI_SAVENA", "strokeColor": "#CACC70", "RGB": "202, 204, 112" }, "geometry": { "type": "LineString", "coordinates": [ [ 11.433276468612846, 44.427046397176852 ], [ 11.433034361266106, 44.427148175126987 ], [ 11.43292556536284, 44.42718726530115 ] ] } },
{ "type": "Feature", "properties": { "CITY_NAME": "SAN_LAZZARO_DI_SAVENA", "strokeColor": "#CACC70", "RGB": "202, 204, 112" }, "geometry": { "type": "LineString", "coordinates": [ [ 11.426531819381834, 44.457817392620136 ], [ 11.425749393672689, 44.458189739084112 ] ] } },
{ "type": "Feature", "properties": { "CITY_NAME": "SAN_LAZZARO_DI_SAVENA", "strokeColor": "#CACC70", "RGB": "202, 204, 112" }, "geometry": { "type": "LineString", "coordinates": [ [ 11.434487742416374, 44.425947433313716 ], [ 11.433369389693885, 44.426468585504644 ], [ 11.433231966510773, 44.426525253527579 ], [ 11.433104298346137, 44.426564430152432 ], [ 11.433025551316753, 44.426603450714275 ], [ 11.433006921430714, 44.426659350995124 ], [ 11.433017772779806, 44.426820758900227 ] ] } },
{ "type": "Feature", "properties": { "CITY_NAME": "SAN_LAZZARO_DI_SAVENA", "strokeColor": "#CACC70", "RGB": "202, 204, 112" }, "geometry": { "type": "LineString", "coordinates": [ [ 11.423732813187911, 44.459610173267315 ], [ 11.423574728472117, 44.459443000280359 ], [ 11.424333172791179, 44.45905779840372 ] ] } },
{ "type": "Feature", "properties": { "CITY_NAME": "SAN_LAZZARO_DI_SAVENA", "strokeColor": "#CACC70", "RGB": "202, 204, 112" }, "geometry": { "type": "LineString", "coordinates": [ [ 11.424333172791179, 44.45905779840372 ], [ 11.423816779287485, 44.458545225916815 ], [ 11.423259334860411, 44.45801847191693 ] ] } },
{ "type": "Feature", "properties": { "CITY_NAME": "SAN_LAZZARO_DI_SAVENA", "strokeColor": "#B770CC", "RGB": "183, 112, 204" }, "geometry": { "type": "LineString", "coordinates": [ [ 11.40855584117557, 44.469832316290343 ], [ 11.407593353501264, 44.468813585093088 ] ] } },
{ "type": "Feature", "properties": { "CITY_NAME": "SAN_LAZZARO_DI_SAVENA", "strokeColor": "#B3B3B3", "RGB": "179, 179, 179" }, "geometry": { "type": "LineString", "coordinates": [ [ 11.419639803339834, 44.45894346870201 ], [ 11.41948433639593, 44.459113437618569 ], [ 11.419072725349121, 44.459661457729915 ], [ 11.418974285590995, 44.459803952270278 ] ] } },
{ "type": "Feature", "properties": { "CITY_NAME": "SAN_LAZZARO_DI_SAVENA", "strokeColor": "#B3B3B3", "RGB": "179, 179, 179" }, "geometry": { "type": "LineString", "coordinates": [ [ 11.414383840491871, 44.450637339669818 ], [ 11.414347949661041, 44.450627278509771 ], [ 11.414310322091476, 44.450621307055627 ], [ 11.414271857302918, 44.45061956922892 ], [ 11.414233479469157, 44.450622105800889 ], [ 11.414196108611625, 44.450628856802368 ], [ 11.414160640397645, 44.450639659250093 ] ] } },
{ "type": "Feature", "properties": { "CITY_NAME": "SAN_LAZZARO_DI_SAVENA", "strokeColor": "#B770CC", "RGB": "183, 112, 204" }, "geometry": { "type": "LineString", "coordinates": [ [ 11.407463230491198, 44.470972712645882 ], [ 11.407695196039404, 44.47088062908805 ], [ 11.408431528083929, 44.470598646645357 ] ] } },
{ "type": "Feature", "properties": { "CITY_NAME": "SAN_LAZZARO_DI_SAVENA", "strokeColor": "#CACC70", "RGB": "202, 204, 112" }, "geometry": { "type": "LineString", "coordinates": [ [ 11.413636229185146, 44.473629982601373 ], [ 11.414340874821013, 44.473310904871504 ] ] } },
{ "type": "Feature", "properties": { "CITY_NAME": "SAN_LAZZARO_DI_SAVENA", "strokeColor": "#CACC70", "RGB": "202, 204, 112" }, "geometry": { "type": "LineString", "coordinates": [ [ 11.415618100411006, 44.449396081053024 ], [ 11.417529608109549, 44.448397036905142 ] ] } },
{ "type": "Feature", "properties": { "CITY_NAME": "SAN_LAZZARO_DI_SAVENA", "strokeColor": "#B3B3B3", "RGB": "179, 179, 179" }, "geometry": { "type": "LineString", "coordinates": [ [ 11.422104190504134, 44.465393067967611 ], [ 11.422037769486877, 44.465294032444845 ], [ 11.421985755193861, 44.46520951671296 ], [ 11.421959300241625, 44.465114531481376 ], [ 11.421952131243179, 44.464983151806472 ], [ 11.42196137823497, 44.464913467140235 ], [ 11.422021881534581, 44.464784374212741 ], [ 11.422110507042513, 44.464706801575311 ], [ 11.422217790294441, 44.464678901900065 ], [ 11.42237026490511, 44.464619391939728 ], [ 11.422456093784879, 44.46455800926234 ], [ 11.422710955343165, 44.464246207271131 ], [ 11.423040064375332, 44.463889198429406 ], [ 11.423386910174498, 44.463561692658139 ], [ 11.423803210407804, 44.463116813223792 ], [ 11.424032822816718, 44.462923899933195 ], [ 11.424084241787851, 44.462888455842993 ] ] } },
{ "type": "Feature", "properties": { "CITY_NAME": "SAN_LAZZARO_DI_SAVENA", "strokeColor": "#70CC81", "RGB": "112, 204, 129" }, "geometry": { "type": "LineString", "coordinates": [ [ 11.426940183098965, 44.463626692866072 ], [ 11.427371501010947, 44.463451489362981 ], [ 11.427865476541808, 44.463267452404907 ], [ 11.428350199024587, 44.463072769197467 ] ] } },
{ "type": "Feature", "properties": { "CITY_NAME": "SAN_LAZZARO_DI_SAVENA", "strokeColor": "#CACC70", "RGB": "202, 204, 112" }, "geometry": { "type": "LineString", "coordinates": [ [ 11.412733360560921, 44.44751250124903 ], [ 11.412811017623429, 44.447577950214679 ], [ 11.412870475634472, 44.447654377208615 ], [ 11.412904444028456, 44.447770183937614 ], [ 11.412939266057881, 44.447856095559779 ], [ 11.413025935891215, 44.447934934341859 ], [ 11.413111067440068, 44.447976457237111 ], [ 11.413190678745567, 44.447985230841368 ], [ 11.413304784196434, 44.447967554620462 ], [ 11.413385088239007, 44.4479194149798 ], [ 11.413476965898575, 44.447849595309172 ], [ 11.413556672451842, 44.447726447406247 ], [ 11.413603623831717, 44.447595059597987 ], [ 11.413583601363946, 44.447472233240951 ] ] } },
{ "type": "Feature", "properties": { "CITY_NAME": "SAN_LAZZARO_DI_SAVENA", "strokeColor": "#70CC81", "RGB": "112, 204, 129" }, "geometry": { "type": "LineString", "coordinates": [ [ 11.409243082409903, 44.466910613256871 ], [ 11.408908280256751, 44.466574157280611 ], [ 11.408730951974864, 44.466399276600391 ], [ 11.408502946520727, 44.466208200582898 ], [ 11.408306818382389, 44.466086359574625 ], [ 11.408094441442351, 44.465990928072955 ] ] } },
{ "type": "Feature", "properties": { "CITY_NAME": "SAN_LAZZARO_DI_SAVENA", "strokeColor": "#B770CC", "RGB": "183, 112, 204" }, "geometry": { "type": "LineString", "coordinates": [ [ 11.416226083385821, 44.46755975797214 ], [ 11.416164940720336, 44.467618911034045 ], [ 11.416074524913416, 44.467685993768598 ], [ 11.41589186254061, 44.467776760171958 ] ] } },
{ "type": "Feature", "properties": { "CITY_NAME": "SAN_LAZZARO_DI_SAVENA", "strokeColor": "#CACC70", "RGB": "202, 204, 112" }, "geometry": { "type": "LineString", "coordinates": [ [ 11.361697384793567, 44.446395935420746 ], [ 11.361179300641286, 44.446764735497531 ], [ 11.361043060016454, 44.446750247614624 ] ] } },
{ "type": "Feature", "properties": { "CITY_NAME": "SAN_LAZZARO_DI_SAVENA", "strokeColor": "#B3B3B3", "RGB": "179, 179, 179" }, "geometry": { "type": "LineString", "coordinates": [ [ 11.405816853009505, 44.457757099687441 ], [ 11.405845140557393, 44.457767060888479 ], [ 11.405875362725039, 44.457773476586645 ], [ 11.405906659705186, 44.457776162342846 ], [ 11.405938143508614, 44.457775043244688 ], [ 11.405968915436306, 44.457770150837383 ], [ 11.405998102574861, 44.457761624155161 ], [ 11.406024873938859, 44.457749704879518 ], [ 11.406048466734068, 44.457734734084681 ], [ 11.406068212066021, 44.457717135490796 ], [ 11.406083547314115, 44.457697410701449 ] ] } },
{ "type": "Feature", "properties": { "CITY_NAME": "SAN_LAZZARO_DI_SAVENA", "strokeColor": "#CACC70", "RGB": "202, 204, 112" }, "geometry": { "type": "LineString", "coordinates": [ [ 11.414620403909776, 44.449419297703706 ], [ 11.415318900569709, 44.449049265779827 ], [ 11.415618100411006, 44.449396081053024 ] ] } },
{ "type": "Feature", "properties": { "CITY_NAME": "SAN_LAZZARO_DI_SAVENA", "strokeColor": "#B770CC", "RGB": "183, 112, 204" }, "geometry": { "type": "LineString", "coordinates": [ [ 11.40522213100293, 44.471835482827437 ], [ 11.406421482447261, 44.471382272172818 ] ] } },
{ "type": "Feature", "properties": { "CITY_NAME": "SAN_LAZZARO_DI_SAVENA", "strokeColor": "#70CC81", "RGB": "112, 204, 129" }, "geometry": { "type": "LineString", "coordinates": [ [ 11.411272153247058, 44.465325248222697 ], [ 11.41167126770292, 44.465756297469831 ], [ 11.412062882277915, 44.466215428968681 ] ] } },
{ "type": "Feature", "properties": { "CITY_NAME": "SAN_LAZZARO_DI_SAVENA", "strokeColor": "#B3B3B3", "RGB": "179, 179, 179" }, "geometry": { "type": "LineString", "coordinates": [ [ 11.377599736880581, 44.458561431046824 ], [ 11.377066528507829, 44.458465158430499 ], [ 11.37700893131422, 44.45841035783635 ], [ 11.376483838966042, 44.457798925345294 ] ] } },
{ "type": "Feature", "properties": { "CITY_NAME": "SAN_LAZZARO_DI_SAVENA", "strokeColor": "#CACC70", "RGB": "202, 204, 112" }, "geometry": { "type": "LineString", "coordinates": [ [ 11.406189307038987, 44.455354031370746 ], [ 11.406242947091185, 44.455138124997241 ], [ 11.406313743155549, 44.454871614178664 ], [ 11.406424489879473, 44.454530301825351 ], [ 11.40659685592448, 44.454119625009625 ] ] } },
{ "type": "Feature", "properties": { "CITY_NAME": "SAN_LAZZARO_DI_SAVENA", "strokeColor": "#CACC70", "RGB": "202, 204, 112" }, "geometry": { "type": "LineString", "coordinates": [ [ 11.39381875507202, 44.456200797184877 ], [ 11.393894349545146, 44.456331933174511 ], [ 11.39393219334406, 44.456386353568945 ], [ 11.393962588003374, 44.456430797712258 ] ] } },
{ "type": "Feature", "properties": { "CITY_NAME": "SAN_LAZZARO_DI_SAVENA", "strokeColor": "#CACC70", "RGB": "202, 204, 112" }, "geometry": { "type": "LineString", "coordinates": [ [ 11.388771091554991, 44.452293884981607 ], [ 11.389325968795337, 44.452857809793358 ], [ 11.389926147588985, 44.453531053967112 ], [ 11.39035492617794, 44.454034634780363 ], [ 11.390437331696605, 44.454111591293703 ], [ 11.390585150815747, 44.454227861675363 ], [ 11.390841443277134, 44.454380067205207 ], [ 11.391008436278595, 44.454451536275172 ], [ 11.391114928565687, 44.454477806213916 ], [ 11.391212489844939, 44.454489187328477 ], [ 11.391323050727946, 44.454469527748415 ], [ 11.391588367631222, 44.454406149197645 ], [ 11.391715776846063, 44.454391504520949 ], [ 11.391810913276183, 44.454411403803213 ], [ 11.391950389700611, 44.454459285871515 ], [ 11.392387355777833, 44.454686587521792 ], [ 11.393021555594609, 44.454994331812635 ], [ 11.393107318824153, 44.455043252023522 ], [ 11.39317685473692, 44.455095537253243 ], [ 11.393232082437542, 44.455157734521606 ], [ 11.393274656176986, 44.455220036812392 ], [ 11.393308391258399, 44.45527993704026 ] ] } },
{ "type": "Feature", "properties": { "CITY_NAME": "SAN_LAZZARO_DI_SAVENA", "strokeColor": "#CACC70", "RGB": "202, 204, 112" }, "geometry": { "type": "LineString", "coordinates": [ [ 11.398100874448927, 44.45153137679565 ], [ 11.398090771057159, 44.451725690331557 ], [ 11.398086822591228, 44.451886581021853 ], [ 11.398089615779334, 44.451954768607095 ], [ 11.398103924974842, 44.451991727202603 ], [ 11.398138968724655, 44.452020407110815 ], [ 11.39819439715148, 44.452050618630487 ], [ 11.398542609630109, 44.452172729011941 ], [ 11.399118886658853, 44.452386919127505 ], [ 11.399176714756122, 44.452402175875811 ], [ 11.399241101530205, 44.452412195655135 ], [ 11.399303662846897, 44.452414409772302 ], [ 11.399375629820215, 44.452407404620516 ], [ 11.39945255720686, 44.45239284367851 ], [ 11.399515723841473, 44.452373081232828 ], [ 11.399589559619086, 44.452338189720031 ], [ 11.399657231996212, 44.452281463999562 ], [ 11.399698568550411, 44.452224899351975 ], [ 11.399709649015396, 44.452183091361718 ], [ 11.399707995199158, 44.452142727712975 ], [ 11.399695716755968, 44.452100235024432 ], [ 11.399666158731089, 44.452058497192318 ], [ 11.39962794492542, 44.452025963745811 ], [ 11.399564995014735, 44.45199591012949 ] ] } },
{ "type": "Feature", "properties": { "CITY_NAME": "SAN_LAZZARO_DI_SAVENA", "strokeColor": "#CACC70", "RGB": "202, 204, 112" }, "geometry": { "type": "LineString", "coordinates": [ [ 11.409398595827712, 44.451047298773112 ], [ 11.409665441218566, 44.451033318063104 ] ] } },
{ "type": "Feature", "properties": { "CITY_NAME": "SAN_LAZZARO_DI_SAVENA", "strokeColor": "#CACC70", "RGB": "202, 204, 112" }, "geometry": { "type": "LineString", "coordinates": [ [ 11.407501982151501, 44.45119199979154 ], [ 11.407455731143088, 44.451130392519232 ], [ 11.407427245544614, 44.451059278293592 ], [ 11.407504711343572, 44.45052150620451 ], [ 11.40764211405323, 44.449632273686611 ], [ 11.407703386215781, 44.449421394603128 ], [ 11.407757783167668, 44.449340970045363 ], [ 11.407869768939227, 44.449300334136453 ], [ 11.408121406146071, 44.449254016272391 ], [ 11.408515477663663, 44.44918464384407 ] ] } },
{ "type": "Feature", "properties": { "CITY_NAME": "SAN_LAZZARO_DI_SAVENA", "strokeColor": "#CACC70", "RGB": "202, 204, 112" }, "geometry": { "type": "LineString", "coordinates": [ [ 11.40659685592448, 44.454119625009625 ], [ 11.406865947404762, 44.453613761019575 ], [ 11.407087288808862, 44.453139554513236 ], [ 11.407234753866829, 44.452668624067599 ], [ 11.40734527367629, 44.451821208236822 ], [ 11.407362233843294, 44.451654201935661 ] ] } },
{ "type": "Feature", "properties": { "CITY_NAME": "SAN_LAZZARO_DI_SAVENA", "strokeColor": "#CACC70", "RGB": "202, 204, 112" }, "geometry": { "type": "LineString", "coordinates": [ [ 11.444499054160678, 44.460095513789831 ], [ 11.444297590641078, 44.459575438968159 ], [ 11.443679237467387, 44.45835435070633 ], [ 11.44336669094773, 44.45790702823944 ], [ 11.443352042265582, 44.45784988527123 ] ] } },
{ "type": "Feature", "properties": { "CITY_NAME": "SAN_LAZZARO_DI_SAVENA", "strokeColor": "#B3B3B3", "RGB": "179, 179, 179" }, "geometry": { "type": "LineString", "coordinates": [ [ 11.444394394480346, 44.45671071859605 ], [ 11.444235262317861, 44.456498017289086 ], [ 11.444080906843741, 44.456330498466123 ], [ 11.443519071304712, 44.455790492097925 ] ] } },
{ "type": "Feature", "properties": { "CITY_NAME": "SAN_LAZZARO_DI_SAVENA", "strokeColor": "#CACC70", "RGB": "202, 204, 112" }, "geometry": { "type": "LineString", "coordinates": [ [ 11.397584060762872, 44.461945606614442 ], [ 11.397534140263298, 44.461907474795204 ] ] } },
{ "type": "Feature", "properties": { "CITY_NAME": "SAN_LAZZARO_DI_SAVENA", "strokeColor": "#B3B3B3", "RGB": "179, 179, 179" }, "geometry": { "type": "LineString", "coordinates": [ [ 11.426118541732178, 44.46096904925308 ], [ 11.426466538182824, 44.460755388168742 ], [ 11.42663464761722, 44.460612906906114 ], [ 11.426765769610689, 44.460448742989037 ], [ 11.42699175130355, 44.460158135128189 ], [ 11.427040422486947, 44.460087646003736 ] ] } },
{ "type": "Feature", "properties": { "CITY_NAME": "SAN_LAZZARO_DI_SAVENA", "strokeColor": "#70CC81", "RGB": "112, 204, 129" }, "geometry": { "type": "LineString", "coordinates": [ [ 11.416869691122105, 44.473533069025237 ], [ 11.417223256690184, 44.473394584800971 ] ] } },
{ "type": "Feature", "properties": { "CITY_NAME": "SAN_LAZZARO_DI_SAVENA", "strokeColor": "#CACC70", "RGB": "202, 204, 112" }, "geometry": { "type": "LineString", "coordinates": [ [ 11.410636024332108, 44.473662070918721 ], [ 11.410995681376333, 44.4741047223321 ] ] } },
{ "type": "Feature", "properties": { "CITY_NAME": "SAN_LAZZARO_DI_SAVENA", "strokeColor": "#70CC81", "RGB": "112, 204, 129" }, "geometry": { "type": "LineString", "coordinates": [ [ 11.415750974572477, 44.47384377605399 ], [ 11.415832750343576, 44.473940179190258 ], [ 11.416869691122105, 44.473533069025237 ] ] } },
{ "type": "Feature", "properties": { "CITY_NAME": "SAN_LAZZARO_DI_SAVENA", "strokeColor": "#70ACCC", "RGB": "112, 172, 204" }, "geometry": { "type": "LineString", "coordinates": [ [ 11.42113099795163, 44.482944147041039 ], [ 11.421112193696365, 44.482789521276665 ], [ 11.421117899129298, 44.482688943960468 ] ] } },
{ "type": "Feature", "properties": { "CITY_NAME": "SAN_LAZZARO_DI_SAVENA", "strokeColor": "#70ACCC", "RGB": "112, 172, 204" }, "geometry": { "type": "LineString", "coordinates": [ [ 11.434670257700283, 44.461535175176962 ], [ 11.434825958012638, 44.462181420833794 ], [ 11.434651164101254, 44.462222334349448 ] ] } },
{ "type": "Feature", "properties": { "CITY_NAME": "SAN_LAZZARO_DI_SAVENA", "strokeColor": "#70CC81", "RGB": "112, 204, 129" }, "geometry": { "type": "LineString", "coordinates": [ [ 11.409184572085623, 44.461309608362207 ], [ 11.409480958687578, 44.46188873724126 ] ] } },
{ "type": "Feature", "properties": { "CITY_NAME": "SAN_LAZZARO_DI_SAVENA", "strokeColor": "#B3B3B3", "RGB": "179, 179, 179" }, "geometry": { "type": "LineString", "coordinates": [ [ 11.414185302876779, 44.462893953785986 ], [ 11.414196180382465, 44.462863591078268 ], [ 11.414221149222321, 44.46284205720238 ], [ 11.414250644117672, 44.462828128435923 ] ] } },
{ "type": "Feature", "properties": { "CITY_NAME": "SAN_LAZZARO_DI_SAVENA", "strokeColor": "#B3B3B3", "RGB": "179, 179, 179" }, "geometry": { "type": "LineString", "coordinates": [ [ 11.446992204716198, 44.444873530739478 ], [ 11.446961868709765, 44.444779584032311 ], [ 11.446948243136971, 44.444716810844426 ], [ 11.446956735371449, 44.444656718059555 ], [ 11.446987414785486, 44.444600877846604 ], [ 11.447037357887137, 44.444532011979895 ] ] } },
{ "type": "Feature", "properties": { "CITY_NAME": "SAN_LAZZARO_DI_SAVENA", "strokeColor": "#CACC70", "RGB": "202, 204, 112" }, "geometry": { "type": "LineString", "coordinates": [ [ 11.413131607208301, 44.475072872621965 ], [ 11.41444665446881, 44.474538810171772 ] ] } },
{ "type": "Feature", "properties": { "CITY_NAME": "SAN_LAZZARO_DI_SAVENA", "strokeColor": "#B3B3B3", "RGB": "179, 179, 179" }, "geometry": { "type": "LineString", "coordinates": [ [ 11.44666567100499, 44.444069130461806 ], [ 11.446542046590464, 44.444129151216153 ] ] } },
{ "type": "Feature", "properties": { "CITY_NAME": "SAN_LAZZARO_DI_SAVENA", "strokeColor": "#70ACCC", "RGB": "112, 172, 204" }, "geometry": { "type": "LineString", "coordinates": [ [ 11.415835590584519, 44.47792591393268 ], [ 11.415750053191905, 44.477935960653838 ], [ 11.415371083399995, 44.478087682252614 ], [ 11.415290869856969, 44.478148609389734 ], [ 11.415255842077091, 44.478231768405223 ], [ 11.415257270597069, 44.478295834869179 ], [ 11.415263349698314, 44.47832707849372 ] ] } },
{ "type": "Feature", "properties": { "CITY_NAME": "SAN_LAZZARO_DI_SAVENA", "strokeColor": "#B3B3B3", "RGB": "179, 179, 179" }, "geometry": { "type": "LineString", "coordinates": [ [ 11.442393225881025, 44.482334401064364 ], [ 11.442916475194256, 44.482329502338942 ] ] } },
{ "type": "Feature", "properties": { "CITY_NAME": "SAN_LAZZARO_DI_SAVENA", "strokeColor": "#B770CC", "RGB": "183, 112, 204" }, "geometry": { "type": "LineString", "coordinates": [ [ 11.402068801968792, 44.473031740668091 ], [ 11.402430715614667, 44.472890259283943 ], [ 11.402677765569237, 44.472793682268829 ] ] } },
{ "type": "Feature", "properties": { "CITY_NAME": "SAN_LAZZARO_DI_SAVENA", "strokeColor": "#70CC81", "RGB": "112, 204, 129" }, "geometry": { "type": "LineString", "coordinates": [ [ 11.442547608050198, 44.457345708950719 ], [ 11.444069158568952, 44.45682186640893 ] ] } },
{ "type": "Feature", "properties": { "CITY_NAME": "SAN_LAZZARO_DI_SAVENA", "strokeColor": "#70CC81", "RGB": "112, 204, 129" }, "geometry": { "type": "LineString", "coordinates": [ [ 11.410653440657352, 44.464632592789172 ], [ 11.411051996926773, 44.46508743644943 ], [ 11.411272153247058, 44.465325248222697 ] ] } },
{ "type": "Feature", "properties": { "CITY_NAME": "SAN_LAZZARO_DI_SAVENA", "strokeColor": "#B3B3B3", "RGB": "179, 179, 179" }, "geometry": { "type": "LineString", "coordinates": [ [ 11.408005750942801, 44.464126170707061 ], [ 11.407513527668755, 44.463553574124006 ] ] } },
{ "type": "Feature", "properties": { "CITY_NAME": "SAN_LAZZARO_DI_SAVENA", "strokeColor": "#B3B3B3", "RGB": "179, 179, 179" }, "geometry": { "type": "LineString", "coordinates": [ [ 11.408542695209398, 44.463878234175631 ], [ 11.408067687673032, 44.463306168882617 ] ] } },
{ "type": "Feature", "properties": { "CITY_NAME": "SAN_LAZZARO_DI_SAVENA", "strokeColor": "#70ACCC", "RGB": "112, 172, 204" }, "geometry": { "type": "LineString", "coordinates": [ [ 11.430492174881493, 44.467469087353109 ], [ 11.431453612432797, 44.467102923875743 ] ] } },
{ "type": "Feature", "properties": { "CITY_NAME": "SAN_LAZZARO_DI_SAVENA", "strokeColor": "#B3B3B3", "RGB": "179, 179, 179" }, "geometry": { "type": "LineString", "coordinates": [ [ 11.424159763733323, 44.462836401393623 ], [ 11.424416569698657, 44.462681288879786 ], [ 11.424705812037283, 44.462467147148502 ], [ 11.425282286330166, 44.462026594905375 ] ] } },
{ "type": "Feature", "properties": { "CITY_NAME": "SAN_LAZZARO_DI_SAVENA", "strokeColor": "#CACC70", "RGB": "202, 204, 112" }, "geometry": { "type": "LineString", "coordinates": [ [ 11.397067311107605, 44.44905708347757 ], [ 11.397004239229572, 44.448474199713658 ], [ 11.396991559360233, 44.448166917835884 ], [ 11.396987188192956, 44.447986940644022 ] ] } },
{ "type": "Feature", "properties": { "CITY_NAME": "SAN_LAZZARO_DI_SAVENA", "strokeColor": "#B3B3B3", "RGB": "179, 179, 179" }, "geometry": { "type": "LineString", "coordinates": [ [ 11.395084175200553, 44.445105205733654 ], [ 11.395027559027952, 44.445065011146696 ], [ 11.394982820468506, 44.445016590994335 ], [ 11.394940216855659, 44.444945816583406 ], [ 11.394914679361007, 44.44484439742287 ], [ 11.394888095764413, 44.444717509217249 ], [ 11.394876394571536, 44.444655622958507 ], [ 11.394860076830517, 44.444555598422546 ], [ 11.394848835093651, 44.444504857696131 ], [ 11.394804171218482, 44.444458034771927 ], [ 11.394719920835895, 44.444413674461693 ], [ 11.394631772462223, 44.444348687076349 ], [ 11.394574651103525, 44.444295768616797 ], [ 11.394499151959868, 44.444166777967986 ], [ 11.394452608415085, 44.444073798163053 ], [ 11.394392433787601, 44.443946070461678 ], [ 11.394316300432344, 44.443801170909964 ], [ 11.394261460653167, 44.443729092719359 ], [ 11.39421025999625, 44.443671274888132 ], [ 11.39413725757044, 44.443602786111981 ], [ 11.394042785471422, 44.443533134279313 ], [ 11.393982869851797, 44.443488191943523 ], [ 11.393931206941668, 44.443420771554507 ], [ 11.393858534222149, 44.443288430722866 ], [ 11.393530712823368, 44.442826367798645 ], [ 11.393448701250279, 44.442690922135334 ], [ 11.393406170815469, 44.442623233497564 ], [ 11.393369483338196, 44.442549041263405 ], [ 11.393333545858898, 44.442419007881433 ], [ 11.393285725140659, 44.442297202668726 ], [ 11.393237377674962, 44.442162650826006 ], [ 11.393188569862339, 44.442016946228854 ], [ 11.393157494783944, 44.441856510632775 ], [ 11.393146716131911, 44.441743496799134 ], [ 11.393129395292828, 44.441546087052608 ], [ 11.393111550195941, 44.441335930635724 ], [ 11.393108005698359, 44.441294653079019 ] ] } },
{ "type": "Feature", "properties": { "CITY_NAME": "SAN_LAZZARO_DI_SAVENA", "strokeColor": "#70CC81", "RGB": "112, 204, 129" }, "geometry": { "type": "LineString", "coordinates": [ [ 11.415193196382509, 44.475322925482587 ], [ 11.415350198645003, 44.475487765811785 ] ] } },
{ "type": "Feature", "properties": { "CITY_NAME": "SAN_LAZZARO_DI_SAVENA", "strokeColor": "#CACC70", "RGB": "202, 204, 112" }, "geometry": { "type": "LineString", "coordinates": [ [ 11.396400430148921, 44.466975710591313 ], [ 11.396616335475374, 44.466713928187943 ] ] } },
{ "type": "Feature", "properties": { "CITY_NAME": "SAN_LAZZARO_DI_SAVENA", "strokeColor": "#CACC70", "RGB": "202, 204, 112" }, "geometry": { "type": "LineString", "coordinates": [ [ 11.397534140263298, 44.461907474795204 ], [ 11.397298283922554, 44.461752380524871 ], [ 11.396884083774754, 44.461479870643068 ], [ 11.396193195683455, 44.461039886904338 ], [ 11.396025462432593, 44.460940814709502 ], [ 11.395806248441239, 44.460770268808318 ], [ 11.395616628170496, 44.460583364844858 ], [ 11.395268384842204, 44.460155363343297 ], [ 11.394892078258373, 44.459638158240068 ], [ 11.394634192092957, 44.459267827598325 ] ] } },
{ "type": "Feature", "properties": { "CITY_NAME": "SAN_LAZZARO_DI_SAVENA", "strokeColor": "#B3B3B3", "RGB": "179, 179, 179" }, "geometry": { "type": "LineString", "coordinates": [ [ 11.407500296482556, 44.45140718836921 ], [ 11.407526027815345, 44.451415510580723 ], [ 11.407553317946167, 44.451420691301273 ], [ 11.407581425864864, 44.451422590412726 ], [ 11.407609587813571, 44.451421156503329 ], [ 11.407637037416228, 44.45141642734319 ], [ 11.407663029686166, 44.451408532979272 ], [ 11.407686858237382, 44.451397686369432 ], [ 11.407707875413765, 44.451384183858018 ], [ 11.407725510533918, 44.451368390386733 ], [ 11.407739282374644, 44.451350737430403 ], [ 11.407748819704919, 44.451331702757983 ], [ 11.407753861063703, 44.451311805035452 ], [ 11.407754270307485, 44.451291584592177 ], [ 11.407750037310814, 44.451271589902134 ], [ 11.407741274973448, 44.451252365943553 ] ] } },
{ "type": "Feature", "properties": { "CITY_NAME": "SAN_LAZZARO_DI_SAVENA", "strokeColor": "#70CC81", "RGB": "112, 204, 129" }, "geometry": { "type": "LineString", "coordinates": [ [ 11.416333127946096, 44.471530348480265 ], [ 11.414990332381988, 44.470085272057965 ] ] } },
{ "type": "Feature", "properties": { "CITY_NAME": "SAN_LAZZARO_DI_SAVENA", "strokeColor": "#CACC70", "RGB": "202, 204, 112" }, "geometry": { "type": "LineString", "coordinates": [ [ 11.416586063261036, 44.476473026865001 ], [ 11.416674846905982, 44.476395742398431 ], [ 11.416785001279942, 44.47632617886525 ], [ 11.416877587573531, 44.476294337173982 ], [ 11.416979527565353, 44.476278484029947 ], [ 11.417109941311681, 44.47628493228715 ], [ 11.417380613609327, 44.476306096717266 ], [ 11.417517361920702, 44.476303593214773 ], [ 11.417661014100378, 44.476290917132879 ], [ 11.417746324716749, 44.476279282121503 ] ] } },
{ "type": "Feature", "properties": { "CITY_NAME": "SAN_LAZZARO_DI_SAVENA", "strokeColor": "#CACC70", "RGB": "202, 204, 112" }, "geometry": { "type": "LineString", "coordinates": [ [ 11.414672339643658, 44.462635451183154 ], [ 11.414773467870484, 44.462800622892388 ], [ 11.415209466919983, 44.463273333276064 ], [ 11.415484888210194, 44.46356674446173 ], [ 11.415784387874604, 44.463863161821585 ] ] } },
{ "type": "Feature", "properties": { "CITY_NAME": "SAN_LAZZARO_DI_SAVENA", "strokeColor": "#70ACCC", "RGB": "112, 172, 204" }, "geometry": { "type": "LineString", "coordinates": [ [ 11.425971003964078, 44.463983195325916 ], [ 11.426384514624102, 44.464399998781566 ], [ 11.426942758024335, 44.465023812230712 ], [ 11.427369386601407, 44.465518356077823 ], [ 11.427718524316322, 44.465901066647191 ], [ 11.429011964878327, 44.467366418602225 ] ] } },
{ "type": "Feature", "properties": { "CITY_NAME": "SAN_LAZZARO_DI_SAVENA", "strokeColor": "#CACC70", "RGB": "202, 204, 112" }, "geometry": { "type": "LineString", "coordinates": [ [ 11.431078777606638, 44.461998235435104 ], [ 11.430934711296509, 44.461821188196488 ], [ 11.430814444620825, 44.461599973075657 ], [ 11.430719115770422, 44.461416990266116 ], [ 11.430628526434374, 44.461214231232894 ], [ 11.430530618997562, 44.461024364843453 ], [ 11.430038472345801, 44.460293561744784 ], [ 11.429988588311728, 44.460226010206419 ] ] } },
{ "type": "Feature", "properties": { "CITY_NAME": "SAN_LAZZARO_DI_SAVENA", "strokeColor": "#70CC81", "RGB": "112, 204, 129" }, "geometry": { "type": "LineString", "coordinates": [ [ 11.414802216997861, 44.469888030799645 ], [ 11.414778306162608, 44.469897700371583 ], [ 11.414756896916479, 44.469910014201147 ], [ 11.414738551616276, 44.469924646202713 ], [ 11.414723756022404, 44.469941211593621 ], [ 11.414712899423272, 44.469959272715961 ], [ 11.414706267729157, 44.469978354486955 ], [ 11.414704037562126, 44.469997953526445 ], [ 11.414706265506972, 44.470017551887999 ], [ 11.414712893840214, 44.470036634042721 ], [ 11.414723747169289, 44.470054696853289 ], [ 11.414738540525518, 44.470071262906622 ] ] } },
{ "type": "Feature", "properties": { "CITY_NAME": "SAN_LAZZARO_DI_SAVENA", "strokeColor": "#70CC81", "RGB": "112, 204, 129" }, "geometry": { "type": "LineString", "coordinates": [ [ 11.414990332381988, 44.470085272057965 ], [ 11.415008792351484, 44.470070281086997 ], [ 11.415023556527986, 44.470053321109653 ], [ 11.415034223995042, 44.470034852540245 ], [ 11.415040505014158, 44.470015379353946 ], [ 11.415042226599848, 44.469995431863794 ], [ 11.415039343230474, 44.469975552089821 ], [ 11.41503193267094, 44.469956283944406 ], [ 11.415020197556579, 44.469938150692528 ], [ 11.415004457484626, 44.469921646116354 ], [ 11.414985139627142, 44.469907220309977 ], [ 11.414962771893398, 44.469895266320364 ], [ 11.414937963642602, 44.469886109752359 ], [ 11.414911388946084, 44.469879999220304 ], [ 11.414883772584723, 44.469877102143123 ], [ 11.414855868361188, 44.469877497100804 ], [ 11.414828433940871, 44.46988117346659 ], [ 11.414802216997861, 44.469888030799645 ] ] } },
{ "type": "Feature", "properties": { "CITY_NAME": "SAN_LAZZARO_DI_SAVENA", "strokeColor": "#CACC70", "RGB": "202, 204, 112" }, "geometry": { "type": "LineString", "coordinates": [ [ 11.436508668759744, 44.42533391990159 ], [ 11.436443829550598, 44.425438883066022 ], [ 11.436410145973884, 44.42570239151469 ], [ 11.43634877795243, 44.426185151967189 ] ] } },
{ "type": "Feature", "properties": { "CITY_NAME": "SAN_LAZZARO_DI_SAVENA", "strokeColor": "#70CC81", "RGB": "112, 204, 129" }, "geometry": { "type": "LineString", "coordinates": [ [ 11.446082856508536, 44.456172396957726 ], [ 11.446461501617724, 44.456035093964012 ] ] } },
{ "type": "Feature", "properties": { "CITY_NAME": "SAN_LAZZARO_DI_SAVENA", "strokeColor": "#B3B3B3", "RGB": "179, 179, 179" }, "geometry": { "type": "LineString", "coordinates": [ [ 11.457859949720227, 44.451907315536857 ], [ 11.45821196862512, 44.451766107594622 ] ] } },
{ "type": "Feature", "properties": { "CITY_NAME": "SAN_LAZZARO_DI_SAVENA", "strokeColor": "#CACC70", "RGB": "202, 204, 112" }, "geometry": { "type": "LineString", "coordinates": [ [ 11.405984817682654, 44.459604571962586 ], [ 11.406225224340064, 44.459572460787108 ], [ 11.406647799846914, 44.459528821284209 ], [ 11.406813549038736, 44.459509902516047 ], [ 11.406909538395144, 44.459492488630069 ], [ 11.407970470971886, 44.458998401626843 ], [ 11.408008917400915, 44.458953409344339 ], [ 11.407996545405712, 44.458913352080259 ], [ 11.407822396622388, 44.458725083319528 ], [ 11.408598180306662, 44.45835296124325 ], [ 11.40868523286494, 44.458283636242861 ] ] } },
{ "type": "Feature", "properties": { "CITY_NAME": "SAN_LAZZARO_DI_SAVENA", "strokeColor": "#B3B3B3", "RGB": "179, 179, 179" }, "geometry": { "type": "LineString", "coordinates": [ [ 11.405913521853522, 44.457509217721181 ], [ 11.405881362992215, 44.457511188284144 ], [ 11.405850160483824, 44.457517100737498 ], [ 11.405820848542675, 44.457526778747308 ], [ 11.405794306382528, 44.457539931005819 ], [ 11.405771327337707, 44.457556164485595 ], [ 11.405752601613713, 44.457574992905265 ], [ 11.405738687993406, 44.45759585172943 ], [ 11.405730005784557, 44.457618116343511 ], [ 11.40572681291563, 44.457641119620021 ], [ 11.405729205565882, 44.457664173532379 ], [ 11.405737113806158, 44.457686585451619 ], [ 11.405750298938857, 44.457707685210273 ], [ 11.405768366721055, 44.457726841028503 ], [ 11.405790774456342, 44.457743479170944 ], [ 11.405816853009505, 44.457757099687441 ] ] } },
{ "type": "Feature", "properties": { "CITY_NAME": "SAN_LAZZARO_DI_SAVENA", "strokeColor": "#B770CC", "RGB": "183, 112, 204" }, "geometry": { "type": "LineString", "coordinates": [ [ 11.410498939957474, 44.468130944362386 ], [ 11.41034179287934, 44.467970180190491 ] ] } },
{ "type": "Feature", "properties": { "CITY_NAME": "SAN_LAZZARO_DI_SAVENA", "strokeColor": "#B3B3B3", "RGB": "179, 179, 179" }, "geometry": { "type": "LineString", "coordinates": [ [ 11.422723377933439, 44.455548389261509 ], [ 11.422488149964872, 44.455733965997744 ], [ 11.422027263612135, 44.456129794613631 ], [ 11.421457613144424, 44.456659948459624 ], [ 11.421096534348008, 44.457085678378483 ], [ 11.420812788394278, 44.457443992194911 ], [ 11.420575361900632, 44.457856486669755 ] ] } },
{ "type": "Feature", "properties": { "CITY_NAME": "SAN_LAZZARO_DI_SAVENA", "strokeColor": "#B3B3B3", "RGB": "179, 179, 179" }, "geometry": { "type": "LineString", "coordinates": [ [ 11.413462848597732, 44.450829810915074 ], [ 11.413648312847998, 44.450818875642938 ], [ 11.41388687846988, 44.450815280565649 ], [ 11.414029298167872, 44.450824021781763 ] ] } },
{ "type": "Feature", "properties": { "CITY_NAME": "SAN_LAZZARO_DI_SAVENA", "strokeColor": "#B3B3B3", "RGB": "179, 179, 179" }, "geometry": { "type": "LineString", "coordinates": [ [ 11.425343382289267, 44.456987936626142 ], [ 11.424780314416433, 44.456617806536293 ], [ 11.424047737572408, 44.456105972790539 ], [ 11.423527489835312, 44.455702948918322 ], [ 11.423249733435801, 44.455511307261389 ] ] } },
{ "type": "Feature", "properties": { "CITY_NAME": "SAN_LAZZARO_DI_SAVENA", "strokeColor": "#B3B3B3", "RGB": "179, 179, 179" }, "geometry": { "type": "LineString", "coordinates": [ [ 11.422638159114411, 44.455127597532467 ], [ 11.422390020401542, 44.455010443994851 ], [ 11.421179159058401, 44.454523021105921 ], [ 11.420897163318434, 44.454390317366119 ], [ 11.420660961146062, 44.454238728424841 ], [ 11.420437798585384, 44.454093602770293 ], [ 11.419607553604363, 44.453516390443546 ], [ 11.419241417673385, 44.453251063071484 ], [ 11.418775124283222, 44.452929100237569 ], [ 11.416982093586245, 44.45170423031535 ], [ 11.416321352733974, 44.451284977644882 ], [ 11.415883553696672, 44.451091450640511 ], [ 11.415511310361934, 44.450977482849332 ] ] } },
{ "type": "Feature", "properties": { "CITY_NAME": "SAN_LAZZARO_DI_SAVENA", "strokeColor": "#B3B3B3", "RGB": "179, 179, 179" }, "geometry": { "type": "LineString", "coordinates": [ [ 11.4168450576911, 44.467643952948805 ], [ 11.416788515881054, 44.467704757240035 ], [ 11.41669485513437, 44.467754708779069 ], [ 11.416602417276126, 44.467773868831543 ], [ 11.41650753456496, 44.467775467858104 ] ] } },
{ "type": "Feature", "properties": { "CITY_NAME": "SAN_LAZZARO_DI_SAVENA", "strokeColor": "#B3B3B3", "RGB": "179, 179, 179" }, "geometry": { "type": "LineString", "coordinates": [ [ 11.416671194890089, 44.467322118395195 ], [ 11.416757445371225, 44.46735612186329 ], [ 11.416828106740736, 44.467415483480536 ], [ 11.41687299235743, 44.467496645958775 ], [ 11.416877356680732, 44.467575889061152 ] ] } },
{ "type": "Feature", "properties": { "CITY_NAME": "SAN_LAZZARO_DI_SAVENA", "strokeColor": "#B3B3B3", "RGB": "179, 179, 179" }, "geometry": { "type": "LineString", "coordinates": [ [ 11.416877356680732, 44.467575889061152 ], [ 11.4168450576911, 44.467643952948805 ] ] } },
{ "type": "Feature", "properties": { "CITY_NAME": "SAN_LAZZARO_DI_SAVENA", "strokeColor": "#B3B3B3", "RGB": "179, 179, 179" }, "geometry": { "type": "LineString", "coordinates": [ [ 11.416226083385821, 44.46755975797214 ], [ 11.416234930113042, 44.467485747505499 ], [ 11.416265760057744, 44.467425631780245 ] ] } },
{ "type": "Feature", "properties": { "CITY_NAME": "SAN_LAZZARO_DI_SAVENA", "strokeColor": "#B3B3B3", "RGB": "179, 179, 179" }, "geometry": { "type": "LineString", "coordinates": [ [ 11.421646052705976, 44.482468829208607 ], [ 11.42146285596383, 44.482436549397335 ], [ 11.421344379427614, 44.482394859855816 ], [ 11.421217777661374, 44.48234045172417 ] ] } }
]
}
